#
# A fatal error has been detected by the Java Runtime Environment:
#
#  SIGSEGV (0xb) at pc=0x00000001044f0638, pid=42823, tid=29699
#
# JRE version: OpenJDK Runtime Environment Microsoft-10800294 (17.0.14+7) (build 17.0.14+7-LTS)
# Java VM: OpenJDK 64-Bit Server VM Microsoft-10800294 (17.0.14+7-LTS, mixed mode, sharing, tiered, compressed oops, compressed class ptrs, g1 gc, bsd-aarch64)
# Problematic frame:
# V  [libjvm.dylib+0x298638]  Compile::start() const+0xc
#
# No core dump will be written. Core dumps have been disabled. To enable core dumping, try "ulimit -c unlimited" before starting Java again
#
# If you would like to submit a bug report, please visit:
#   https://github.com/microsoft/openjdk/issues
#

---------------  S U M M A R Y ------------

Command Line: --add-opens=java.base/java.util=ALL-UNNAMED --add-opens=java.base/java.lang=ALL-UNNAMED --add-opens=java.base/java.lang.invoke=ALL-UNNAMED --add-opens=java.prefs/java.util.prefs=ALL-UNNAMED --add-opens=java.base/java.nio.charset=ALL-UNNAMED --add-opens=java.base/java.net=ALL-UNNAMED --add-opens=java.base/java.util.concurrent.atomic=ALL-UNNAMED -Xmx2048m -Dfile.encoding=UTF-8 -Duser.country=CN -Duser.language=zh -Duser.variant -javaagent:/Users/wattledgnata/.gradle/wrapper/dists/gradle-8.7-bin/bhs2wmbdwecv87pi65oeuq5iu/gradle-8.7/lib/agents/gradle-instrumentation-agent-8.7.jar org.gradle.launcher.daemon.bootstrap.GradleDaemon 8.7

Host: "Mac16,10" arm64, 10 cores, 16G, Darwin 25.2.0, macOS 26.2 (25C56)
Time: Tue Mar 17 22:12:15 2026 CST elapsed time: 180.588643 seconds (0d 0h 3m 0s)

---------------  T H R E A D  ---------------

Current thread (0x0000000131909400):  JavaThread "C2 CompilerThread0" daemon [_thread_in_native, id=29699, stack(0x000000016ead4000,0x000000016ecd7000)]


Current CompileTask:
C2: 180588 39124       4       org.jetbrains.org.objectweb.asm.ClassReader::readElementValue (1237 bytes)

Stack: [0x000000016ead4000,0x000000016ecd7000],  sp=0x000000016ecd3740,  free space=2045k
Native frames: (J=compiled Java code, j=interpreted, Vv=VM code, C=native code)
V  [libjvm.dylib+0x298638]  Compile::start() const+0xc
V  [libjvm.dylib+0x6f7c4c]  PhaseMacroExpand::value_from_mem(Node*, Node*, BasicType, Type const*, TypeOopPtr const*, AllocateNode*)+0x64
V  [libjvm.dylib+0x6f94cc]  PhaseMacroExpand::create_scalarized_object_description(AllocateNode*, SafePointNode*)+0x450
V  [libjvm.dylib+0x354384]  ConnectionGraph::reduce_phi_on_safepoints(PhiNode*, Unique_Node_List*)+0x434
V  [libjvm.dylib+0x352dc8]  ConnectionGraph::reduce_phi(PhiNode*)+0x17c
V  [libjvm.dylib+0x34f65c]  ConnectionGraph::compute_escape()+0xd10
V  [libjvm.dylib+0x34e8a4]  ConnectionGraph::do_analysis(Compile*, PhaseIterGVN*)+0xd0
V  [libjvm.dylib+0x299260]  Compile::Optimize()+0x9c0
V  [libjvm.dylib+0x297a5c]  Compile::Compile(ciEnv*, ciMethod*, int, bool, bool, bool, bool, bool, bool, bool, DirectiveSet*)+0xb30
V  [libjvm.dylib+0x29a428]  Compile::Compile(ciEnv*, ciMethod*, int, bool, bool, bool, bool, bool, bool, bool, DirectiveSet*)+0x30
V  [libjvm.dylib+0x204e44]  C2Compiler::compile_method(ciEnv*, ciMethod*, int, bool, DirectiveSet*)+0x12c
V  [libjvm.dylib+0x2a9570]  CompileBroker::invoke_compiler_on_method(CompileTask*)+0x548
V  [libjvm.dylib+0x2a8e7c]  CompileBroker::compiler_thread_loop()+0x3f0
V  [libjvm.dylib+0x9bdd98]  JavaThread::thread_main_inner()+0x15c
V  [libjvm.dylib+0x9bc3b4]  Thread::call_run()+0xcc
V  [libjvm.dylib+0x7d8c84]  thread_native_entry(Thread*)+0x158
C  [libsystem_pthread.dylib+0x6c08]  _pthread_start+0x88


siginfo: si_signo: 11 (SIGSEGV), si_code: 2 (SEGV_ACCERR), si_addr: 0x0000000000000020

Registers:
 x0=0x000000016ecd6078  x1=0x0000000137baeef0  x2=0x0000000000000000  x3=0x0000000000000000
 x4=0x000000013203f908  x5=0x000000032627ba78  x6=0x00000001683862c0  x7=0x0000000000000b83
 x8=0x0000000000000000  x9=0x000000016ecd6518 x10=0x000000032627ba78 x11=0x000000032627ba78
x12=0x0000000137aaeae0 x13=0x0000000000000001 x14=0x0000000000000000 x15=0x0000000137f7d3f8
x16=0x0000000000000040 x17=0x0000600002aa0930 x18=0x0000000000000000 x19=0x000000016ecd38f0
x20=0x00000001683862c0 x21=0x000000032627ba78 x22=0x00000001683862c0 x23=0x000000000000000a
x24=0x000000000000000c x25=0x0000000120244338 x26=0x0000000000000030 x27=0x000000013203f908
x28=0x000000000000000c  fp=0x000000016ecd3740  lr=0x000000010494fc4c  sp=0x000000016ecd3740
pc=0x00000001044f0638 cpsr=0x0000000020000000

Register to memory mapping:

 x0=0x000000016ecd6078 is pointing into the stack for thread: 0x0000000131909400
 x1=0x0000000137baeef0 points into unknown readable memory: 0x0000000104e50890 | 90 08 e5 04 01 00 00 00
 x2=0x0 is NULL
 x3=0x0 is NULL
 x4=0x000000013203f908 points into unknown readable memory: 0x0000000104e8b280 | 80 b2 e8 04 01 00 00 00
 x5=0x000000032627ba78 points into unknown readable memory: 0x0000000104e8b558 | 58 b5 e8 04 01 00 00 00
 x6=0x00000001683862c0 points into unknown readable memory: 0x0000000104e4edf0 | f0 ed e4 04 01 00 00 00
 x7=0x0000000000000b83 is an unknown value
 x8=0x0 is NULL
 x9=0x000000016ecd6518 is pointing into the stack for thread: 0x0000000131909400
x10=0x000000032627ba78 points into unknown readable memory: 0x0000000104e8b558 | 58 b5 e8 04 01 00 00 00
x11=0x000000032627ba78 points into unknown readable memory: 0x0000000104e8b558 | 58 b5 e8 04 01 00 00 00
x12=0x0000000137aaeae0 points into unknown readable memory: 0x0000000000000012 | 12 00 00 00 00 00 00 00
x13=0x0000000000000001 is an unknown value
x14=0x0 is NULL
x15=0x0000000137f7d3f8 points into unknown readable memory: 0x0000000104e81028 | 28 10 e8 04 01 00 00 00
x16=0x0000000000000040 is an unknown value
x17=0x0000600002aa0930 points into unknown readable memory: 0xfffffffffffffffe | fe ff ff ff ff ff ff ff
x18=0x0 is NULL
x19=0x000000016ecd38f0 is pointing into the stack for thread: 0x0000000131909400
x20=0x00000001683862c0 points into unknown readable memory: 0x0000000104e4edf0 | f0 ed e4 04 01 00 00 00
x21=0x000000032627ba78 points into unknown readable memory: 0x0000000104e8b558 | 58 b5 e8 04 01 00 00 00
x22=0x00000001683862c0 points into unknown readable memory: 0x0000000104e4edf0 | f0 ed e4 04 01 00 00 00
x23=0x000000000000000a is an unknown value
x24=0x000000000000000c is an unknown value
x25=0x0000000120244338 points into unknown readable memory: 0x0000000104e7eef0 | f0 ee e7 04 01 00 00 00
x26=0x0000000000000030 is an unknown value
x27=0x000000013203f908 points into unknown readable memory: 0x0000000104e8b280 | 80 b2 e8 04 01 00 00 00
x28=0x000000000000000c is an unknown value


Top of Stack: (sp=0x000000016ecd3740)
0x000000016ecd3740:   000000016ecd3810 000000010494fc4c
0x000000016ecd3750:   0000000120244dc8 000000032627ba78
0x000000016ecd3760:   000000013203f908 00000001378b1230
0x000000016ecd3770:   000000016ecd3780 0000000104c2ae38
0x000000016ecd3780:   000000016ecd37e0 00000001045909c8
0x000000016ecd3790:   000000000000000c 000000013203f908
0x000000016ecd37a0:   000000032627b718 000000000000000a
0x000000016ecd37b0:   0000000137baeef0 000000016ecd38f0
0x000000016ecd37c0:   000000000000000c 000000013203f908
0x000000016ecd37d0:   000000032627b718 000000000000000a
0x000000016ecd37e0:   0000000137baeef0 000000016ecd38f0
0x000000016ecd37f0:   00000001683862c0 0000000000000000
0x000000016ecd3800:   0000000000000000 0000000120244528
0x000000016ecd3810:   000000016ecd38b0 00000001049514cc
0x000000016ecd3820:   0000000104e60528 0000000326237f88
0x000000016ecd3830:   0000000120244528 000000018760b2f8
0x000000016ecd3840:   000000032627b718 0000000137baeef0
0x000000016ecd3850:   0000000000000004 0000000000000000
0x000000016ecd3860:   0000000326439e10 0000000120244528
0x000000016ecd3870:   0000000326237f18 00000001683862c0
0x000000016ecd3880:   0000000000000000 0000000000000001
0x000000016ecd3890:   0000000000000006 000000016ecd6078
0x000000016ecd38a0:   00000001689b4310 00000001379ad538
0x000000016ecd38b0:   000000016ecd39b0 00000001045ac384
0x000000016ecd38c0:   0000000326237d98 0000000137f64b78
0x000000016ecd38d0:   000000016ecd39c8 000000018760b2f8
0x000000016ecd38e0:   0000000326237c58 0000000000000000
0x000000016ecd38f0:   000000000000000f 000000016ecd6078
0x000000016ecd3900:   000000016ecd4930 0000000104c2891c
0x000000016ecd3910:   0000000000000001 0000000127d06480
0x000000016ecd3920:   0000000000000004 0000000000000020
0x000000016ecd3930:   0000600000fa7e70 0000000127d06460 

Instructions: (pc=0x00000001044f0638)
0x00000001044f0538:   b4 0a 00 f9 75 16 04 f9 fd 7b 42 a9 f4 4f 41 a9
0x00000001044f0548:   f6 57 c3 a8 c0 03 5f d6 f4 4f be a9 fd 7b 01 a9
0x00000001044f0558:   fd 43 00 91 f3 03 01 aa c8 4e 00 f0 08 8d 0c 91
0x00000001044f0568:   03 01 40 39 04 00 80 52 8f e2 1c 94 1f 4c 04 a9
0x00000001044f0578:   1f 40 01 39 1f 1c 00 f9 fd 7b 41 a9 f4 4f c2 a8
0x00000001044f0588:   c0 03 5f d6 fd 7b bf a9 fd 03 00 91 fd 7b c1 a8
0x00000001044f0598:   c0 03 5f d6 ff c3 00 d1 f4 4f 01 a9 fd 7b 02 a9
0x00000001044f05a8:   fd 83 00 91 f4 03 01 aa f3 03 00 aa 00 b8 40 f9
0x00000001044f05b8:   02 00 80 52 9b 4f fe 97 60 c2 40 f9 a0 00 00 b4
0x00000001044f05c8:   f4 03 00 f9 21 42 00 d0 21 e8 24 91 b6 43 1f 94
0x00000001044f05d8:   68 c6 40 f9 48 00 00 b5 74 c6 00 f9 74 06 40 f9
0x00000001044f05e8:   19 b1 fd 97 81 c6 40 f9 3f 00 00 eb 20 01 00 54
0x00000001044f05f8:   80 00 00 b4 61 00 00 b4 e1 28 20 94 a0 00 00 34
0x00000001044f0608:   60 06 40 f9 21 05 80 52 23 00 80 52 0b 2e 00 94
0x00000001044f0618:   7f 6a 01 f9 fd 7b 42 a9 f4 4f 41 a9 ff c3 00 91
0x00000001044f0628:   c0 03 5f d6 fd 7b bf a9 fd 03 00 91 08 68 41 f9
0x00000001044f0638:   09 21 40 b9 49 01 00 34 08 09 40 f9 09 0d 09 8b
0x00000001044f0648:   00 85 40 f8 0a 2c 40 b9 4a 0d 00 12 5f 25 00 71
0x00000001044f0658:   80 01 00 54 1f 01 09 eb 43 ff ff 54 21 42 00 d0
0x00000001044f0668:   21 0c 1a 91 23 42 00 d0 63 98 1a 91 00 00 bc 52
0x00000001044f0678:   02 8a 80 52 21 d8 00 94 55 00 15 94 00 00 80 d2
0x00000001044f0688:   fd 7b c1 a8 c0 03 5f d6 ff c3 03 d1 fc 6f 09 a9
0x00000001044f0698:   fa 67 0a a9 f8 5f 0b a9 f6 57 0c a9 f4 4f 0d a9
0x00000001044f06a8:   fd 7b 0e a9 fd 83 03 91 f4 03 01 aa f3 03 00 aa
0x00000001044f06b8:   55 4e 00 f0 b5 e2 36 91 b9 02 40 f9 e0 03 15 aa
0x00000001044f06c8:   20 03 3f d6 08 00 40 f9 16 1d 41 f9 d7 6a 41 a9
0x00000001044f06d8:   db 62 42 a9 61 ca 43 f9 62 ce 43 f9 e0 03 00 91
0x00000001044f06e8:   43 00 80 52 93 e8 15 94 e8 02 40 f9 c8 00 00 b4
0x00000001044f06f8:   e0 03 16 aa e1 03 18 aa fd 67 fa 97 e0 03 17 aa
0x00000001044f0708:   a6 67 fa 97 c8 0e 40 f9 1f 01 1a eb 60 00 00 54
0x00000001044f0718:   d7 6a 01 a9 db 12 00 f9 e0 03 15 aa 20 03 3f d6
0x00000001044f0728:   08 00 40 f9 15 1d 41 f9 b6 62 41 a9 b9 5e 42 a9 


Stack slot to memory mapping:
stack at sp + 0 slots: 0x000000016ecd3810 is pointing into the stack for thread: 0x0000000131909400
stack at sp + 1 slots: 0x000000010494fc4c: _ZN16PhaseMacroExpand14value_from_memEP4NodeS1_9BasicTypePK4TypePK10TypeOopPtrP12AllocateNode+0x64 in /Users/wattledgnata/Library/Java/JavaVirtualMachines/ms-17.0.14/Contents/Home/lib/server/libjvm.dylib at 0x0000000104258000
stack at sp + 2 slots: 0x0000000120244dc8 points into unknown readable memory: 0x0000000104e53d60 | 60 3d e5 04 01 00 00 00
stack at sp + 3 slots: 0x000000032627ba78 points into unknown readable memory: 0x0000000104e8b558 | 58 b5 e8 04 01 00 00 00
stack at sp + 4 slots: 0x000000013203f908 points into unknown readable memory: 0x0000000104e8b280 | 80 b2 e8 04 01 00 00 00
stack at sp + 5 slots: 0x00000001378b1230 points into unknown readable memory: 0x0000000104e8b558 | 58 b5 e8 04 01 00 00 00
stack at sp + 6 slots: 0x000000016ecd3780 is pointing into the stack for thread: 0x0000000131909400
stack at sp + 7 slots: 0x0000000104c2ae38: _ZN4Type3cmpEPKS_S1_+0x24 in /Users/wattledgnata/Library/Java/JavaVirtualMachines/ms-17.0.14/Contents/Home/lib/server/libjvm.dylib at 0x0000000104258000


---------------  P R O C E S S  ---------------

Threads class SMR info:
_java_thread_list=0x000060000046ada0, length=169, elements={
0x000000013180e400, 0x0000000131904e00, 0x0000000132009e00, 0x0000000131907a00,
0x0000000131908800, 0x0000000131908e00, 0x0000000131909400, 0x0000000131909a00,
0x0000000131917800, 0x000000013190e000, 0x000000013200c000, 0x00000001319ebe00,
0x00000001173f4e00, 0x0000000117657a00, 0x0000000121e76e00, 0x000000013190e600,
0x0000000121e73a00, 0x0000000126183a00, 0x0000000121fca000, 0x0000000124813c00,
0x0000000131b3a200, 0x0000000131b51000, 0x0000000132781400, 0x00000001320af800,
0x0000000132678200, 0x0000000131964600, 0x0000000126199a00, 0x000000012507e000,
0x00000001268efc00, 0x00000001268c8400, 0x0000000125087800, 0x0000000132778800,
0x000000012080bc00, 0x000000013276d000, 0x000000012685ea00, 0x0000000125067400,
0x0000000132494c00, 0x00000001170aa000, 0x00000001268c7400, 0x0000000126862200,
0x0000000126862800, 0x0000000126862e00, 0x0000000126863400, 0x000000012685ca00,
0x000000012685d000, 0x000000012685d600, 0x000000012685dc00, 0x0000000120809a00,
0x000000012080a000, 0x0000000124856400, 0x0000000124812a00, 0x0000000124808200,
0x0000000120c62000, 0x0000000120c62600, 0x0000000127095600, 0x0000000127094200,
0x0000000127306c00, 0x00000001274e0600, 0x0000000125869a00, 0x000000012480ec00,
0x000000013209c400, 0x0000000125067a00, 0x0000000125202000, 0x0000000127808200,
0x0000000127808800, 0x0000000127808e00, 0x00000001250ca800, 0x00000001251b6800,
0x00000001257fee00, 0x00000001257ff400, 0x0000000121885200, 0x0000000124890a00,
0x0000000125821800, 0x0000000121e74a00, 0x0000000121e75000, 0x0000000131d9ca00,
0x0000000124891000, 0x0000000127929c00, 0x0000000126a30a00, 0x0000000132676400,
0x000000013207fe00, 0x00000001256ffe00, 0x0000000125708c00, 0x000000012003c800,
0x0000000124809200, 0x0000000125747200, 0x0000000117699600, 0x0000000127a3de00,
0x000000012004b000, 0x00000001173f4600, 0x0000000132662e00, 0x0000000127926e00,
0x000000012791c000, 0x0000000132080400, 0x00000001279d2a00, 0x0000000127927400,
0x0000000127927a00, 0x0000000127a50200, 0x0000000127a50800, 0x0000000126808c00,
0x0000000124894600, 0x000000012005f200, 0x0000000124809800, 0x0000000127161a00,
0x00000001173a4200, 0x0000000124893800, 0x0000000124893e00, 0x000000012498d800,
0x0000000126ea4800, 0x0000000126b18600, 0x0000000126ea1600, 0x0000000126ea1c00,
0x000000012578ac00, 0x000000012578b200, 0x000000012578b800, 0x00000001200ac200,
0x0000000120089800, 0x000000012702f200, 0x000000012702f800, 0x000000012708a800,
0x000000012729c000, 0x0000000124937000, 0x000000012004e200, 0x000000012004e800,
0x000000012004ee00, 0x00000001200a8600, 0x00000001200a8c00, 0x00000001200a9800,
0x00000001200a9200, 0x00000001200a9e00, 0x00000001200aba00, 0x00000001271adc00,
0x00000001270ed000, 0x00000001270eca00, 0x0000000131916600, 0x0000000131965000,
0x0000000121883400, 0x00000001200ab400, 0x0000000120213400, 0x00000001320e0e00,
0x00000001320e3c00, 0x00000001270ed600, 0x0000000127088e00, 0x0000000124939e00,
0x0000000124939800, 0x000000012493a400, 0x000000012493b400, 0x0000000127088800,
0x0000000117652a00, 0x0000000131965600, 0x0000000131b5e200, 0x0000000121881200,
0x000000012493ba00, 0x0000000120ca3400, 0x0000000126df4800, 0x0000000120211200,
0x000000012780a400, 0x00000001254dc000, 0x00000001256f5000, 0x0000000117656a00,
0x00000001256f5600, 0x00000001256f2600, 0x0000000131a32a00, 0x0000000126df5400,
0x000000012480cc00, 0x0000000125387400, 0x0000000125388800, 0x0000000126dee200,
0x000000012538b600
}

Java Threads: ( => current thread )
  0x000000013180e400 JavaThread "main" [_thread_blocked, id=4611, stack(0x000000016d12c000,0x000000016d32f000)]
  0x0000000131904e00 JavaThread "Reference Handler" daemon [_thread_blocked, id=23811, stack(0x000000016df80000,0x000000016e183000)]
  0x0000000132009e00 JavaThread "Finalizer" daemon [_thread_blocked, id=32003, stack(0x000000016e18c000,0x000000016e38f000)]
  0x0000000131907a00 JavaThread "Signal Dispatcher" daemon [_thread_blocked, id=30723, stack(0x000000016e4b0000,0x000000016e6b3000)]
  0x0000000131908800 JavaThread "Service Thread" daemon [_thread_blocked, id=30467, stack(0x000000016e6bc000,0x000000016e8bf000)]
  0x0000000131908e00 JavaThread "Monitor Deflation Thread" daemon [_thread_blocked, id=30211, stack(0x000000016e8c8000,0x000000016eacb000)]
=>0x0000000131909400 JavaThread "C2 CompilerThread0" daemon [_thread_in_native, id=29699, stack(0x000000016ead4000,0x000000016ecd7000)]
  0x0000000131909a00 JavaThread "C1 CompilerThread0" daemon [_thread_blocked, id=29443, stack(0x000000016ece0000,0x000000016eee3000)]
  0x0000000131917800 JavaThread "Sweeper thread" daemon [_thread_blocked, id=27395, stack(0x000000016eeec000,0x000000016f0ef000)]
  0x000000013190e000 JavaThread "Common-Cleaner" daemon [_thread_blocked, id=29187, stack(0x000000016f0f8000,0x000000016f2fb000)]
  0x000000013200c000 JavaThread "Notification Thread" daemon [_thread_blocked, id=27907, stack(0x000000016f304000,0x000000016f507000)]
  0x00000001319ebe00 JavaThread "Daemon health stats" [_thread_blocked, id=41731, stack(0x0000000170158000,0x000000017035b000)]
  0x00000001173f4e00 JavaThread "Incoming local TCP Connector on port 56054" [_thread_in_native, id=41219, stack(0x0000000170364000,0x0000000170567000)]
  0x0000000117657a00 JavaThread "Daemon periodic checks" [_thread_blocked, id=40707, stack(0x0000000170570000,0x0000000170773000)]
  0x0000000121e76e00 JavaThread "Cache worker for journal cache (/Users/wattledgnata/.gradle/caches/journal-1)" [_thread_blocked, id=38147, stack(0x00000001715d0000,0x00000001717d3000)]
  0x000000013190e600 JavaThread "File lock request listener" [_thread_in_native, id=35587, stack(0x00000001717dc000,0x00000001719df000)]
  0x0000000121e73a00 JavaThread "Cache worker for file hash cache (/Users/wattledgnata/.gradle/caches/8.7/fileHashes)" [_thread_blocked, id=36099, stack(0x00000001719e8000,0x0000000171beb000)]
  0x0000000126183a00 JavaThread "File watcher server" daemon [_thread_in_native, id=37379, stack(0x0000000171e00000,0x0000000172003000)]
  0x0000000121fca000 JavaThread "File watcher consumer" daemon [_thread_blocked, id=65027, stack(0x000000017200c000,0x000000017220f000)]
  0x0000000124813c00 JavaThread "Cache worker for file content cache (/Users/wattledgnata/.gradle/caches/8.7/fileContent)" [_thread_blocked, id=45571, stack(0x000000017306c000,0x000000017326f000)]
  0x0000000131b3a200 JavaThread "jar transforms" [_thread_blocked, id=62723, stack(0x0000000173278000,0x000000017347b000)]
  0x0000000131b51000 JavaThread "jar transforms Thread 2" [_thread_blocked, id=62467, stack(0x0000000173484000,0x0000000173687000)]
  0x0000000132781400 JavaThread "jar transforms Thread 3" [_thread_blocked, id=47119, stack(0x000000017389c000,0x0000000173a9f000)]
  0x00000001320af800 JavaThread "jar transforms Thread 4" [_thread_blocked, id=72195, stack(0x0000000319894000,0x0000000319a97000)]
  0x0000000132678200 JavaThread "jar transforms Thread 5" [_thread_blocked, id=72707, stack(0x0000000319aa0000,0x0000000319ca3000)]
  0x0000000131964600 JavaThread "Memory manager" [_thread_blocked, id=80899, stack(0x000000031b53c000,0x000000031b73f000)]
  0x0000000126199a00 JavaThread "jar transforms Thread 6" [_thread_blocked, id=80131, stack(0x000000031b954000,0x000000031bb57000)]
  0x000000012507e000 JavaThread "Daemon Thread 2" [_thread_blocked, id=40459, stack(0x000000017077c000,0x000000017097f000)]
  0x00000001268efc00 JavaThread "Handler for socket connection from /127.0.0.1:56054 to /127.0.0.1:56926" [_thread_in_native, id=39443, stack(0x0000000170988000,0x0000000170b8b000)]
  0x00000001268c8400 JavaThread "Cancel handler" [_thread_blocked, id=39951, stack(0x0000000170b94000,0x0000000170d97000)]
  0x0000000125087800 JavaThread "Daemon worker Thread 2" [_thread_blocked, id=61715, stack(0x0000000170da0000,0x0000000170fa3000)]
  0x0000000132778800 JavaThread "Asynchronous log dispatcher for DefaultDaemonConnection: socket connection from /127.0.0.1:56054 to /127.0.0.1:56926" [_thread_blocked, id=34323, stack(0x0000000170fac000,0x00000001711af000)]
  0x000000012080bc00 JavaThread "Daemon client event forwarder" [_thread_blocked, id=38675, stack(0x00000001713c4000,0x00000001715c7000)]
  0x000000013276d000 JavaThread "Cache worker for file hash cache (/Users/wattledgnata/StudioProjects/GPS-APP/.gradle/8.7/fileHashes)" [_thread_blocked, id=35079, stack(0x0000000171bf4000,0x0000000171df7000)]
  0x000000012685ea00 JavaThread "Cache worker for checksums cache (/Users/wattledgnata/StudioProjects/GPS-APP/.gradle/8.7/checksums)" [_thread_blocked, id=71943, stack(0x0000000172a48000,0x0000000172c4b000)]
  0x0000000125067400 JavaThread "Cache worker for cache directory md-supplier (/Users/wattledgnata/.gradle/caches/8.7/md-supplier)" [_thread_blocked, id=70163, stack(0x0000000172c54000,0x0000000172e57000)]
  0x0000000132494c00 JavaThread "Cache worker for cache directory md-rule (/Users/wattledgnata/.gradle/caches/8.7/md-rule)" [_thread_blocked, id=76051, stack(0x0000000172e60000,0x0000000173063000)]
  0x00000001170aa000 JavaThread "Cache worker for Build Output Cleanup Cache (/Users/wattledgnata/StudioProjects/GPS-APP/.gradle/buildOutputCleanup)" [_thread_blocked, id=57155, stack(0x0000000173690000,0x0000000173893000)]
  0x00000001268c7400 JavaThread "Unconstrained build operations" [_thread_blocked, id=55567, stack(0x0000000173ec0000,0x00000001740c3000)]
  0x0000000126862200 JavaThread "Unconstrained build operations Thread 2" [_thread_blocked, id=50451, stack(0x00000001740cc000,0x00000001742cf000)]
  0x0000000126862800 JavaThread "Unconstrained build operations Thread 3" [_thread_blocked, id=55051, stack(0x00000001742d8000,0x00000001744db000)]
  0x0000000126862e00 JavaThread "Unconstrained build operations Thread 4" [_thread_blocked, id=85259, stack(0x00000001744e4000,0x00000001746e7000)]
  0x0000000126863400 JavaThread "Unconstrained build operations Thread 5" [_thread_blocked, id=51727, stack(0x00000001746f0000,0x00000001748f3000)]
  0x000000012685ca00 JavaThread "Unconstrained build operations Thread 6" [_thread_blocked, id=54031, stack(0x00000001748fc000,0x0000000174aff000)]
  0x000000012685d000 JavaThread "Unconstrained build operations Thread 7" [_thread_blocked, id=67339, stack(0x0000000174b08000,0x0000000174d0b000)]
  0x000000012685d600 JavaThread "Unconstrained build operations Thread 8" [_thread_blocked, id=53771, stack(0x0000000174d14000,0x0000000174f17000)]
  0x000000012685dc00 JavaThread "Unconstrained build operations Thread 9" [_thread_blocked, id=54291, stack(0x0000000174f20000,0x0000000175123000)]
  0x0000000120809a00 JavaThread "Unconstrained build operations Thread 10" [_thread_blocked, id=73991, stack(0x000000017512c000,0x000000017532f000)]
  0x000000012080a000 JavaThread "Unconstrained build operations Thread 11" [_thread_blocked, id=75539, stack(0x0000000175338000,0x000000017553b000)]
  0x0000000124856400 JavaThread "Unconstrained build operations Thread 12" [_thread_blocked, id=86279, stack(0x0000000175544000,0x0000000175747000)]
  0x0000000124812a00 JavaThread "Unconstrained build operations Thread 13" [_thread_blocked, id=49935, stack(0x0000000175750000,0x0000000175953000)]
  0x0000000124808200 JavaThread "Unconstrained build operations Thread 14" [_thread_blocked, id=68103, stack(0x000000017595c000,0x0000000175b5f000)]
  0x0000000120c62000 JavaThread "Unconstrained build operations Thread 15" [_thread_blocked, id=70919, stack(0x0000000175b68000,0x0000000175d6b000)]
  0x0000000120c62600 JavaThread "Unconstrained build operations Thread 16" [_thread_blocked, id=66319, stack(0x0000000175d74000,0x0000000175f77000)]
  0x0000000127095600 JavaThread "Unconstrained build operations Thread 17" [_thread_blocked, id=75019, stack(0x0000000175f80000,0x0000000176183000)]
  0x0000000127094200 JavaThread "Unconstrained build operations Thread 18" [_thread_blocked, id=53259, stack(0x000000017618c000,0x000000017638f000)]
  0x0000000127306c00 JavaThread "Unconstrained build operations Thread 19" [_thread_blocked, id=82447, stack(0x0000000176398000,0x000000017659b000)]
  0x00000001274e0600 JavaThread "Unconstrained build operations Thread 20" [_thread_blocked, id=86547, stack(0x00000001765a4000,0x00000001767a7000)]
  0x0000000125869a00 JavaThread "Unconstrained build operations Thread 21" [_thread_blocked, id=66823, stack(0x00000001767b0000,0x00000001769b3000)]
  0x000000012480ec00 JavaThread "Unconstrained build operations Thread 22" [_thread_blocked, id=71175, stack(0x00000001769bc000,0x0000000176bbf000)]
  0x000000013209c400 JavaThread "Unconstrained build operations Thread 23" [_thread_blocked, id=82183, stack(0x0000000176bc8000,0x0000000176dcb000)]
  0x0000000125067a00 JavaThread "Unconstrained build operations Thread 24" [_thread_blocked, id=72967, stack(0x0000000176dd4000,0x0000000176fd7000)]
  0x0000000125202000 JavaThread "Unconstrained build operations Thread 25" [_thread_blocked, id=73223, stack(0x0000000176fe0000,0x00000001771e3000)]
  0x0000000127808200 JavaThread "Unconstrained build operations Thread 26" [_thread_blocked, id=82959, stack(0x00000001771ec000,0x00000001773ef000)]
  0x0000000127808800 JavaThread "Unconstrained build operations Thread 27" [_thread_blocked, id=50959, stack(0x00000001773f8000,0x00000001775fb000)]
  0x0000000127808e00 JavaThread "Unconstrained build operations Thread 28" [_thread_blocked, id=74507, stack(0x0000000177604000,0x0000000177807000)]
  0x00000001250ca800 JavaThread "Unconstrained build operations Thread 29" [_thread_blocked, id=85771, stack(0x0000000177810000,0x0000000177a13000)]
  0x00000001251b6800 JavaThread "Unconstrained build operations Thread 30" [_thread_blocked, id=65811, stack(0x0000000177a1c000,0x0000000177c1f000)]
  0x00000001257fee00 JavaThread "Unconstrained build operations Thread 31" [_thread_blocked, id=86799, stack(0x0000000177c28000,0x0000000177e2b000)]
  0x00000001257ff400 JavaThread "Unconstrained build operations Thread 32" [_thread_blocked, id=73739, stack(0x0000000318004000,0x0000000318207000)]
  0x0000000121885200 JavaThread "Unconstrained build operations Thread 33" [_thread_blocked, id=51699, stack(0x0000000318210000,0x0000000318413000)]
  0x0000000124890a00 JavaThread "Unconstrained build operations Thread 34" [_thread_blocked, id=54795, stack(0x000000031841c000,0x000000031861f000)]
  0x0000000125821800 JavaThread "Unconstrained build operations Thread 35" [_thread_blocked, id=81171, stack(0x0000000318628000,0x000000031882b000)]
  0x0000000121e74a00 JavaThread "Unconstrained build operations Thread 36" [_thread_blocked, id=53511, stack(0x0000000318834000,0x0000000318a37000)]
  0x0000000121e75000 JavaThread "Unconstrained build operations Thread 37" [_thread_blocked, id=69131, stack(0x0000000318a40000,0x0000000318c43000)]
  0x0000000131d9ca00 JavaThread "Unconstrained build operations Thread 38" [_thread_blocked, id=52751, stack(0x0000000318c4c000,0x0000000318e4f000)]
  0x0000000124891000 JavaThread "Unconstrained build operations Thread 39" [_thread_blocked, id=84747, stack(0x0000000318e58000,0x000000031905b000)]
  0x0000000127929c00 JavaThread "build event listener" [_thread_blocked, id=56591, stack(0x0000000319064000,0x0000000319267000)]
  0x0000000126a30a00 JavaThread "pool-4-thread-1" [_thread_blocked, id=69639, stack(0x0000000319270000,0x0000000319473000)]
  0x0000000132676400 JavaThread "build event listener" [_thread_blocked, id=58127, stack(0x000000031947c000,0x000000031967f000)]
  0x000000013207fe00 JavaThread "included builds" [_thread_blocked, id=57875, stack(0x0000000319688000,0x000000031988b000)]
  0x00000001256ffe00 JavaThread "Execution worker" [_thread_blocked, id=57611, stack(0x0000000319cac000,0x0000000319eaf000)]
  0x0000000125708c00 JavaThread "Execution worker Thread 2" [_thread_blocked, id=58375, stack(0x0000000319eb8000,0x000000031a0bb000)]
  0x000000012003c800 JavaThread "Execution worker Thread 3" [_thread_blocked, id=49415, stack(0x000000031a0c4000,0x000000031a2c7000)]
  0x0000000124809200 JavaThread "Execution worker Thread 4" [_thread_blocked, id=59667, stack(0x000000031a2d0000,0x000000031a4d3000)]
  0x0000000125747200 JavaThread "Execution worker Thread 5" [_thread_blocked, id=59407, stack(0x000000031a4dc000,0x000000031a6df000)]
  0x0000000117699600 JavaThread "Execution worker Thread 6" [_thread_blocked, id=85515, stack(0x000000031a6e8000,0x000000031a8eb000)]
  0x0000000127a3de00 JavaThread "Execution worker Thread 7" [_thread_blocked, id=58639, stack(0x000000031a8f4000,0x000000031aaf7000)]
  0x000000012004b000 JavaThread "Execution worker Thread 8" [_thread_blocked, id=49163, stack(0x000000031ab00000,0x000000031ad03000)]
  0x00000001173f4600 JavaThread "Execution worker Thread 9" [_thread_blocked, id=45071, stack(0x000000031ad0c000,0x000000031af0f000)]
  0x0000000132662e00 JavaThread "Cache worker for execution history cache (/Users/wattledgnata/StudioProjects/GPS-APP/.gradle/8.7/executionHistory)" [_thread_blocked, id=37643, stack(0x000000031af18000,0x000000031b11b000)]
  0x0000000127926e00 JavaThread "Unconstrained build operations Thread 40" [_thread_blocked, id=63011, stack(0x000000031b124000,0x000000031b327000)]
  0x000000012791c000 JavaThread "Unconstrained build operations Thread 41" [_thread_blocked, id=46859, stack(0x000000031b330000,0x000000031b533000)]
  0x0000000132080400 JavaThread "Unconstrained build operations Thread 42" [_thread_blocked, id=63251, stack(0x000000031b748000,0x000000031b94b000)]
  0x00000001279d2a00 JavaThread "Unconstrained build operations Thread 43" [_thread_blocked, id=80399, stack(0x000000031bb60000,0x000000031bd63000)]
  0x0000000127927400 JavaThread "Unconstrained build operations Thread 44" [_thread_blocked, id=79619, stack(0x000000031bd6c000,0x000000031bf6f000)]
  0x0000000127927a00 JavaThread "Unconstrained build operations Thread 45" [_thread_blocked, id=76803, stack(0x000000031bf78000,0x000000031c17b000)]
  0x0000000127a50200 JavaThread "Unconstrained build operations Thread 46" [_thread_blocked, id=77059, stack(0x000000031c184000,0x000000031c387000)]
  0x0000000127a50800 JavaThread "Unconstrained build operations Thread 47" [_thread_blocked, id=77315, stack(0x000000031c390000,0x000000031c593000)]
  0x0000000126808c00 JavaThread "Unconstrained build operations Thread 48" [_thread_blocked, id=77571, stack(0x000000031c59c000,0x000000031c79f000)]
  0x0000000124894600 JavaThread "Unconstrained build operations Thread 49" [_thread_blocked, id=78267, stack(0x000000031c7a8000,0x000000031c9ab000)]
  0x000000012005f200 JavaThread "Unconstrained build operations Thread 50" [_thread_blocked, id=87299, stack(0x000000031c9b4000,0x000000031cbb7000)]
  0x0000000124809800 JavaThread "Unconstrained build operations Thread 51" [_thread_blocked, id=130659, stack(0x000000031cbc0000,0x000000031cdc3000)]
  0x0000000127161a00 JavaThread "Unconstrained build operations Thread 52" [_thread_blocked, id=87555, stack(0x000000031cdcc000,0x000000031cfcf000)]
  0x00000001173a4200 JavaThread "Unconstrained build operations Thread 53" [_thread_blocked, id=87811, stack(0x000000031cfd8000,0x000000031d1db000)]
  0x0000000124893800 JavaThread "Unconstrained build operations Thread 54" [_thread_blocked, id=129843, stack(0x000000031d1e4000,0x000000031d3e7000)]
  0x0000000124893e00 JavaThread "Unconstrained build operations Thread 55" [_thread_blocked, id=129283, stack(0x000000031d3f0000,0x000000031d5f3000)]
  0x000000012498d800 JavaThread "Unconstrained build operations Thread 56" [_thread_blocked, id=129027, stack(0x000000031d5fc000,0x000000031d7ff000)]
  0x0000000126ea4800 JavaThread "Unconstrained build operations Thread 57" [_thread_blocked, id=88627, stack(0x000000031d808000,0x000000031da0b000)]
  0x0000000126b18600 JavaThread "Unconstrained build operations Thread 58" [_thread_blocked, id=128259, stack(0x000000031da14000,0x000000031dc17000)]
  0x0000000126ea1600 JavaThread "Unconstrained build operations Thread 59" [_thread_blocked, id=89091, stack(0x000000031dc20000,0x000000031de23000)]
  0x0000000126ea1c00 JavaThread "Unconstrained build operations Thread 60" [_thread_blocked, id=128003, stack(0x000000031de2c000,0x000000031e02f000)]
  0x000000012578ac00 JavaThread "Unconstrained build operations Thread 61" [_thread_blocked, id=127747, stack(0x000000031e038000,0x000000031e23b000)]
  0x000000012578b200 JavaThread "Unconstrained build operations Thread 62" [_thread_blocked, id=89859, stack(0x000000031e244000,0x000000031e447000)]
  0x000000012578b800 JavaThread "Unconstrained build operations Thread 63" [_thread_blocked, id=90371, stack(0x000000031e450000,0x000000031e653000)]
  0x00000001200ac200 JavaThread "Unconstrained build operations Thread 64" [_thread_blocked, id=90655, stack(0x000000031e65c000,0x000000031e85f000)]
  0x0000000120089800 JavaThread "Unconstrained build operations Thread 65" [_thread_blocked, id=91139, stack(0x000000031e868000,0x000000031ea6b000)]
  0x000000012702f200 JavaThread "Unconstrained build operations Thread 66" [_thread_blocked, id=91651, stack(0x000000031ea74000,0x000000031ec77000)]
  0x000000012702f800 JavaThread "Unconstrained build operations Thread 67" [_thread_blocked, id=91907, stack(0x000000031ec80000,0x000000031ee83000)]
  0x000000012708a800 JavaThread "Unconstrained build operations Thread 68" [_thread_blocked, id=92355, stack(0x000000031ee8c000,0x000000031f08f000)]
  0x000000012729c000 JavaThread "Unconstrained build operations Thread 69" [_thread_blocked, id=126211, stack(0x000000031f098000,0x000000031f29b000)]
  0x0000000124937000 JavaThread "Unconstrained build operations Thread 70" [_thread_blocked, id=92715, stack(0x000000031f2a4000,0x000000031f4a7000)]
  0x000000012004e200 JavaThread "Unconstrained build operations Thread 71" [_thread_blocked, id=92931, stack(0x000000031f4b0000,0x000000031f6b3000)]
  0x000000012004e800 JavaThread "Unconstrained build operations Thread 72" [_thread_blocked, id=93443, stack(0x000000031f6bc000,0x000000031f8bf000)]
  0x000000012004ee00 JavaThread "Unconstrained build operations Thread 73" [_thread_blocked, id=125699, stack(0x000000031f8c8000,0x000000031facb000)]
  0x00000001200a8600 JavaThread "Unconstrained build operations Thread 74" [_thread_blocked, id=125443, stack(0x000000031fad4000,0x000000031fcd7000)]
  0x00000001200a8c00 JavaThread "Unconstrained build operations Thread 75" [_thread_blocked, id=94211, stack(0x000000031fce0000,0x000000031fee3000)]
  0x00000001200a9800 JavaThread "Unconstrained build operations Thread 76" [_thread_blocked, id=124675, stack(0x000000031feec000,0x00000003200ef000)]
  0x00000001200a9200 JavaThread "Unconstrained build operations Thread 77" [_thread_blocked, id=94931, stack(0x00000003200f8000,0x00000003202fb000)]
  0x00000001200a9e00 JavaThread "Unconstrained build operations Thread 78" [_thread_blocked, id=124163, stack(0x0000000320304000,0x0000000320507000)]
  0x00000001200aba00 JavaThread "Unconstrained build operations Thread 79" [_thread_blocked, id=123907, stack(0x0000000320510000,0x0000000320713000)]
  0x00000001271adc00 JavaThread "Unconstrained build operations Thread 80" [_thread_blocked, id=95491, stack(0x000000032071c000,0x000000032091f000)]
  0x00000001270ed000 JavaThread "Unconstrained build operations Thread 81" [_thread_in_Java, id=95747, stack(0x0000000320928000,0x0000000320b2b000)]
  0x00000001270eca00 JavaThread "Unconstrained build operations Thread 82" [_thread_blocked, id=123395, stack(0x0000000320b34000,0x0000000320d37000)]
  0x0000000131916600 JavaThread "Unconstrained build operations Thread 83" [_thread_blocked, id=123171, stack(0x0000000320d40000,0x0000000320f43000)]
  0x0000000131965000 JavaThread "Unconstrained build operations Thread 84" [_thread_blocked, id=96771, stack(0x0000000320f4c000,0x000000032114f000)]
  0x0000000121883400 JavaThread "Unconstrained build operations Thread 85" [_thread_blocked, id=122627, stack(0x0000000321158000,0x000000032135b000)]
  0x00000001200ab400 JavaThread "Unconstrained build operations Thread 86" [_thread_blocked, id=97287, stack(0x0000000321364000,0x0000000321567000)]
  0x0000000120213400 JavaThread "Unconstrained build operations Thread 87" [_thread_blocked, id=97795, stack(0x0000000321570000,0x0000000321773000)]
  0x00000001320e0e00 JavaThread "Unconstrained build operations Thread 88" [_thread_blocked, id=122403, stack(0x000000032177c000,0x000000032197f000)]
  0x00000001320e3c00 JavaThread "Unconstrained build operations Thread 89" [_thread_blocked, id=98563, stack(0x0000000321988000,0x0000000321b8b000)]
  0x00000001270ed600 JavaThread "Unconstrained build operations Thread 90" [_thread_blocked, id=99103, stack(0x0000000321b94000,0x0000000321d97000)]
  0x0000000127088e00 JavaThread "Unconstrained build operations Thread 91" [_thread_blocked, id=121859, stack(0x0000000321da0000,0x0000000321fa3000)]
  0x0000000124939e00 JavaThread "Unconstrained build operations Thread 92" [_thread_blocked, id=99331, stack(0x0000000321fac000,0x00000003221af000)]
  0x0000000124939800 JavaThread "Unconstrained build operations Thread 93" [_thread_blocked, id=99843, stack(0x00000003221b8000,0x00000003223bb000)]
  0x000000012493a400 JavaThread "Unconstrained build operations Thread 94" [_thread_blocked, id=121115, stack(0x00000003223c4000,0x00000003225c7000)]
  0x000000012493b400 JavaThread "Unconstrained build operations Thread 95" [_thread_blocked, id=100099, stack(0x00000003225d0000,0x00000003227d3000)]
  0x0000000127088800 JavaThread "Unconstrained build operations Thread 96" [_thread_blocked, id=100379, stack(0x00000003227dc000,0x00000003229df000)]
  0x0000000117652a00 JavaThread "Unconstrained build operations Thread 97" [_thread_blocked, id=120067, stack(0x00000003229e8000,0x0000000322beb000)]
  0x0000000131965600 JavaThread "Unconstrained build operations Thread 98" [_thread_blocked, id=119835, stack(0x0000000322bf4000,0x0000000322df7000)]
  0x0000000131b5e200 JavaThread "Unconstrained build operations Thread 99" [_thread_blocked, id=101123, stack(0x0000000322e00000,0x0000000323003000)]
  0x0000000121881200 JavaThread "Unconstrained build operations Thread 100" [_thread_blocked, id=101403, stack(0x000000032300c000,0x000000032320f000)]
  0x000000012493ba00 JavaThread "WorkerExecutor Queue" [_thread_blocked, id=119055, stack(0x0000000323218000,0x000000032341b000)]
  0x0000000120ca3400 JavaThread "WorkerExecutor Queue Thread 2" [_thread_blocked, id=101727, stack(0x0000000323424000,0x0000000323627000)]
  0x0000000126df4800 JavaThread "WorkerExecutor Queue Thread 3" [_thread_blocked, id=118275, stack(0x0000000323630000,0x0000000323833000)]
  0x0000000120211200 JavaThread "WorkerExecutor Queue Thread 4" [_thread_blocked, id=101891, stack(0x000000032383c000,0x0000000323a3f000)]
  0x000000012780a400 JavaThread "WorkerExecutor Queue Thread 5" [_thread_blocked, id=102147, stack(0x0000000323a48000,0x0000000323c4b000)]
  0x00000001254dc000 JavaThread "WorkerExecutor Queue Thread 6" [_thread_blocked, id=102915, stack(0x000000032406c000,0x000000032426f000)]
  0x00000001256f5000 JavaThread "WorkerExecutor Queue Thread 7" [_thread_blocked, id=116227, stack(0x0000000324278000,0x000000032447b000)]
  0x0000000117656a00 JavaThread "WorkerExecutor Queue Thread 8" [_thread_blocked, id=103427, stack(0x0000000324484000,0x0000000324687000)]
  0x00000001256f5600 JavaThread "WorkerExecutor Queue Thread 9" [_thread_blocked, id=103683, stack(0x0000000324690000,0x0000000324893000)]
  0x00000001256f2600 JavaThread "WorkerExecutor Queue Thread 10" [_thread_blocked, id=115203, stack(0x000000032489c000,0x0000000324a9f000)]
  0x0000000131a32a00 JavaThread "pool-5-thread-1" [_thread_blocked, id=34963, stack(0x00000001711b8000,0x00000001713bb000)]
  0x0000000126df5400 JavaThread "process reaper (pid 43046)" daemon [_thread_in_native, id=114703, stack(0x000000016e424000,0x000000016e45b000)]
  0x000000012480cc00 JavaThread "process reaper (pid 43045)" daemon [_thread_in_native, id=114435, stack(0x000000016e464000,0x000000016e49b000)]
  0x0000000125387400 JavaThread "stderr" [_thread_in_native, id=104195, stack(0x0000000324aa8000,0x0000000324cab000)]
  0x0000000125388800 JavaThread "stdout" [_thread_in_native, id=104707, stack(0x0000000324cb4000,0x0000000324eb7000)]
  0x0000000126dee200 JavaThread "stderr" [_thread_in_native, id=113923, stack(0x0000000324ec0000,0x00000003250c3000)]
  0x000000012538b600 JavaThread "stdout" [_thread_in_native, id=105219, stack(0x00000003250cc000,0x00000003252cf000)]

Other Threads:
  0x0000000131611700 VMThread "VM Thread" [stack: 0x000000016dd74000,0x000000016df77000] [id=17667]
  0x000000013170f740 WatcherThread [stack: 0x000000016f510000,0x000000016f713000] [id=28419]
  0x000000013160a0a0 GCTaskThread "GC Thread#0" [stack: 0x000000016d338000,0x000000016d53b000] [id=13827]
  0x00000001216103f0 GCTaskThread "GC Thread#1" [stack: 0x000000016f71c000,0x000000016f91f000] [id=32771]
  0x0000000121610870 GCTaskThread "GC Thread#2" [stack: 0x000000016f928000,0x000000016fb2b000] [id=43011]
  0x00000001317162a0 GCTaskThread "GC Thread#3" [stack: 0x000000016fb34000,0x000000016fd37000] [id=33027]
  0x0000000131624300 GCTaskThread "GC Thread#4" [stack: 0x000000016fd40000,0x000000016ff43000] [id=33283]
  0x0000000131624b70 GCTaskThread "GC Thread#5" [stack: 0x000000016ff4c000,0x000000017014f000] [id=42243]
  0x0000000112e32780 GCTaskThread "GC Thread#6" [stack: 0x0000000172218000,0x000000017241b000] [id=43779]
  0x0000000112e32a80 GCTaskThread "GC Thread#7" [stack: 0x0000000172424000,0x0000000172627000] [id=64259]
  0x0000000112f0ce30 GCTaskThread "GC Thread#8" [stack: 0x0000000172630000,0x0000000172833000] [id=44291]
  0x000000013160a750 ConcurrentGCThread "G1 Main Marker" [stack: 0x000000016d544000,0x000000016d747000] [id=13315]
  0x000000013160afe0 ConcurrentGCThread "G1 Conc#0" [stack: 0x000000016d750000,0x000000016d953000] [id=12291]
  0x000000013173b250 ConcurrentGCThread "G1 Conc#1" [stack: 0x000000017283c000,0x0000000172a3f000] [id=44547]
  0x000000013160d110 ConcurrentGCThread "G1 Refine#0" [stack: 0x000000016d95c000,0x000000016db5f000] [id=16643]
  0x000000011790c430 ConcurrentGCThread "G1 Refine#1" [stack: 0x0000000173aa8000,0x0000000173cab000] [id=60931]
  0x0000000112f124b0 ConcurrentGCThread "G1 Refine#2" [stack: 0x0000000173cb4000,0x0000000173eb7000] [id=48131]
  0x00000001317d7e20 ConcurrentGCThread "G1 Refine#3" [stack: 0x0000000323c54000,0x0000000323e57000] [id=117251]
  0x0000000112ef06f0 ConcurrentGCThread "G1 Refine#4" [stack: 0x0000000323e60000,0x0000000324063000] [id=116739]
  0x000000010417d910 ConcurrentGCThread "G1 Refine#5" [stack: 0x00000003252d8000,0x00000003254db000] [id=113155]
  0x00000001316ded90 ConcurrentGCThread "G1 Refine#6" [stack: 0x00000003254e4000,0x00000003256e7000] [id=112387]
  0x000000011793e350 ConcurrentGCThread "G1 Refine#7" [stack: 0x00000003256f0000,0x00000003258f3000] [id=105731]
  0x0000000117b34530 ConcurrentGCThread "G1 Refine#8" [stack: 0x00000003258fc000,0x0000000325aff000] [id=105987]
  0x000000013160d9b0 ConcurrentGCThread "G1 Service" [stack: 0x000000016db68000,0x000000016dd6b000] [id=21251]

Threads with active compile tasks:
C2 CompilerThread0   180597 39124       4       org.jetbrains.org.objectweb.asm.ClassReader::readElementValue (1237 bytes)

VM state: not at safepoint (normal execution)

VM Mutex/Monitor currently owned by a thread: None

Heap address: 0x0000000780000000, size: 2048 MB, Compressed Oops mode: Zero based, Oop shift amount: 3

CDS archive(s) mapped at: [0x0000000600000000-0x0000000600bc0000-0x0000000600bc0000), size 12320768, SharedBaseAddress: 0x0000000600000000, ArchiveRelocationMode: 1.
Compressed class space mapped at: 0x0000000601000000-0x0000000641000000, reserved size: 1073741824
Narrow klass base: 0x0000000600000000, Narrow klass shift: 0, Narrow klass range: 0x100000000

GC Precious Log:
 CPUs: 10 total, 10 available
 Memory: 16384M
 Large Page Support: Disabled
 NUMA Support: Disabled
 Compressed Oops: Enabled (Zero based)
 Heap Region Size: 1M
 Heap Min Capacity: 8M
 Heap Initial Capacity: 256M
 Heap Max Capacity: 2G
 Pre-touch: Disabled
 Parallel Workers: 9
 Concurrent Workers: 2
 Concurrent Refinement Workers: 9
 Periodic GC: Disabled

Heap:
 garbage-first heap   total 1753088K, used 755897K [0x0000000780000000, 0x0000000800000000)
  region size 1024K, 330 young (337920K), 5 survivors (5120K)
 Metaspace       used 137526K, committed 138496K, reserved 1179648K
  class space    used 18274K, committed 18752K, reserved 1048576K

Heap Regions: E=young(eden), S=young(survivor), O=old, HS=humongous(starts), HC=humongous(continues), CS=collection set, F=free, OA=open archive, CA=closed archive, TAMS=top-at-mark-start (previous, next)
|   0|0x0000000780000000, 0x0000000780100000, 0x0000000780100000|100%|HS|  |TAMS 0x0000000780100000, 0x0000000780000000| Complete 
|   1|0x0000000780100000, 0x0000000780200000, 0x0000000780200000|100%|HC|  |TAMS 0x0000000780200000, 0x0000000780100000| Complete 
|   2|0x0000000780200000, 0x0000000780300000, 0x0000000780300000|100%|HC|  |TAMS 0x0000000780300000, 0x0000000780200000| Complete 
|   3|0x0000000780300000, 0x0000000780400000, 0x0000000780400000|100%|HC|  |TAMS 0x0000000780400000, 0x0000000780300000| Complete 
|   4|0x0000000780400000, 0x0000000780500000, 0x0000000780500000|100%| O|  |TAMS 0x0000000780500000, 0x0000000780400000| Untracked 
|   5|0x0000000780500000, 0x0000000780600000, 0x0000000780600000|100%| O|  |TAMS 0x0000000780600000, 0x0000000780500000| Untracked 
|   6|0x0000000780600000, 0x0000000780700000, 0x0000000780700000|100%| O|  |TAMS 0x0000000780700000, 0x0000000780600000| Untracked 
|   7|0x0000000780700000, 0x0000000780800000, 0x0000000780800000|100%| O|  |TAMS 0x0000000780800000, 0x0000000780700000| Untracked 
|   8|0x0000000780800000, 0x0000000780900000, 0x0000000780900000|100%| O|  |TAMS 0x0000000780900000, 0x0000000780800000| Untracked 
|   9|0x0000000780900000, 0x0000000780a00000, 0x0000000780a00000|100%| O|  |TAMS 0x0000000780a00000, 0x0000000780900000| Untracked 
|  10|0x0000000780a00000, 0x0000000780b00000, 0x0000000780b00000|100%| O|  |TAMS 0x0000000780b00000, 0x0000000780a00000| Untracked 
|  11|0x0000000780b00000, 0x0000000780c00000, 0x0000000780c00000|100%|HS|  |TAMS 0x0000000780c00000, 0x0000000780b00000| Complete 
|  12|0x0000000780c00000, 0x0000000780d00000, 0x0000000780d00000|100%| O|  |TAMS 0x0000000780d00000, 0x0000000780c00000| Untracked 
|  13|0x0000000780d00000, 0x0000000780e00000, 0x0000000780e00000|100%| O|  |TAMS 0x0000000780e00000, 0x0000000780d00000| Untracked 
|  14|0x0000000780e00000, 0x0000000780f00000, 0x0000000780f00000|100%| O|  |TAMS 0x0000000780f00000, 0x0000000780e00000| Untracked 
|  15|0x0000000780f00000, 0x0000000781000000, 0x0000000781000000|100%| O|  |TAMS 0x0000000781000000, 0x0000000780f00000| Untracked 
|  16|0x0000000781000000, 0x0000000781100000, 0x0000000781100000|100%| O|  |TAMS 0x0000000781100000, 0x0000000781000000| Untracked 
|  17|0x0000000781100000, 0x0000000781200000, 0x0000000781200000|100%| O|  |TAMS 0x0000000781200000, 0x0000000781100000| Untracked 
|  18|0x0000000781200000, 0x0000000781300000, 0x0000000781300000|100%| O|  |TAMS 0x0000000781300000, 0x0000000781200000| Untracked 
|  19|0x0000000781300000, 0x0000000781400000, 0x0000000781400000|100%| O|  |TAMS 0x0000000781400000, 0x0000000781300000| Untracked 
|  20|0x0000000781400000, 0x0000000781500000, 0x0000000781500000|100%| O|  |TAMS 0x0000000781500000, 0x0000000781400000| Untracked 
|  21|0x0000000781500000, 0x0000000781600000, 0x0000000781600000|100%| O|  |TAMS 0x0000000781600000, 0x0000000781500000| Untracked 
|  22|0x0000000781600000, 0x0000000781700000, 0x0000000781700000|100%| O|  |TAMS 0x0000000781700000, 0x0000000781600000| Untracked 
|  23|0x0000000781700000, 0x0000000781800000, 0x0000000781800000|100%| O|  |TAMS 0x0000000781800000, 0x0000000781700000| Untracked 
|  24|0x0000000781800000, 0x0000000781900000, 0x0000000781900000|100%| O|  |TAMS 0x0000000781900000, 0x0000000781800000| Untracked 
|  25|0x0000000781900000, 0x0000000781a00000, 0x0000000781a00000|100%| O|  |TAMS 0x0000000781a00000, 0x0000000781900000| Untracked 
|  26|0x0000000781a00000, 0x0000000781b00000, 0x0000000781b00000|100%| O|  |TAMS 0x0000000781b00000, 0x0000000781a00000| Untracked 
|  27|0x0000000781b00000, 0x0000000781c00000, 0x0000000781c00000|100%| O|  |TAMS 0x0000000781c00000, 0x0000000781b00000| Untracked 
|  28|0x0000000781c00000, 0x0000000781d00000, 0x0000000781d00000|100%| O|  |TAMS 0x0000000781d00000, 0x0000000781c00000| Untracked 
|  29|0x0000000781d00000, 0x0000000781e00000, 0x0000000781e00000|100%| O|  |TAMS 0x0000000781e00000, 0x0000000781d00000| Untracked 
|  30|0x0000000781e00000, 0x0000000781f00000, 0x0000000781f00000|100%| O|  |TAMS 0x0000000781f00000, 0x0000000781e00000| Untracked 
|  31|0x0000000781f00000, 0x0000000782000000, 0x0000000782000000|100%| O|  |TAMS 0x0000000782000000, 0x0000000781f00000| Untracked 
|  32|0x0000000782000000, 0x0000000782100000, 0x0000000782100000|100%| O|  |TAMS 0x0000000782100000, 0x0000000782000000| Untracked 
|  33|0x0000000782100000, 0x0000000782200000, 0x0000000782200000|100%| O|  |TAMS 0x0000000782200000, 0x0000000782100000| Untracked 
|  34|0x0000000782200000, 0x0000000782300000, 0x0000000782300000|100%| O|  |TAMS 0x0000000782300000, 0x0000000782200000| Untracked 
|  35|0x0000000782300000, 0x0000000782400000, 0x0000000782400000|100%| O|  |TAMS 0x0000000782400000, 0x0000000782300000| Untracked 
|  36|0x0000000782400000, 0x0000000782500000, 0x0000000782500000|100%| O|  |TAMS 0x0000000782500000, 0x0000000782400000| Untracked 
|  37|0x0000000782500000, 0x0000000782600000, 0x0000000782600000|100%| O|  |TAMS 0x0000000782600000, 0x0000000782500000| Untracked 
|  38|0x0000000782600000, 0x0000000782700000, 0x0000000782700000|100%| O|  |TAMS 0x0000000782700000, 0x0000000782600000| Untracked 
|  39|0x0000000782700000, 0x0000000782800000, 0x0000000782800000|100%| O|  |TAMS 0x0000000782800000, 0x0000000782700000| Untracked 
|  40|0x0000000782800000, 0x0000000782900000, 0x0000000782900000|100%| O|  |TAMS 0x0000000782900000, 0x0000000782800000| Untracked 
|  41|0x0000000782900000, 0x0000000782a00000, 0x0000000782a00000|100%| O|  |TAMS 0x0000000782a00000, 0x0000000782900000| Untracked 
|  42|0x0000000782a00000, 0x0000000782b00000, 0x0000000782b00000|100%|HS|  |TAMS 0x0000000782b00000, 0x0000000782a00000| Complete 
|  43|0x0000000782b00000, 0x0000000782c00000, 0x0000000782c00000|100%| O|  |TAMS 0x0000000782c00000, 0x0000000782b00000| Untracked 
|  44|0x0000000782c00000, 0x0000000782d00000, 0x0000000782d00000|100%| O|  |TAMS 0x0000000782d00000, 0x0000000782c00000| Untracked 
|  45|0x0000000782d00000, 0x0000000782e00000, 0x0000000782e00000|100%| O|  |TAMS 0x0000000782e00000, 0x0000000782d00000| Untracked 
|  46|0x0000000782e00000, 0x0000000782f00000, 0x0000000782f00000|100%| O|  |TAMS 0x0000000782f00000, 0x0000000782e00000| Untracked 
|  47|0x0000000782f00000, 0x0000000783000000, 0x0000000783000000|100%| O|  |TAMS 0x0000000783000000, 0x0000000782f00000| Untracked 
|  48|0x0000000783000000, 0x0000000783000000, 0x0000000783100000|  0%| F|  |TAMS 0x0000000783000000, 0x0000000783000000| Untracked 
|  49|0x0000000783100000, 0x0000000783200000, 0x0000000783200000|100%| O|  |TAMS 0x0000000783200000, 0x0000000783100000| Untracked 
|  50|0x0000000783200000, 0x0000000783300000, 0x0000000783300000|100%| O|  |TAMS 0x0000000783300000, 0x0000000783200000| Untracked 
|  51|0x0000000783300000, 0x0000000783400000, 0x0000000783400000|100%| O|  |TAMS 0x0000000783400000, 0x0000000783300000| Untracked 
|  52|0x0000000783400000, 0x0000000783500000, 0x0000000783500000|100%| O|  |TAMS 0x0000000783500000, 0x0000000783400000| Untracked 
|  53|0x0000000783500000, 0x0000000783600000, 0x0000000783600000|100%|HS|  |TAMS 0x0000000783600000, 0x0000000783500000| Complete 
|  54|0x0000000783600000, 0x0000000783700000, 0x0000000783700000|100%|HC|  |TAMS 0x0000000783700000, 0x0000000783600000| Complete 
|  55|0x0000000783700000, 0x0000000783800000, 0x0000000783800000|100%|HS|  |TAMS 0x0000000783800000, 0x0000000783700000| Complete 
|  56|0x0000000783800000, 0x0000000783900000, 0x0000000783900000|100%|HS|  |TAMS 0x0000000783900000, 0x0000000783800000| Complete 
|  57|0x0000000783900000, 0x0000000783a00000, 0x0000000783a00000|100%|HC|  |TAMS 0x0000000783a00000, 0x0000000783900000| Complete 
|  58|0x0000000783a00000, 0x0000000783b00000, 0x0000000783b00000|100%|HS|  |TAMS 0x0000000783b00000, 0x0000000783a00000| Complete 
|  59|0x0000000783b00000, 0x0000000783c00000, 0x0000000783c00000|100%|HS|  |TAMS 0x0000000783c00000, 0x0000000783b00000| Complete 
|  60|0x0000000783c00000, 0x0000000783d00000, 0x0000000783d00000|100%|HC|  |TAMS 0x0000000783d00000, 0x0000000783c00000| Complete 
|  61|0x0000000783d00000, 0x0000000783e00000, 0x0000000783e00000|100%|HC|  |TAMS 0x0000000783e00000, 0x0000000783d00000| Complete 
|  62|0x0000000783e00000, 0x0000000783f00000, 0x0000000783f00000|100%|HC|  |TAMS 0x0000000783f00000, 0x0000000783e00000| Complete 
|  63|0x0000000783f00000, 0x0000000784000000, 0x0000000784000000|100%|HS|  |TAMS 0x0000000784000000, 0x0000000783f00000| Complete 
|  64|0x0000000784000000, 0x0000000784100000, 0x0000000784100000|100%|HS|  |TAMS 0x0000000784000000, 0x0000000784000000| Complete 
|  65|0x0000000784100000, 0x0000000784200000, 0x0000000784200000|100%|HS|  |TAMS 0x0000000784200000, 0x0000000784100000| Complete 
|  66|0x0000000784200000, 0x0000000784300000, 0x0000000784300000|100%| O|  |TAMS 0x0000000784300000, 0x0000000784200000| Untracked 
|  67|0x0000000784300000, 0x0000000784400000, 0x0000000784400000|100%| O|  |TAMS 0x0000000784400000, 0x0000000784300000| Untracked 
|  68|0x0000000784400000, 0x0000000784500000, 0x0000000784500000|100%| O|  |TAMS 0x0000000784500000, 0x0000000784400000| Untracked 
|  69|0x0000000784500000, 0x0000000784600000, 0x0000000784600000|100%| O|  |TAMS 0x0000000784600000, 0x0000000784500000| Untracked 
|  70|0x0000000784600000, 0x0000000784700000, 0x0000000784700000|100%| O|  |TAMS 0x0000000784700000, 0x0000000784600000| Untracked 
|  71|0x0000000784700000, 0x0000000784800000, 0x0000000784800000|100%| O|  |TAMS 0x0000000784800000, 0x0000000784700000| Untracked 
|  72|0x0000000784800000, 0x0000000784900000, 0x0000000784900000|100%| O|  |TAMS 0x0000000784900000, 0x0000000784800000| Untracked 
|  73|0x0000000784900000, 0x0000000784a00000, 0x0000000784a00000|100%| O|  |TAMS 0x0000000784a00000, 0x0000000784900000| Untracked 
|  74|0x0000000784a00000, 0x0000000784b00000, 0x0000000784b00000|100%| O|  |TAMS 0x0000000784b00000, 0x0000000784a00000| Untracked 
|  75|0x0000000784b00000, 0x0000000784c00000, 0x0000000784c00000|100%| O|  |TAMS 0x0000000784c00000, 0x0000000784b00000| Untracked 
|  76|0x0000000784c00000, 0x0000000784d00000, 0x0000000784d00000|100%|HS|  |TAMS 0x0000000784d00000, 0x0000000784c00000| Complete 
|  77|0x0000000784d00000, 0x0000000784e00000, 0x0000000784e00000|100%|HS|  |TAMS 0x0000000784e00000, 0x0000000784d00000| Complete 
|  78|0x0000000784e00000, 0x0000000784f00000, 0x0000000784f00000|100%|HC|  |TAMS 0x0000000784f00000, 0x0000000784e00000| Complete 
|  79|0x0000000784f00000, 0x0000000785000000, 0x0000000785000000|100%|HC|  |TAMS 0x0000000785000000, 0x0000000784f00000| Complete 
|  80|0x0000000785000000, 0x0000000785100000, 0x0000000785100000|100%|HC|  |TAMS 0x0000000785100000, 0x0000000785000000| Complete 
|  81|0x0000000785100000, 0x0000000785200000, 0x0000000785200000|100%| O|  |TAMS 0x0000000785200000, 0x0000000785100000| Untracked 
|  82|0x0000000785200000, 0x0000000785300000, 0x0000000785300000|100%| O|  |TAMS 0x0000000785300000, 0x0000000785200000| Untracked 
|  83|0x0000000785300000, 0x0000000785400000, 0x0000000785400000|100%| O|  |TAMS 0x0000000785400000, 0x0000000785300000| Untracked 
|  84|0x0000000785400000, 0x0000000785500000, 0x0000000785500000|100%| O|  |TAMS 0x0000000785500000, 0x0000000785400000| Untracked 
|  85|0x0000000785500000, 0x0000000785600000, 0x0000000785600000|100%| O|  |TAMS 0x0000000785600000, 0x0000000785500000| Untracked 
|  86|0x0000000785600000, 0x0000000785700000, 0x0000000785700000|100%| O|  |TAMS 0x0000000785700000, 0x0000000785600000| Untracked 
|  87|0x0000000785700000, 0x0000000785800000, 0x0000000785800000|100%| O|  |TAMS 0x0000000785800000, 0x0000000785700000| Untracked 
|  88|0x0000000785800000, 0x0000000785900000, 0x0000000785900000|100%| O|  |TAMS 0x0000000785900000, 0x0000000785800000| Untracked 
|  89|0x0000000785900000, 0x0000000785a00000, 0x0000000785a00000|100%| O|  |TAMS 0x0000000785a00000, 0x0000000785900000| Untracked 
|  90|0x0000000785a00000, 0x0000000785b00000, 0x0000000785b00000|100%| O|  |TAMS 0x0000000785b00000, 0x0000000785a00000| Untracked 
|  91|0x0000000785b00000, 0x0000000785c00000, 0x0000000785c00000|100%| O|  |TAMS 0x0000000785c00000, 0x0000000785b00000| Untracked 
|  92|0x0000000785c00000, 0x0000000785d00000, 0x0000000785d00000|100%| O|  |TAMS 0x0000000785d00000, 0x0000000785c00000| Untracked 
|  93|0x0000000785d00000, 0x0000000785e00000, 0x0000000785e00000|100%| O|  |TAMS 0x0000000785e00000, 0x0000000785d00000| Untracked 
|  94|0x0000000785e00000, 0x0000000785f00000, 0x0000000785f00000|100%| O|  |TAMS 0x0000000785f00000, 0x0000000785e00000| Untracked 
|  95|0x0000000785f00000, 0x0000000786000000, 0x0000000786000000|100%| O|  |TAMS 0x0000000786000000, 0x0000000785f00000| Untracked 
|  96|0x0000000786000000, 0x0000000786100000, 0x0000000786100000|100%| O|  |TAMS 0x0000000786100000, 0x0000000786000000| Untracked 
|  97|0x0000000786100000, 0x0000000786200000, 0x0000000786200000|100%| O|  |TAMS 0x0000000786200000, 0x0000000786100000| Untracked 
|  98|0x0000000786200000, 0x0000000786300000, 0x0000000786300000|100%| O|  |TAMS 0x0000000786300000, 0x0000000786200000| Untracked 
|  99|0x0000000786300000, 0x0000000786400000, 0x0000000786400000|100%|HS|  |TAMS 0x0000000786300000, 0x0000000786300000| Complete 
| 100|0x0000000786400000, 0x0000000786500000, 0x0000000786500000|100%| O|  |TAMS 0x0000000786500000, 0x0000000786400000| Untracked 
| 101|0x0000000786500000, 0x0000000786600000, 0x0000000786600000|100%| O|  |TAMS 0x0000000786600000, 0x0000000786500000| Untracked 
| 102|0x0000000786600000, 0x0000000786700000, 0x0000000786700000|100%| O|  |TAMS 0x0000000786700000, 0x0000000786600000| Untracked 
| 103|0x0000000786700000, 0x0000000786800000, 0x0000000786800000|100%| O|  |TAMS 0x0000000786800000, 0x0000000786700000| Untracked 
| 104|0x0000000786800000, 0x0000000786900000, 0x0000000786900000|100%| O|  |TAMS 0x0000000786900000, 0x0000000786800000| Untracked 
| 105|0x0000000786900000, 0x0000000786a00000, 0x0000000786a00000|100%| O|  |TAMS 0x0000000786a00000, 0x0000000786900000| Untracked 
| 106|0x0000000786a00000, 0x0000000786b00000, 0x0000000786b00000|100%| O|  |TAMS 0x0000000786b00000, 0x0000000786a00000| Untracked 
| 107|0x0000000786b00000, 0x0000000786c00000, 0x0000000786c00000|100%| O|  |TAMS 0x0000000786c00000, 0x0000000786b00000| Untracked 
| 108|0x0000000786c00000, 0x0000000786d00000, 0x0000000786d00000|100%| O|  |TAMS 0x0000000786d00000, 0x0000000786c00000| Untracked 
| 109|0x0000000786d00000, 0x0000000786e00000, 0x0000000786e00000|100%| O|  |TAMS 0x0000000786e00000, 0x0000000786d00000| Untracked 
| 110|0x0000000786e00000, 0x0000000786f00000, 0x0000000786f00000|100%| O|  |TAMS 0x0000000786f00000, 0x0000000786e00000| Untracked 
| 111|0x0000000786f00000, 0x0000000787000000, 0x0000000787000000|100%| O|  |TAMS 0x0000000787000000, 0x0000000786f00000| Untracked 
| 112|0x0000000787000000, 0x0000000787100000, 0x0000000787100000|100%| O|  |TAMS 0x0000000787100000, 0x0000000787000000| Untracked 
| 113|0x0000000787100000, 0x0000000787200000, 0x0000000787200000|100%| O|  |TAMS 0x0000000787200000, 0x0000000787100000| Untracked 
| 114|0x0000000787200000, 0x0000000787300000, 0x0000000787300000|100%| O|  |TAMS 0x0000000787300000, 0x0000000787200000| Untracked 
| 115|0x0000000787300000, 0x0000000787400000, 0x0000000787400000|100%| O|  |TAMS 0x0000000787400000, 0x0000000787300000| Untracked 
| 116|0x0000000787400000, 0x0000000787500000, 0x0000000787500000|100%| O|  |TAMS 0x0000000787500000, 0x0000000787400000| Untracked 
| 117|0x0000000787500000, 0x0000000787600000, 0x0000000787600000|100%| O|  |TAMS 0x0000000787600000, 0x0000000787500000| Untracked 
| 118|0x0000000787600000, 0x0000000787700000, 0x0000000787700000|100%| O|  |TAMS 0x0000000787700000, 0x0000000787600000| Untracked 
| 119|0x0000000787700000, 0x0000000787800000, 0x0000000787800000|100%| O|  |TAMS 0x0000000787800000, 0x0000000787700000| Untracked 
| 120|0x0000000787800000, 0x0000000787900000, 0x0000000787900000|100%| O|  |TAMS 0x0000000787900000, 0x0000000787800000| Untracked 
| 121|0x0000000787900000, 0x0000000787a00000, 0x0000000787a00000|100%| O|  |TAMS 0x0000000787a00000, 0x0000000787900000| Untracked 
| 122|0x0000000787a00000, 0x0000000787b00000, 0x0000000787b00000|100%| O|  |TAMS 0x0000000787b00000, 0x0000000787a00000| Untracked 
| 123|0x0000000787b00000, 0x0000000787c00000, 0x0000000787c00000|100%| O|  |TAMS 0x0000000787c00000, 0x0000000787b00000| Untracked 
| 124|0x0000000787c00000, 0x0000000787d00000, 0x0000000787d00000|100%| O|  |TAMS 0x0000000787d00000, 0x0000000787c00000| Untracked 
| 125|0x0000000787d00000, 0x0000000787d00000, 0x0000000787e00000|  0%| F|  |TAMS 0x0000000787d00000, 0x0000000787d00000| Untracked 
| 126|0x0000000787e00000, 0x0000000787f00000, 0x0000000787f00000|100%|HS|  |TAMS 0x0000000787f00000, 0x0000000787e00000| Complete 
| 127|0x0000000787f00000, 0x0000000788000000, 0x0000000788000000|100%|HS|  |TAMS 0x0000000788000000, 0x0000000787f00000| Complete 
| 128|0x0000000788000000, 0x0000000788100000, 0x0000000788100000|100%|HC|  |TAMS 0x0000000788100000, 0x0000000788000000| Complete 
| 129|0x0000000788100000, 0x0000000788200000, 0x0000000788200000|100%| O|  |TAMS 0x0000000788200000, 0x0000000788100000| Untracked 
| 130|0x0000000788200000, 0x0000000788300000, 0x0000000788300000|100%| O|  |TAMS 0x0000000788300000, 0x0000000788200000| Untracked 
| 131|0x0000000788300000, 0x0000000788400000, 0x0000000788400000|100%|HS|  |TAMS 0x0000000788400000, 0x0000000788300000| Complete 
| 132|0x0000000788400000, 0x0000000788500000, 0x0000000788500000|100%| O|  |TAMS 0x0000000788500000, 0x0000000788400000| Untracked 
| 133|0x0000000788500000, 0x0000000788600000, 0x0000000788600000|100%| O|  |TAMS 0x0000000788600000, 0x0000000788500000| Untracked 
| 134|0x0000000788600000, 0x0000000788700000, 0x0000000788700000|100%| O|  |TAMS 0x0000000788700000, 0x0000000788600000| Untracked 
| 135|0x0000000788700000, 0x0000000788800000, 0x0000000788800000|100%| O|  |TAMS 0x0000000788800000, 0x0000000788700000| Untracked 
| 136|0x0000000788800000, 0x0000000788900000, 0x0000000788900000|100%| O|  |TAMS 0x0000000788900000, 0x0000000788800000| Untracked 
| 137|0x0000000788900000, 0x0000000788a00000, 0x0000000788a00000|100%|HS|  |TAMS 0x0000000788900000, 0x0000000788900000| Complete 
| 138|0x0000000788a00000, 0x0000000788b00000, 0x0000000788b00000|100%| O|  |TAMS 0x0000000788b00000, 0x0000000788a00000| Untracked 
| 139|0x0000000788b00000, 0x0000000788c00000, 0x0000000788c00000|100%| O|  |TAMS 0x0000000788c00000, 0x0000000788b00000| Untracked 
| 140|0x0000000788c00000, 0x0000000788d00000, 0x0000000788d00000|100%| O|  |TAMS 0x0000000788d00000, 0x0000000788c00000| Untracked 
| 141|0x0000000788d00000, 0x0000000788e00000, 0x0000000788e00000|100%|HS|  |TAMS 0x0000000788e00000, 0x0000000788d00000| Complete 
| 142|0x0000000788e00000, 0x0000000788f00000, 0x0000000788f00000|100%|HS|  |TAMS 0x0000000788e00000, 0x0000000788e00000| Complete 
| 143|0x0000000788f00000, 0x0000000789000000, 0x0000000789000000|100%| O|  |TAMS 0x0000000789000000, 0x0000000788f00000| Untracked 
| 144|0x0000000789000000, 0x0000000789000000, 0x0000000789100000|  0%| F|  |TAMS 0x0000000789000000, 0x0000000789000000| Untracked 
| 145|0x0000000789100000, 0x0000000789200000, 0x0000000789200000|100%| O|  |TAMS 0x0000000789200000, 0x0000000789100000| Untracked 
| 146|0x0000000789200000, 0x0000000789300000, 0x0000000789300000|100%| O|  |TAMS 0x0000000789300000, 0x0000000789200000| Untracked 
| 147|0x0000000789300000, 0x0000000789400000, 0x0000000789400000|100%| O|  |TAMS 0x0000000789400000, 0x0000000789300000| Untracked 
| 148|0x0000000789400000, 0x0000000789500000, 0x0000000789500000|100%| O|  |TAMS 0x0000000789500000, 0x0000000789400000| Untracked 
| 149|0x0000000789500000, 0x0000000789600000, 0x0000000789600000|100%| O|  |TAMS 0x0000000789600000, 0x0000000789500000| Untracked 
| 150|0x0000000789600000, 0x0000000789700000, 0x0000000789700000|100%| O|  |TAMS 0x0000000789700000, 0x0000000789600000| Untracked 
| 151|0x0000000789700000, 0x0000000789700000, 0x0000000789800000|  0%| F|  |TAMS 0x0000000789700000, 0x0000000789700000| Untracked 
| 152|0x0000000789800000, 0x0000000789900000, 0x0000000789900000|100%| O|  |TAMS 0x0000000789900000, 0x0000000789800000| Untracked 
| 153|0x0000000789900000, 0x0000000789a00000, 0x0000000789a00000|100%| O|  |TAMS 0x0000000789a00000, 0x0000000789900000| Untracked 
| 154|0x0000000789a00000, 0x0000000789b00000, 0x0000000789b00000|100%| O|  |TAMS 0x0000000789b00000, 0x0000000789a00000| Untracked 
| 155|0x0000000789b00000, 0x0000000789c00000, 0x0000000789c00000|100%| O|  |TAMS 0x0000000789c00000, 0x0000000789b00000| Untracked 
| 156|0x0000000789c00000, 0x0000000789c00000, 0x0000000789d00000|  0%| F|  |TAMS 0x0000000789c00000, 0x0000000789c00000| Untracked 
| 157|0x0000000789d00000, 0x0000000789e00000, 0x0000000789e00000|100%|HS|  |TAMS 0x0000000789d00000, 0x0000000789d00000| Complete 
| 158|0x0000000789e00000, 0x0000000789f00000, 0x0000000789f00000|100%|HS|  |TAMS 0x0000000789f00000, 0x0000000789e00000| Complete 
| 159|0x0000000789f00000, 0x000000078a000000, 0x000000078a000000|100%|HC|  |TAMS 0x000000078a000000, 0x0000000789f00000| Complete 
| 160|0x000000078a000000, 0x000000078a100000, 0x000000078a100000|100%| O|  |TAMS 0x000000078a100000, 0x000000078a000000| Untracked 
| 161|0x000000078a100000, 0x000000078a200000, 0x000000078a200000|100%| O|  |TAMS 0x000000078a200000, 0x000000078a100000| Untracked 
| 162|0x000000078a200000, 0x000000078a300000, 0x000000078a300000|100%| O|  |TAMS 0x000000078a200000, 0x000000078a200000| Untracked 
| 163|0x000000078a300000, 0x000000078a400000, 0x000000078a400000|100%| O|  |TAMS 0x000000078a300000, 0x000000078a300000| Untracked 
| 164|0x000000078a400000, 0x000000078a500000, 0x000000078a500000|100%| O|  |TAMS 0x000000078a500000, 0x000000078a400000| Untracked 
| 165|0x000000078a500000, 0x000000078a600000, 0x000000078a600000|100%| O|  |TAMS 0x000000078a500000, 0x000000078a500000| Untracked 
| 166|0x000000078a600000, 0x000000078a700000, 0x000000078a700000|100%| O|  |TAMS 0x000000078a600000, 0x000000078a600000| Untracked 
| 167|0x000000078a700000, 0x000000078a800000, 0x000000078a800000|100%| O|  |TAMS 0x000000078a800000, 0x000000078a700000| Untracked 
| 168|0x000000078a800000, 0x000000078a800000, 0x000000078a900000|  0%| F|  |TAMS 0x000000078a800000, 0x000000078a800000| Untracked 
| 169|0x000000078a900000, 0x000000078aa00000, 0x000000078aa00000|100%| O|  |TAMS 0x000000078aa00000, 0x000000078a900000| Untracked 
| 170|0x000000078aa00000, 0x000000078aa00000, 0x000000078ab00000|  0%| F|  |TAMS 0x000000078aa00000, 0x000000078aa00000| Untracked 
| 171|0x000000078ab00000, 0x000000078ac00000, 0x000000078ac00000|100%| O|  |TAMS 0x000000078ac00000, 0x000000078ab00000| Untracked 
| 172|0x000000078ac00000, 0x000000078ad00000, 0x000000078ad00000|100%| O|  |TAMS 0x000000078ac00000, 0x000000078ac00000| Untracked 
| 173|0x000000078ad00000, 0x000000078ae00000, 0x000000078ae00000|100%| O|  |TAMS 0x000000078ae00000, 0x000000078ad00000| Untracked 
| 174|0x000000078ae00000, 0x000000078af00000, 0x000000078af00000|100%| O|  |TAMS 0x000000078af00000, 0x000000078ae00000| Untracked 
| 175|0x000000078af00000, 0x000000078b000000, 0x000000078b000000|100%|HS|  |TAMS 0x000000078af00000, 0x000000078af00000| Complete 
| 176|0x000000078b000000, 0x000000078b100000, 0x000000078b100000|100%| O|  |TAMS 0x000000078b100000, 0x000000078b000000| Untracked 
| 177|0x000000078b100000, 0x000000078b200000, 0x000000078b200000|100%| O|  |TAMS 0x000000078b200000, 0x000000078b100000| Untracked 
| 178|0x000000078b200000, 0x000000078b300000, 0x000000078b300000|100%| O|  |TAMS 0x000000078b300000, 0x000000078b200000| Untracked 
| 179|0x000000078b300000, 0x000000078b300000, 0x000000078b400000|  0%| F|  |TAMS 0x000000078b300000, 0x000000078b300000| Untracked 
| 180|0x000000078b400000, 0x000000078b500000, 0x000000078b500000|100%| O|  |TAMS 0x000000078b500000, 0x000000078b400000| Untracked 
| 181|0x000000078b500000, 0x000000078b600000, 0x000000078b600000|100%|HS|  |TAMS 0x000000078b600000, 0x000000078b500000| Complete 
| 182|0x000000078b600000, 0x000000078b700000, 0x000000078b700000|100%|HS|  |TAMS 0x000000078b600000, 0x000000078b600000| Complete 
| 183|0x000000078b700000, 0x000000078b800000, 0x000000078b800000|100%| O|  |TAMS 0x000000078b800000, 0x000000078b700000| Untracked 
| 184|0x000000078b800000, 0x000000078b900000, 0x000000078b900000|100%| O|  |TAMS 0x000000078b900000, 0x000000078b800000| Untracked 
| 185|0x000000078b900000, 0x000000078ba00000, 0x000000078ba00000|100%| O|  |TAMS 0x000000078ba00000, 0x000000078b900000| Untracked 
| 186|0x000000078ba00000, 0x000000078bb00000, 0x000000078bb00000|100%| O|  |TAMS 0x000000078bb00000, 0x000000078ba00000| Untracked 
| 187|0x000000078bb00000, 0x000000078bc00000, 0x000000078bc00000|100%| O|  |TAMS 0x000000078bc00000, 0x000000078bb00000| Untracked 
| 188|0x000000078bc00000, 0x000000078bd00000, 0x000000078bd00000|100%| O|  |TAMS 0x000000078bd00000, 0x000000078bc00000| Untracked 
| 189|0x000000078bd00000, 0x000000078be00000, 0x000000078be00000|100%| O|  |TAMS 0x000000078be00000, 0x000000078bd00000| Untracked 
| 190|0x000000078be00000, 0x000000078bf00000, 0x000000078bf00000|100%| O|  |TAMS 0x000000078bf00000, 0x000000078be00000| Untracked 
| 191|0x000000078bf00000, 0x000000078c000000, 0x000000078c000000|100%| O|  |TAMS 0x000000078c000000, 0x000000078bf00000| Untracked 
| 192|0x000000078c000000, 0x000000078c100000, 0x000000078c100000|100%| O|  |TAMS 0x000000078c100000, 0x000000078c000000| Untracked 
| 193|0x000000078c100000, 0x000000078c200000, 0x000000078c200000|100%| O|  |TAMS 0x000000078c200000, 0x000000078c100000| Untracked 
| 194|0x000000078c200000, 0x000000078c300000, 0x000000078c300000|100%| O|  |TAMS 0x000000078c300000, 0x000000078c200000| Untracked 
| 195|0x000000078c300000, 0x000000078c400000, 0x000000078c400000|100%| O|  |TAMS 0x000000078c36cc00, 0x000000078c300000| Untracked 
| 196|0x000000078c400000, 0x000000078c500000, 0x000000078c500000|100%| O|  |TAMS 0x000000078c500000, 0x000000078c400000| Untracked 
| 197|0x000000078c500000, 0x000000078c600000, 0x000000078c600000|100%|HS|  |TAMS 0x000000078c500000, 0x000000078c500000| Complete 
| 198|0x000000078c600000, 0x000000078c700000, 0x000000078c700000|100%|HC|  |TAMS 0x000000078c600000, 0x000000078c600000| Complete 
| 199|0x000000078c700000, 0x000000078c800000, 0x000000078c800000|100%|HS|  |TAMS 0x000000078c700000, 0x000000078c700000| Complete 
| 200|0x000000078c800000, 0x000000078c900000, 0x000000078c900000|100%|HS|  |TAMS 0x000000078c800000, 0x000000078c800000| Complete 
| 201|0x000000078c900000, 0x000000078ca00000, 0x000000078ca00000|100%|HS|  |TAMS 0x000000078c900000, 0x000000078c900000| Complete 
| 202|0x000000078ca00000, 0x000000078cb00000, 0x000000078cb00000|100%|HS|  |TAMS 0x000000078ca00000, 0x000000078ca00000| Complete 
| 203|0x000000078cb00000, 0x000000078cc00000, 0x000000078cc00000|100%| O|  |TAMS 0x000000078cc00000, 0x000000078cb00000| Untracked 
| 204|0x000000078cc00000, 0x000000078cd00000, 0x000000078cd00000|100%|HS|  |TAMS 0x000000078cc00000, 0x000000078cc00000| Complete 
| 205|0x000000078cd00000, 0x000000078ce00000, 0x000000078ce00000|100%|HC|  |TAMS 0x000000078cd00000, 0x000000078cd00000| Complete 
| 206|0x000000078ce00000, 0x000000078cf00000, 0x000000078cf00000|100%| O|  |TAMS 0x000000078ce00000, 0x000000078ce00000| Untracked 
| 207|0x000000078cf00000, 0x000000078d000000, 0x000000078d000000|100%| O|  |TAMS 0x000000078cf00000, 0x000000078cf00000| Untracked 
| 208|0x000000078d000000, 0x000000078d100000, 0x000000078d100000|100%| O|  |TAMS 0x000000078d100000, 0x000000078d000000| Untracked 
| 209|0x000000078d100000, 0x000000078d200000, 0x000000078d200000|100%| O|  |TAMS 0x000000078d200000, 0x000000078d100000| Untracked 
| 210|0x000000078d200000, 0x000000078d300000, 0x000000078d300000|100%| O|  |TAMS 0x000000078d200000, 0x000000078d200000| Untracked 
| 211|0x000000078d300000, 0x000000078d400000, 0x000000078d400000|100%| O|  |TAMS 0x000000078d400000, 0x000000078d300000| Untracked 
| 212|0x000000078d400000, 0x000000078d500000, 0x000000078d500000|100%|HS|  |TAMS 0x000000078d400000, 0x000000078d400000| Complete 
| 213|0x000000078d500000, 0x000000078d600000, 0x000000078d600000|100%| O|  |TAMS 0x000000078d500000, 0x000000078d500000| Untracked 
| 214|0x000000078d600000, 0x000000078d700000, 0x000000078d700000|100%| O|  |TAMS 0x000000078d700000, 0x000000078d600000| Untracked 
| 215|0x000000078d700000, 0x000000078d800000, 0x000000078d800000|100%| O|  |TAMS 0x000000078d700000, 0x000000078d700000| Untracked 
| 216|0x000000078d800000, 0x000000078d900000, 0x000000078d900000|100%| O|  |TAMS 0x000000078d800000, 0x000000078d800000| Untracked 
| 217|0x000000078d900000, 0x000000078da00000, 0x000000078da00000|100%| O|  |TAMS 0x000000078d900000, 0x000000078d900000| Untracked 
| 218|0x000000078da00000, 0x000000078db00000, 0x000000078db00000|100%| O|  |TAMS 0x000000078da00000, 0x000000078da00000| Untracked 
| 219|0x000000078db00000, 0x000000078dc00000, 0x000000078dc00000|100%| O|  |TAMS 0x000000078db00000, 0x000000078db00000| Untracked 
| 220|0x000000078dc00000, 0x000000078dd00000, 0x000000078dd00000|100%| O|  |TAMS 0x000000078dc00000, 0x000000078dc00000| Untracked 
| 221|0x000000078dd00000, 0x000000078de00000, 0x000000078de00000|100%| O|  |TAMS 0x000000078dd00000, 0x000000078dd00000| Untracked 
| 222|0x000000078de00000, 0x000000078df00000, 0x000000078df00000|100%| O|  |TAMS 0x000000078de00000, 0x000000078de00000| Untracked 
| 223|0x000000078df00000, 0x000000078e000000, 0x000000078e000000|100%|HS|  |TAMS 0x000000078df00000, 0x000000078df00000| Complete 
| 224|0x000000078e000000, 0x000000078e100000, 0x000000078e100000|100%| O|  |TAMS 0x000000078e100000, 0x000000078e000000| Untracked 
| 225|0x000000078e100000, 0x000000078e200000, 0x000000078e200000|100%|HS|  |TAMS 0x000000078e200000, 0x000000078e100000| Complete 
| 226|0x000000078e200000, 0x000000078e300000, 0x000000078e300000|100%|HC|  |TAMS 0x000000078e300000, 0x000000078e200000| Complete 
| 227|0x000000078e300000, 0x000000078e400000, 0x000000078e400000|100%|HS|  |TAMS 0x000000078e400000, 0x000000078e300000| Complete 
| 228|0x000000078e400000, 0x000000078e500000, 0x000000078e500000|100%|HC|  |TAMS 0x000000078e500000, 0x000000078e400000| Complete 
| 229|0x000000078e500000, 0x000000078e600000, 0x000000078e600000|100%|HC|  |TAMS 0x000000078e600000, 0x000000078e500000| Complete 
| 230|0x000000078e600000, 0x000000078e700000, 0x000000078e700000|100%|HS|  |TAMS 0x000000078e700000, 0x000000078e600000| Complete 
| 231|0x000000078e700000, 0x000000078e800000, 0x000000078e800000|100%|HC|  |TAMS 0x000000078e800000, 0x000000078e700000| Complete 
| 232|0x000000078e800000, 0x000000078e900000, 0x000000078e900000|100%| O|  |TAMS 0x000000078e800000, 0x000000078e800000| Untracked 
| 233|0x000000078e900000, 0x000000078ea00000, 0x000000078ea00000|100%|HS|  |TAMS 0x000000078ea00000, 0x000000078e900000| Complete 
| 234|0x000000078ea00000, 0x000000078eb00000, 0x000000078eb00000|100%|HC|  |TAMS 0x000000078eb00000, 0x000000078ea00000| Complete 
| 235|0x000000078eb00000, 0x000000078eb00000, 0x000000078ec00000|  0%| F|  |TAMS 0x000000078eb00000, 0x000000078eb00000| Untracked 
| 236|0x000000078ec00000, 0x000000078ed00000, 0x000000078ed00000|100%| O|  |TAMS 0x000000078ed00000, 0x000000078ec00000| Untracked 
| 237|0x000000078ed00000, 0x000000078ee00000, 0x000000078ee00000|100%| O|  |TAMS 0x000000078ed00000, 0x000000078ed00000| Untracked 
| 238|0x000000078ee00000, 0x000000078ef00000, 0x000000078ef00000|100%| O|  |TAMS 0x000000078ee00000, 0x000000078ee00000| Untracked 
| 239|0x000000078ef00000, 0x000000078f000000, 0x000000078f000000|100%|HS|  |TAMS 0x000000078f000000, 0x000000078ef00000| Complete 
| 240|0x000000078f000000, 0x000000078f100000, 0x000000078f100000|100%|HC|  |TAMS 0x000000078f100000, 0x000000078f000000| Complete 
| 241|0x000000078f100000, 0x000000078f200000, 0x000000078f200000|100%|HC|  |TAMS 0x000000078f200000, 0x000000078f100000| Complete 
| 242|0x000000078f200000, 0x000000078f300000, 0x000000078f300000|100%|HS|  |TAMS 0x000000078f200000, 0x000000078f200000| Complete 
| 243|0x000000078f300000, 0x000000078f400000, 0x000000078f400000|100%| O|  |TAMS 0x000000078f300000, 0x000000078f300000| Untracked 
| 244|0x000000078f400000, 0x000000078f500000, 0x000000078f500000|100%|HS|  |TAMS 0x000000078f500000, 0x000000078f400000| Complete 
| 245|0x000000078f500000, 0x000000078f600000, 0x000000078f600000|100%|HC|  |TAMS 0x000000078f600000, 0x000000078f500000| Complete 
| 246|0x000000078f600000, 0x000000078f700000, 0x000000078f700000|100%| O|  |TAMS 0x000000078f600000, 0x000000078f600000| Untracked 
| 247|0x000000078f700000, 0x000000078f800000, 0x000000078f800000|100%| O|  |TAMS 0x000000078f800000, 0x000000078f700000| Untracked 
| 248|0x000000078f800000, 0x000000078f900000, 0x000000078f900000|100%| O|  |TAMS 0x000000078f800000, 0x000000078f800000| Untracked 
| 249|0x000000078f900000, 0x000000078fa00000, 0x000000078fa00000|100%| O|  |TAMS 0x000000078fa00000, 0x000000078f900000| Untracked 
| 250|0x000000078fa00000, 0x000000078fb00000, 0x000000078fb00000|100%|HS|  |TAMS 0x000000078fb00000, 0x000000078fa00000| Complete 
| 251|0x000000078fb00000, 0x000000078fc00000, 0x000000078fc00000|100%|HS|  |TAMS 0x000000078fc00000, 0x000000078fb00000| Complete 
| 252|0x000000078fc00000, 0x000000078fd00000, 0x000000078fd00000|100%|HC|  |TAMS 0x000000078fd00000, 0x000000078fc00000| Complete 
| 253|0x000000078fd00000, 0x000000078fe00000, 0x000000078fe00000|100%|HC|  |TAMS 0x000000078fe00000, 0x000000078fd00000| Complete 
| 254|0x000000078fe00000, 0x000000078ff00000, 0x000000078ff00000|100%|HS|  |TAMS 0x000000078ff00000, 0x000000078fe00000| Complete 
| 255|0x000000078ff00000, 0x0000000790000000, 0x0000000790000000|100%|HC|  |TAMS 0x0000000790000000, 0x000000078ff00000| Complete 
| 256|0x0000000790000000, 0x0000000790100000, 0x0000000790100000|100%|HC|  |TAMS 0x0000000790100000, 0x0000000790000000| Complete 
| 257|0x0000000790100000, 0x0000000790200000, 0x0000000790200000|100%| O|  |TAMS 0x0000000790200000, 0x0000000790100000| Untracked 
| 258|0x0000000790200000, 0x0000000790300000, 0x0000000790300000|100%| O|  |TAMS 0x0000000790300000, 0x0000000790200000| Untracked 
| 259|0x0000000790300000, 0x0000000790400000, 0x0000000790400000|100%| O|  |TAMS 0x0000000790400000, 0x0000000790300000| Untracked 
| 260|0x0000000790400000, 0x0000000790500000, 0x0000000790500000|100%| O|  |TAMS 0x0000000790500000, 0x0000000790400000| Untracked 
| 261|0x0000000790500000, 0x0000000790600000, 0x0000000790600000|100%| O|  |TAMS 0x0000000790600000, 0x0000000790500000| Untracked 
| 262|0x0000000790600000, 0x0000000790700000, 0x0000000790700000|100%| O|  |TAMS 0x0000000790700000, 0x0000000790600000| Untracked 
| 263|0x0000000790700000, 0x0000000790800000, 0x0000000790800000|100%| O|  |TAMS 0x0000000790800000, 0x0000000790700000| Untracked 
| 264|0x0000000790800000, 0x0000000790900000, 0x0000000790900000|100%| O|  |TAMS 0x0000000790900000, 0x0000000790800000| Untracked 
| 265|0x0000000790900000, 0x0000000790a00000, 0x0000000790a00000|100%| O|  |TAMS 0x0000000790a00000, 0x0000000790900000| Untracked 
| 266|0x0000000790a00000, 0x0000000790b00000, 0x0000000790b00000|100%| O|  |TAMS 0x0000000790b00000, 0x0000000790a00000| Untracked 
| 267|0x0000000790b00000, 0x0000000790c00000, 0x0000000790c00000|100%| O|  |TAMS 0x0000000790c00000, 0x0000000790b00000| Untracked 
| 268|0x0000000790c00000, 0x0000000790d00000, 0x0000000790d00000|100%| O|  |TAMS 0x0000000790d00000, 0x0000000790c00000| Untracked 
| 269|0x0000000790d00000, 0x0000000790e00000, 0x0000000790e00000|100%|HS|  |TAMS 0x0000000790d00000, 0x0000000790d00000| Complete 
| 270|0x0000000790e00000, 0x0000000790f00000, 0x0000000790f00000|100%|HC|  |TAMS 0x0000000790e00000, 0x0000000790e00000| Complete 
| 271|0x0000000790f00000, 0x0000000791000000, 0x0000000791000000|100%| O|  |TAMS 0x0000000790f00000, 0x0000000790f00000| Untracked 
| 272|0x0000000791000000, 0x0000000791000000, 0x0000000791100000|  0%| F|  |TAMS 0x0000000791000000, 0x0000000791000000| Untracked 
| 273|0x0000000791100000, 0x0000000791100000, 0x0000000791200000|  0%| F|  |TAMS 0x0000000791100000, 0x0000000791100000| Untracked 
| 274|0x0000000791200000, 0x0000000791300000, 0x0000000791300000|100%| O|  |TAMS 0x0000000791300000, 0x0000000791200000| Untracked 
| 275|0x0000000791300000, 0x0000000791300000, 0x0000000791400000|  0%| F|  |TAMS 0x0000000791300000, 0x0000000791300000| Untracked 
| 276|0x0000000791400000, 0x0000000791500000, 0x0000000791500000|100%| O|  |TAMS 0x0000000791500000, 0x0000000791400000| Untracked 
| 277|0x0000000791500000, 0x0000000791600000, 0x0000000791600000|100%| O|  |TAMS 0x0000000791500000, 0x0000000791500000| Untracked 
| 278|0x0000000791600000, 0x0000000791700000, 0x0000000791700000|100%| O|  |TAMS 0x0000000791600000, 0x0000000791600000| Untracked 
| 279|0x0000000791700000, 0x0000000791800000, 0x0000000791800000|100%| O|  |TAMS 0x0000000791800000, 0x0000000791700000| Untracked 
| 280|0x0000000791800000, 0x0000000791900000, 0x0000000791900000|100%| O|  |TAMS 0x0000000791800000, 0x0000000791800000| Untracked 
| 281|0x0000000791900000, 0x0000000791a00000, 0x0000000791a00000|100%| O|  |TAMS 0x0000000791a00000, 0x0000000791900000| Untracked 
| 282|0x0000000791a00000, 0x0000000791b00000, 0x0000000791b00000|100%| O|  |TAMS 0x0000000791a00000, 0x0000000791a00000| Untracked 
| 283|0x0000000791b00000, 0x0000000791c00000, 0x0000000791c00000|100%| O|  |TAMS 0x0000000791c00000, 0x0000000791b00000| Untracked 
| 284|0x0000000791c00000, 0x0000000791d00000, 0x0000000791d00000|100%| O|  |TAMS 0x0000000791c00000, 0x0000000791c00000| Untracked 
| 285|0x0000000791d00000, 0x0000000791e00000, 0x0000000791e00000|100%| O|  |TAMS 0x0000000791e00000, 0x0000000791d00000| Untracked 
| 286|0x0000000791e00000, 0x0000000791e00000, 0x0000000791f00000|  0%| F|  |TAMS 0x0000000791e00000, 0x0000000791e00000| Untracked 
| 287|0x0000000791f00000, 0x0000000792000000, 0x0000000792000000|100%| O|  |TAMS 0x0000000792000000, 0x0000000791f00000| Untracked 
| 288|0x0000000792000000, 0x0000000792100000, 0x0000000792100000|100%| O|  |TAMS 0x0000000792100000, 0x0000000792000000| Untracked 
| 289|0x0000000792100000, 0x0000000792200000, 0x0000000792200000|100%| O|  |TAMS 0x0000000792200000, 0x0000000792100000| Untracked 
| 290|0x0000000792200000, 0x0000000792300000, 0x0000000792300000|100%| O|  |TAMS 0x0000000792300000, 0x0000000792200000| Untracked 
| 291|0x0000000792300000, 0x0000000792400000, 0x0000000792400000|100%| O|  |TAMS 0x0000000792400000, 0x0000000792300000| Untracked 
| 292|0x0000000792400000, 0x0000000792500000, 0x0000000792500000|100%| O|  |TAMS 0x0000000792400000, 0x0000000792400000| Untracked 
| 293|0x0000000792500000, 0x00000007925d7800, 0x0000000792600000| 84%| O|  |TAMS 0x0000000792500000, 0x0000000792500000| Untracked 
| 294|0x0000000792600000, 0x0000000792600000, 0x0000000792700000|  0%| F|  |TAMS 0x0000000792600000, 0x0000000792600000| Untracked 
| 295|0x0000000792700000, 0x0000000792700000, 0x0000000792800000|  0%| F|  |TAMS 0x0000000792700000, 0x0000000792700000| Untracked 
| 296|0x0000000792800000, 0x0000000792900000, 0x0000000792900000|100%| O|  |TAMS 0x0000000792900000, 0x0000000792800000| Untracked 
| 297|0x0000000792900000, 0x0000000792900000, 0x0000000792a00000|  0%| F|  |TAMS 0x0000000792900000, 0x0000000792900000| Untracked 
| 298|0x0000000792a00000, 0x0000000792b00000, 0x0000000792b00000|100%| O|  |TAMS 0x0000000792b00000, 0x0000000792a00000| Untracked 
| 299|0x0000000792b00000, 0x0000000792c00000, 0x0000000792c00000|100%| O|  |TAMS 0x0000000792c00000, 0x0000000792b00000| Untracked 
| 300|0x0000000792c00000, 0x0000000792d00000, 0x0000000792d00000|100%| O|  |TAMS 0x0000000792d00000, 0x0000000792c00000| Untracked 
| 301|0x0000000792d00000, 0x0000000792e00000, 0x0000000792e00000|100%| O|  |TAMS 0x0000000792e00000, 0x0000000792d00000| Untracked 
| 302|0x0000000792e00000, 0x0000000792f00000, 0x0000000792f00000|100%| O|  |TAMS 0x0000000792f00000, 0x0000000792e00000| Untracked 
| 303|0x0000000792f00000, 0x0000000793000000, 0x0000000793000000|100%| O|  |TAMS 0x0000000793000000, 0x0000000792f00000| Untracked 
| 304|0x0000000793000000, 0x0000000793100000, 0x0000000793100000|100%| O|  |TAMS 0x0000000793100000, 0x0000000793000000| Untracked 
| 305|0x0000000793100000, 0x0000000793200000, 0x0000000793200000|100%| O|  |TAMS 0x0000000793200000, 0x0000000793100000| Untracked 
| 306|0x0000000793200000, 0x0000000793200000, 0x0000000793300000|  0%| F|  |TAMS 0x0000000793200000, 0x0000000793200000| Untracked 
| 307|0x0000000793300000, 0x0000000793400000, 0x0000000793400000|100%| O|  |TAMS 0x0000000793400000, 0x0000000793300000| Untracked 
| 308|0x0000000793400000, 0x0000000793400000, 0x0000000793500000|  0%| F|  |TAMS 0x0000000793400000, 0x0000000793400000| Untracked 
| 309|0x0000000793500000, 0x0000000793600000, 0x0000000793600000|100%| O|  |TAMS 0x0000000793600000, 0x0000000793500000| Untracked 
| 310|0x0000000793600000, 0x0000000793600000, 0x0000000793700000|  0%| F|  |TAMS 0x0000000793600000, 0x0000000793600000| Untracked 
| 311|0x0000000793700000, 0x0000000793700000, 0x0000000793800000|  0%| F|  |TAMS 0x0000000793700000, 0x0000000793700000| Untracked 
| 312|0x0000000793800000, 0x0000000793900000, 0x0000000793900000|100%| O|  |TAMS 0x0000000793900000, 0x0000000793800000| Untracked 
| 313|0x0000000793900000, 0x0000000793a00000, 0x0000000793a00000|100%| O|  |TAMS 0x0000000793a00000, 0x0000000793900000| Untracked 
| 314|0x0000000793a00000, 0x0000000793b00000, 0x0000000793b00000|100%| O|  |TAMS 0x0000000793b00000, 0x0000000793a00000| Untracked 
| 315|0x0000000793b00000, 0x0000000793b00000, 0x0000000793c00000|  0%| F|  |TAMS 0x0000000793b00000, 0x0000000793b00000| Untracked 
| 316|0x0000000793c00000, 0x0000000793c00000, 0x0000000793d00000|  0%| F|  |TAMS 0x0000000793c00000, 0x0000000793c00000| Untracked 
| 317|0x0000000793d00000, 0x0000000793d00000, 0x0000000793e00000|  0%| F|  |TAMS 0x0000000793d00000, 0x0000000793d00000| Untracked 
| 318|0x0000000793e00000, 0x0000000793e00000, 0x0000000793f00000|  0%| F|  |TAMS 0x0000000793e00000, 0x0000000793e00000| Untracked 
| 319|0x0000000793f00000, 0x0000000793f00000, 0x0000000794000000|  0%| F|  |TAMS 0x0000000793f00000, 0x0000000793f00000| Untracked 
| 320|0x0000000794000000, 0x0000000794000000, 0x0000000794100000|  0%| F|  |TAMS 0x0000000794000000, 0x0000000794000000| Untracked 
| 321|0x0000000794100000, 0x0000000794100000, 0x0000000794200000|  0%| F|  |TAMS 0x0000000794100000, 0x0000000794100000| Untracked 
| 322|0x0000000794200000, 0x0000000794200000, 0x0000000794300000|  0%| F|  |TAMS 0x0000000794200000, 0x0000000794200000| Untracked 
| 323|0x0000000794300000, 0x0000000794300000, 0x0000000794400000|  0%| F|  |TAMS 0x0000000794300000, 0x0000000794300000| Untracked 
| 324|0x0000000794400000, 0x0000000794500000, 0x0000000794500000|100%| O|  |TAMS 0x0000000794500000, 0x0000000794400000| Untracked 
| 325|0x0000000794500000, 0x0000000794600000, 0x0000000794600000|100%| O|  |TAMS 0x0000000794600000, 0x0000000794500000| Untracked 
| 326|0x0000000794600000, 0x0000000794600000, 0x0000000794700000|  0%| F|  |TAMS 0x0000000794600000, 0x0000000794600000| Untracked 
| 327|0x0000000794700000, 0x0000000794800000, 0x0000000794800000|100%| O|  |TAMS 0x0000000794800000, 0x0000000794700000| Untracked 
| 328|0x0000000794800000, 0x0000000794900000, 0x0000000794900000|100%| O|  |TAMS 0x0000000794900000, 0x0000000794800000| Untracked 
| 329|0x0000000794900000, 0x0000000794900000, 0x0000000794a00000|  0%| F|  |TAMS 0x0000000794900000, 0x0000000794900000| Untracked 
| 330|0x0000000794a00000, 0x0000000794a00000, 0x0000000794b00000|  0%| F|  |TAMS 0x0000000794a00000, 0x0000000794a00000| Untracked 
| 331|0x0000000794b00000, 0x0000000794c00000, 0x0000000794c00000|100%| O|  |TAMS 0x0000000794c00000, 0x0000000794b00000| Untracked 
| 332|0x0000000794c00000, 0x0000000794d00000, 0x0000000794d00000|100%| O|  |TAMS 0x0000000794d00000, 0x0000000794c00000| Untracked 
| 333|0x0000000794d00000, 0x0000000794e00000, 0x0000000794e00000|100%| O|  |TAMS 0x0000000794e00000, 0x0000000794d00000| Untracked 
| 334|0x0000000794e00000, 0x0000000794f00000, 0x0000000794f00000|100%| O|  |TAMS 0x0000000794f00000, 0x0000000794e00000| Untracked 
| 335|0x0000000794f00000, 0x0000000794f00000, 0x0000000795000000|  0%| F|  |TAMS 0x0000000794f00000, 0x0000000794f00000| Untracked 
| 336|0x0000000795000000, 0x0000000795100000, 0x0000000795100000|100%| O|  |TAMS 0x0000000795100000, 0x0000000795000000| Untracked 
| 337|0x0000000795100000, 0x0000000795100000, 0x0000000795200000|  0%| F|  |TAMS 0x0000000795100000, 0x0000000795100000| Untracked 
| 338|0x0000000795200000, 0x0000000795300000, 0x0000000795300000|100%| O|  |TAMS 0x0000000795300000, 0x0000000795200000| Untracked 
| 339|0x0000000795300000, 0x0000000795300000, 0x0000000795400000|  0%| F|  |TAMS 0x0000000795300000, 0x0000000795300000| Untracked 
| 340|0x0000000795400000, 0x0000000795500000, 0x0000000795500000|100%| O|  |TAMS 0x0000000795500000, 0x0000000795400000| Untracked 
| 341|0x0000000795500000, 0x0000000795500000, 0x0000000795600000|  0%| F|  |TAMS 0x0000000795500000, 0x0000000795500000| Untracked 
| 342|0x0000000795600000, 0x0000000795600000, 0x0000000795700000|  0%| F|  |TAMS 0x0000000795600000, 0x0000000795600000| Untracked 
| 343|0x0000000795700000, 0x0000000795800000, 0x0000000795800000|100%| O|  |TAMS 0x0000000795800000, 0x0000000795700000| Untracked 
| 344|0x0000000795800000, 0x0000000795900000, 0x0000000795900000|100%| O|  |TAMS 0x0000000795900000, 0x0000000795800000| Untracked 
| 345|0x0000000795900000, 0x0000000795900000, 0x0000000795a00000|  0%| F|  |TAMS 0x0000000795900000, 0x0000000795900000| Untracked 
| 346|0x0000000795a00000, 0x0000000795b00000, 0x0000000795b00000|100%| O|  |TAMS 0x0000000795b00000, 0x0000000795a00000| Untracked 
| 347|0x0000000795b00000, 0x0000000795c00000, 0x0000000795c00000|100%| O|  |TAMS 0x0000000795c00000, 0x0000000795b00000| Untracked 
| 348|0x0000000795c00000, 0x0000000795d00000, 0x0000000795d00000|100%| O|  |TAMS 0x0000000795d00000, 0x0000000795c00000| Untracked 
| 349|0x0000000795d00000, 0x0000000795e00000, 0x0000000795e00000|100%| O|  |TAMS 0x0000000795e00000, 0x0000000795d00000| Untracked 
| 350|0x0000000795e00000, 0x0000000795f00000, 0x0000000795f00000|100%| O|  |TAMS 0x0000000795f00000, 0x0000000795e00000| Untracked 
| 351|0x0000000795f00000, 0x0000000796000000, 0x0000000796000000|100%| O|  |TAMS 0x0000000796000000, 0x0000000795f00000| Untracked 
| 352|0x0000000796000000, 0x0000000796000000, 0x0000000796100000|  0%| F|  |TAMS 0x0000000796000000, 0x0000000796000000| Untracked 
| 353|0x0000000796100000, 0x0000000796100000, 0x0000000796200000|  0%| F|  |TAMS 0x0000000796100000, 0x0000000796100000| Untracked 
| 354|0x0000000796200000, 0x0000000796200000, 0x0000000796300000|  0%| F|  |TAMS 0x0000000796200000, 0x0000000796200000| Untracked 
| 355|0x0000000796300000, 0x0000000796300000, 0x0000000796400000|  0%| F|  |TAMS 0x0000000796300000, 0x0000000796300000| Untracked 
| 356|0x0000000796400000, 0x0000000796400000, 0x0000000796500000|  0%| F|  |TAMS 0x0000000796400000, 0x0000000796400000| Untracked 
| 357|0x0000000796500000, 0x0000000796500000, 0x0000000796600000|  0%| F|  |TAMS 0x0000000796500000, 0x0000000796500000| Untracked 
| 358|0x0000000796600000, 0x0000000796600000, 0x0000000796700000|  0%| F|  |TAMS 0x0000000796600000, 0x0000000796600000| Untracked 
| 359|0x0000000796700000, 0x0000000796700000, 0x0000000796800000|  0%| F|  |TAMS 0x0000000796700000, 0x0000000796700000| Untracked 
| 360|0x0000000796800000, 0x0000000796800000, 0x0000000796900000|  0%| F|  |TAMS 0x0000000796800000, 0x0000000796800000| Untracked 
| 361|0x0000000796900000, 0x0000000796900000, 0x0000000796a00000|  0%| F|  |TAMS 0x0000000796900000, 0x0000000796900000| Untracked 
| 362|0x0000000796a00000, 0x0000000796b00000, 0x0000000796b00000|100%| O|  |TAMS 0x0000000796b00000, 0x0000000796a00000| Untracked 
| 363|0x0000000796b00000, 0x0000000796b00000, 0x0000000796c00000|  0%| F|  |TAMS 0x0000000796b00000, 0x0000000796b00000| Untracked 
| 364|0x0000000796c00000, 0x0000000796c00000, 0x0000000796d00000|  0%| F|  |TAMS 0x0000000796c00000, 0x0000000796c00000| Untracked 
| 365|0x0000000796d00000, 0x0000000796e00000, 0x0000000796e00000|100%| O|  |TAMS 0x0000000796e00000, 0x0000000796d00000| Untracked 
| 366|0x0000000796e00000, 0x0000000796e00000, 0x0000000796f00000|  0%| F|  |TAMS 0x0000000796e00000, 0x0000000796e00000| Untracked 
| 367|0x0000000796f00000, 0x0000000796f00000, 0x0000000797000000|  0%| F|  |TAMS 0x0000000796f00000, 0x0000000796f00000| Untracked 
| 368|0x0000000797000000, 0x0000000797000000, 0x0000000797100000|  0%| F|  |TAMS 0x0000000797000000, 0x0000000797000000| Untracked 
| 369|0x0000000797100000, 0x0000000797100000, 0x0000000797200000|  0%| F|  |TAMS 0x0000000797100000, 0x0000000797100000| Untracked 
| 370|0x0000000797200000, 0x0000000797200000, 0x0000000797300000|  0%| F|  |TAMS 0x0000000797200000, 0x0000000797200000| Untracked 
| 371|0x0000000797300000, 0x0000000797300000, 0x0000000797400000|  0%| F|  |TAMS 0x0000000797300000, 0x0000000797300000| Untracked 
| 372|0x0000000797400000, 0x0000000797400000, 0x0000000797500000|  0%| F|  |TAMS 0x0000000797400000, 0x0000000797400000| Untracked 
| 373|0x0000000797500000, 0x0000000797500000, 0x0000000797600000|  0%| F|  |TAMS 0x0000000797500000, 0x0000000797500000| Untracked 
| 374|0x0000000797600000, 0x0000000797700000, 0x0000000797700000|100%| O|  |TAMS 0x0000000797700000, 0x0000000797600000| Untracked 
| 375|0x0000000797700000, 0x0000000797800000, 0x0000000797800000|100%| O|  |TAMS 0x0000000797800000, 0x0000000797700000| Untracked 
| 376|0x0000000797800000, 0x0000000797800000, 0x0000000797900000|  0%| F|  |TAMS 0x0000000797800000, 0x0000000797800000| Untracked 
| 377|0x0000000797900000, 0x0000000797a00000, 0x0000000797a00000|100%| O|  |TAMS 0x0000000797a00000, 0x0000000797900000| Untracked 
| 378|0x0000000797a00000, 0x0000000797b00000, 0x0000000797b00000|100%| O|  |TAMS 0x0000000797b00000, 0x0000000797a00000| Untracked 
| 379|0x0000000797b00000, 0x0000000797c00000, 0x0000000797c00000|100%| O|  |TAMS 0x0000000797c00000, 0x0000000797b00000| Untracked 
| 380|0x0000000797c00000, 0x0000000797d00000, 0x0000000797d00000|100%| O|  |TAMS 0x0000000797d00000, 0x0000000797c00000| Untracked 
| 381|0x0000000797d00000, 0x0000000797d00000, 0x0000000797e00000|  0%| F|  |TAMS 0x0000000797d00000, 0x0000000797d00000| Untracked 
| 382|0x0000000797e00000, 0x0000000797e00000, 0x0000000797f00000|  0%| F|  |TAMS 0x0000000797e00000, 0x0000000797e00000| Untracked 
| 383|0x0000000797f00000, 0x0000000797f00000, 0x0000000798000000|  0%| F|  |TAMS 0x0000000797f00000, 0x0000000797f00000| Untracked 
| 384|0x0000000798000000, 0x0000000798000000, 0x0000000798100000|  0%| F|  |TAMS 0x0000000798000000, 0x0000000798000000| Untracked 
| 385|0x0000000798100000, 0x0000000798100000, 0x0000000798200000|  0%| F|  |TAMS 0x0000000798100000, 0x0000000798100000| Untracked 
| 386|0x0000000798200000, 0x0000000798300000, 0x0000000798300000|100%| O|  |TAMS 0x0000000798300000, 0x0000000798200000| Untracked 
| 387|0x0000000798300000, 0x0000000798400000, 0x0000000798400000|100%| O|  |TAMS 0x0000000798400000, 0x0000000798300000| Untracked 
| 388|0x0000000798400000, 0x0000000798500000, 0x0000000798500000|100%| O|  |TAMS 0x0000000798500000, 0x0000000798400000| Untracked 
| 389|0x0000000798500000, 0x0000000798600000, 0x0000000798600000|100%| O|  |TAMS 0x0000000798600000, 0x0000000798500000| Untracked 
| 390|0x0000000798600000, 0x0000000798600000, 0x0000000798700000|  0%| F|  |TAMS 0x0000000798600000, 0x0000000798600000| Untracked 
| 391|0x0000000798700000, 0x0000000798800000, 0x0000000798800000|100%| O|  |TAMS 0x0000000798800000, 0x0000000798700000| Untracked 
| 392|0x0000000798800000, 0x0000000798800000, 0x0000000798900000|  0%| F|  |TAMS 0x0000000798800000, 0x0000000798800000| Untracked 
| 393|0x0000000798900000, 0x0000000798900000, 0x0000000798a00000|  0%| F|  |TAMS 0x0000000798900000, 0x0000000798900000| Untracked 
| 394|0x0000000798a00000, 0x0000000798a00000, 0x0000000798b00000|  0%| F|  |TAMS 0x0000000798a00000, 0x0000000798a00000| Untracked 
| 395|0x0000000798b00000, 0x0000000798b00000, 0x0000000798c00000|  0%| F|  |TAMS 0x0000000798b00000, 0x0000000798b00000| Untracked 
| 396|0x0000000798c00000, 0x0000000798c00000, 0x0000000798d00000|  0%| F|  |TAMS 0x0000000798c00000, 0x0000000798c00000| Untracked 
| 397|0x0000000798d00000, 0x0000000798d00000, 0x0000000798e00000|  0%| F|  |TAMS 0x0000000798d00000, 0x0000000798d00000| Untracked 
| 398|0x0000000798e00000, 0x0000000798e00000, 0x0000000798f00000|  0%| F|  |TAMS 0x0000000798e00000, 0x0000000798e00000| Untracked 
| 399|0x0000000798f00000, 0x0000000798f00000, 0x0000000799000000|  0%| F|  |TAMS 0x0000000798f00000, 0x0000000798f00000| Untracked 
| 400|0x0000000799000000, 0x0000000799000000, 0x0000000799100000|  0%| F|  |TAMS 0x0000000799000000, 0x0000000799000000| Untracked 
| 401|0x0000000799100000, 0x0000000799200000, 0x0000000799200000|100%| O|  |TAMS 0x0000000799200000, 0x0000000799100000| Untracked 
| 402|0x0000000799200000, 0x0000000799300000, 0x0000000799300000|100%| O|  |TAMS 0x0000000799300000, 0x0000000799200000| Untracked 
| 403|0x0000000799300000, 0x0000000799300000, 0x0000000799400000|  0%| F|  |TAMS 0x0000000799300000, 0x0000000799300000| Untracked 
| 404|0x0000000799400000, 0x0000000799400000, 0x0000000799500000|  0%| F|  |TAMS 0x0000000799400000, 0x0000000799400000| Untracked 
| 405|0x0000000799500000, 0x0000000799500000, 0x0000000799600000|  0%| F|  |TAMS 0x0000000799500000, 0x0000000799500000| Untracked 
| 406|0x0000000799600000, 0x0000000799600000, 0x0000000799700000|  0%| F|  |TAMS 0x0000000799600000, 0x0000000799600000| Untracked 
| 407|0x0000000799700000, 0x0000000799700000, 0x0000000799800000|  0%| F|  |TAMS 0x0000000799700000, 0x0000000799700000| Untracked 
| 408|0x0000000799800000, 0x0000000799800000, 0x0000000799900000|  0%| F|  |TAMS 0x0000000799800000, 0x0000000799800000| Untracked 
| 409|0x0000000799900000, 0x0000000799900000, 0x0000000799a00000|  0%| F|  |TAMS 0x0000000799900000, 0x0000000799900000| Untracked 
| 410|0x0000000799a00000, 0x0000000799b00000, 0x0000000799b00000|100%| O|  |TAMS 0x0000000799b00000, 0x0000000799a00000| Untracked 
| 411|0x0000000799b00000, 0x0000000799c00000, 0x0000000799c00000|100%| O|  |TAMS 0x0000000799c00000, 0x0000000799b00000| Untracked 
| 412|0x0000000799c00000, 0x0000000799d00000, 0x0000000799d00000|100%| O|  |TAMS 0x0000000799d00000, 0x0000000799c00000| Untracked 
| 413|0x0000000799d00000, 0x0000000799e00000, 0x0000000799e00000|100%| O|  |TAMS 0x0000000799e00000, 0x0000000799d00000| Untracked 
| 414|0x0000000799e00000, 0x0000000799f00000, 0x0000000799f00000|100%| O|  |TAMS 0x0000000799f00000, 0x0000000799e00000| Untracked 
| 415|0x0000000799f00000, 0x000000079a000000, 0x000000079a000000|100%| O|  |TAMS 0x000000079a000000, 0x0000000799f00000| Untracked 
| 416|0x000000079a000000, 0x000000079a100000, 0x000000079a100000|100%| O|  |TAMS 0x000000079a100000, 0x000000079a000000| Untracked 
| 417|0x000000079a100000, 0x000000079a200000, 0x000000079a200000|100%|HS|  |TAMS 0x000000079a200000, 0x000000079a100000| Complete 
| 418|0x000000079a200000, 0x000000079a300000, 0x000000079a300000|100%|HC|  |TAMS 0x000000079a300000, 0x000000079a200000| Complete 
| 419|0x000000079a300000, 0x000000079a300000, 0x000000079a400000|  0%| F|  |TAMS 0x000000079a300000, 0x000000079a300000| Untracked 
| 420|0x000000079a400000, 0x000000079a400000, 0x000000079a500000|  0%| F|  |TAMS 0x000000079a400000, 0x000000079a400000| Untracked 
| 421|0x000000079a500000, 0x000000079a5ffff8, 0x000000079a600000| 99%| O|  |TAMS 0x000000079a5ffff8, 0x000000079a500000| Untracked 
| 422|0x000000079a600000, 0x000000079a700000, 0x000000079a700000|100%| O|  |TAMS 0x000000079a700000, 0x000000079a600000| Untracked 
| 423|0x000000079a700000, 0x000000079a800000, 0x000000079a800000|100%| O|  |TAMS 0x000000079a800000, 0x000000079a700000| Untracked 
| 424|0x000000079a800000, 0x000000079a900000, 0x000000079a900000|100%| O|  |TAMS 0x000000079a900000, 0x000000079a800000| Untracked 
| 425|0x000000079a900000, 0x000000079aa00000, 0x000000079aa00000|100%| O|  |TAMS 0x000000079aa00000, 0x000000079a900000| Untracked 
| 426|0x000000079aa00000, 0x000000079ab00000, 0x000000079ab00000|100%| O|  |TAMS 0x000000079ab00000, 0x000000079aa00000| Untracked 
| 427|0x000000079ab00000, 0x000000079ac00000, 0x000000079ac00000|100%| O|  |TAMS 0x000000079ac00000, 0x000000079ab00000| Untracked 
| 428|0x000000079ac00000, 0x000000079ad00000, 0x000000079ad00000|100%| O|  |TAMS 0x000000079ad00000, 0x000000079ac00000| Untracked 
| 429|0x000000079ad00000, 0x000000079ae00000, 0x000000079ae00000|100%| O|  |TAMS 0x000000079ae00000, 0x000000079ad00000| Untracked 
| 430|0x000000079ae00000, 0x000000079af00000, 0x000000079af00000|100%| O|  |TAMS 0x000000079af00000, 0x000000079ae00000| Untracked 
| 431|0x000000079af00000, 0x000000079b000000, 0x000000079b000000|100%| O|  |TAMS 0x000000079b000000, 0x000000079af00000| Untracked 
| 432|0x000000079b000000, 0x000000079b100000, 0x000000079b100000|100%| O|  |TAMS 0x000000079b100000, 0x000000079b000000| Untracked 
| 433|0x000000079b100000, 0x000000079b200000, 0x000000079b200000|100%| O|  |TAMS 0x000000079b200000, 0x000000079b100000| Untracked 
| 434|0x000000079b200000, 0x000000079b300000, 0x000000079b300000|100%| O|  |TAMS 0x000000079b300000, 0x000000079b200000| Untracked 
| 435|0x000000079b300000, 0x000000079b300000, 0x000000079b400000|  0%| F|  |TAMS 0x000000079b300000, 0x000000079b300000| Untracked 
| 436|0x000000079b400000, 0x000000079b500000, 0x000000079b500000|100%| O|  |TAMS 0x000000079b500000, 0x000000079b400000| Untracked 
| 437|0x000000079b500000, 0x000000079b600000, 0x000000079b600000|100%| O|  |TAMS 0x000000079b600000, 0x000000079b500000| Untracked 
| 438|0x000000079b600000, 0x000000079b700000, 0x000000079b700000|100%| O|  |TAMS 0x000000079b700000, 0x000000079b600000| Untracked 
| 439|0x000000079b700000, 0x000000079b800000, 0x000000079b800000|100%| O|  |TAMS 0x000000079b800000, 0x000000079b700000| Untracked 
| 440|0x000000079b800000, 0x000000079b900000, 0x000000079b900000|100%| O|  |TAMS 0x000000079b900000, 0x000000079b800000| Untracked 
| 441|0x000000079b900000, 0x000000079ba00000, 0x000000079ba00000|100%| O|  |TAMS 0x000000079ba00000, 0x000000079b900000| Untracked 
| 442|0x000000079ba00000, 0x000000079bb00000, 0x000000079bb00000|100%| O|  |TAMS 0x000000079bb00000, 0x000000079ba00000| Untracked 
| 443|0x000000079bb00000, 0x000000079bc00000, 0x000000079bc00000|100%| O|  |TAMS 0x000000079bc00000, 0x000000079bb00000| Untracked 
| 444|0x000000079bc00000, 0x000000079bd00000, 0x000000079bd00000|100%| O|  |TAMS 0x000000079bd00000, 0x000000079bc00000| Untracked 
| 445|0x000000079bd00000, 0x000000079be00000, 0x000000079be00000|100%| O|  |TAMS 0x000000079be00000, 0x000000079bd00000| Untracked 
| 446|0x000000079be00000, 0x000000079bf00000, 0x000000079bf00000|100%| O|  |TAMS 0x000000079bf00000, 0x000000079be00000| Untracked 
| 447|0x000000079bf00000, 0x000000079c000000, 0x000000079c000000|100%| O|  |TAMS 0x000000079c000000, 0x000000079bf00000| Untracked 
| 448|0x000000079c000000, 0x000000079c100000, 0x000000079c100000|100%| O|  |TAMS 0x000000079c100000, 0x000000079c000000| Untracked 
| 449|0x000000079c100000, 0x000000079c200000, 0x000000079c200000|100%| O|  |TAMS 0x000000079c200000, 0x000000079c100000| Untracked 
| 450|0x000000079c200000, 0x000000079c300000, 0x000000079c300000|100%| O|  |TAMS 0x000000079c300000, 0x000000079c200000| Untracked 
| 451|0x000000079c300000, 0x000000079c400000, 0x000000079c400000|100%| O|  |TAMS 0x000000079c400000, 0x000000079c300000| Untracked 
| 452|0x000000079c400000, 0x000000079c500000, 0x000000079c500000|100%| O|  |TAMS 0x000000079c500000, 0x000000079c400000| Untracked 
| 453|0x000000079c500000, 0x000000079c600000, 0x000000079c600000|100%| O|  |TAMS 0x000000079c600000, 0x000000079c500000| Untracked 
| 454|0x000000079c600000, 0x000000079c700000, 0x000000079c700000|100%| O|  |TAMS 0x000000079c700000, 0x000000079c600000| Untracked 
| 455|0x000000079c700000, 0x000000079c800000, 0x000000079c800000|100%| O|  |TAMS 0x000000079c800000, 0x000000079c700000| Untracked 
| 456|0x000000079c800000, 0x000000079c900000, 0x000000079c900000|100%| O|  |TAMS 0x000000079c900000, 0x000000079c800000| Untracked 
| 457|0x000000079c900000, 0x000000079ca00000, 0x000000079ca00000|100%| O|  |TAMS 0x000000079ca00000, 0x000000079c900000| Untracked 
| 458|0x000000079ca00000, 0x000000079cb00000, 0x000000079cb00000|100%| O|  |TAMS 0x000000079cb00000, 0x000000079ca00000| Untracked 
| 459|0x000000079cb00000, 0x000000079cc00000, 0x000000079cc00000|100%| O|  |TAMS 0x000000079cc00000, 0x000000079cb00000| Untracked 
| 460|0x000000079cc00000, 0x000000079cd00000, 0x000000079cd00000|100%| O|  |TAMS 0x000000079cd00000, 0x000000079cc00000| Untracked 
| 461|0x000000079cd00000, 0x000000079ce00000, 0x000000079ce00000|100%| O|  |TAMS 0x000000079ce00000, 0x000000079cd00000| Untracked 
| 462|0x000000079ce00000, 0x000000079cf00000, 0x000000079cf00000|100%| O|  |TAMS 0x000000079cf00000, 0x000000079ce00000| Untracked 
| 463|0x000000079cf00000, 0x000000079d000000, 0x000000079d000000|100%| O|  |TAMS 0x000000079d000000, 0x000000079cf00000| Untracked 
| 464|0x000000079d000000, 0x000000079d100000, 0x000000079d100000|100%| O|  |TAMS 0x000000079d100000, 0x000000079d000000| Untracked 
| 465|0x000000079d100000, 0x000000079d200000, 0x000000079d200000|100%| O|  |TAMS 0x000000079d200000, 0x000000079d100000| Untracked 
| 466|0x000000079d200000, 0x000000079d300000, 0x000000079d300000|100%| O|  |TAMS 0x000000079d300000, 0x000000079d200000| Untracked 
| 467|0x000000079d300000, 0x000000079d400000, 0x000000079d400000|100%| O|  |TAMS 0x000000079d400000, 0x000000079d300000| Untracked 
| 468|0x000000079d400000, 0x000000079d500000, 0x000000079d500000|100%| O|  |TAMS 0x000000079d500000, 0x000000079d400000| Untracked 
| 469|0x000000079d500000, 0x000000079d600000, 0x000000079d600000|100%| O|  |TAMS 0x000000079d600000, 0x000000079d500000| Untracked 
| 470|0x000000079d600000, 0x000000079d700000, 0x000000079d700000|100%| O|  |TAMS 0x000000079d700000, 0x000000079d600000| Untracked 
| 471|0x000000079d700000, 0x000000079d800000, 0x000000079d800000|100%| O|  |TAMS 0x000000079d800000, 0x000000079d700000| Untracked 
| 472|0x000000079d800000, 0x000000079d900000, 0x000000079d900000|100%| O|  |TAMS 0x000000079d900000, 0x000000079d800000| Untracked 
| 473|0x000000079d900000, 0x000000079da00000, 0x000000079da00000|100%| O|  |TAMS 0x000000079da00000, 0x000000079d900000| Untracked 
| 474|0x000000079da00000, 0x000000079db00000, 0x000000079db00000|100%| O|  |TAMS 0x000000079db00000, 0x000000079da00000| Untracked 
| 475|0x000000079db00000, 0x000000079dc00000, 0x000000079dc00000|100%| O|  |TAMS 0x000000079dc00000, 0x000000079db00000| Untracked 
| 476|0x000000079dc00000, 0x000000079dd00000, 0x000000079dd00000|100%| O|  |TAMS 0x000000079dd00000, 0x000000079dc00000| Untracked 
| 477|0x000000079dd00000, 0x000000079de00000, 0x000000079de00000|100%| O|  |TAMS 0x000000079de00000, 0x000000079dd00000| Untracked 
| 478|0x000000079de00000, 0x000000079df00000, 0x000000079df00000|100%| O|  |TAMS 0x000000079df00000, 0x000000079de00000| Untracked 
| 479|0x000000079df00000, 0x000000079e000000, 0x000000079e000000|100%| O|  |TAMS 0x000000079e000000, 0x000000079df00000| Untracked 
| 480|0x000000079e000000, 0x000000079e100000, 0x000000079e100000|100%| O|  |TAMS 0x000000079e100000, 0x000000079e000000| Untracked 
| 481|0x000000079e100000, 0x000000079e200000, 0x000000079e200000|100%| O|  |TAMS 0x000000079e200000, 0x000000079e100000| Untracked 
| 482|0x000000079e200000, 0x000000079e200000, 0x000000079e300000|  0%| F|  |TAMS 0x000000079e200000, 0x000000079e200000| Untracked 
| 483|0x000000079e300000, 0x000000079e300000, 0x000000079e400000|  0%| F|  |TAMS 0x000000079e300000, 0x000000079e300000| Untracked 
| 484|0x000000079e400000, 0x000000079e400000, 0x000000079e500000|  0%| F|  |TAMS 0x000000079e400000, 0x000000079e400000| Untracked 
| 485|0x000000079e500000, 0x000000079e500000, 0x000000079e600000|  0%| F|  |TAMS 0x000000079e500000, 0x000000079e500000| Untracked 
| 486|0x000000079e600000, 0x000000079e600000, 0x000000079e700000|  0%| F|  |TAMS 0x000000079e600000, 0x000000079e600000| Untracked 
| 487|0x000000079e700000, 0x000000079e700000, 0x000000079e800000|  0%| F|  |TAMS 0x000000079e700000, 0x000000079e700000| Untracked 
| 488|0x000000079e800000, 0x000000079e800000, 0x000000079e900000|  0%| F|  |TAMS 0x000000079e800000, 0x000000079e800000| Untracked 
| 489|0x000000079e900000, 0x000000079e900000, 0x000000079ea00000|  0%| F|  |TAMS 0x000000079e900000, 0x000000079e900000| Untracked 
| 490|0x000000079ea00000, 0x000000079ea00000, 0x000000079eb00000|  0%| F|  |TAMS 0x000000079ea00000, 0x000000079ea00000| Untracked 
| 491|0x000000079eb00000, 0x000000079eb00000, 0x000000079ec00000|  0%| F|  |TAMS 0x000000079eb00000, 0x000000079eb00000| Untracked 
| 492|0x000000079ec00000, 0x000000079ec00000, 0x000000079ed00000|  0%| F|  |TAMS 0x000000079ec00000, 0x000000079ec00000| Untracked 
| 493|0x000000079ed00000, 0x000000079ed00000, 0x000000079ee00000|  0%| F|  |TAMS 0x000000079ed00000, 0x000000079ed00000| Untracked 
| 494|0x000000079ee00000, 0x000000079ee00000, 0x000000079ef00000|  0%| F|  |TAMS 0x000000079ee00000, 0x000000079ee00000| Untracked 
| 495|0x000000079ef00000, 0x000000079ef00000, 0x000000079f000000|  0%| F|  |TAMS 0x000000079ef00000, 0x000000079ef00000| Untracked 
| 496|0x000000079f000000, 0x000000079f000000, 0x000000079f100000|  0%| F|  |TAMS 0x000000079f000000, 0x000000079f000000| Untracked 
| 497|0x000000079f100000, 0x000000079f100000, 0x000000079f200000|  0%| F|  |TAMS 0x000000079f100000, 0x000000079f100000| Untracked 
| 498|0x000000079f200000, 0x000000079f200000, 0x000000079f300000|  0%| F|  |TAMS 0x000000079f200000, 0x000000079f200000| Untracked 
| 499|0x000000079f300000, 0x000000079f300000, 0x000000079f400000|  0%| F|  |TAMS 0x000000079f300000, 0x000000079f300000| Untracked 
| 500|0x000000079f400000, 0x000000079f400000, 0x000000079f500000|  0%| F|  |TAMS 0x000000079f400000, 0x000000079f400000| Untracked 
| 501|0x000000079f500000, 0x000000079f500000, 0x000000079f600000|  0%| F|  |TAMS 0x000000079f500000, 0x000000079f500000| Untracked 
| 502|0x000000079f600000, 0x000000079f600000, 0x000000079f700000|  0%| F|  |TAMS 0x000000079f600000, 0x000000079f600000| Untracked 
| 503|0x000000079f700000, 0x000000079f700000, 0x000000079f800000|  0%| F|  |TAMS 0x000000079f700000, 0x000000079f700000| Untracked 
| 504|0x000000079f800000, 0x000000079f800000, 0x000000079f900000|  0%| F|  |TAMS 0x000000079f800000, 0x000000079f800000| Untracked 
| 505|0x000000079f900000, 0x000000079f900000, 0x000000079fa00000|  0%| F|  |TAMS 0x000000079f900000, 0x000000079f900000| Untracked 
| 506|0x000000079fa00000, 0x000000079fa00000, 0x000000079fb00000|  0%| F|  |TAMS 0x000000079fa00000, 0x000000079fa00000| Untracked 
| 507|0x000000079fb00000, 0x000000079fb00000, 0x000000079fc00000|  0%| F|  |TAMS 0x000000079fb00000, 0x000000079fb00000| Untracked 
| 508|0x000000079fc00000, 0x000000079fc00000, 0x000000079fd00000|  0%| F|  |TAMS 0x000000079fc00000, 0x000000079fc00000| Untracked 
| 509|0x000000079fd00000, 0x000000079fd00000, 0x000000079fe00000|  0%| F|  |TAMS 0x000000079fd00000, 0x000000079fd00000| Untracked 
| 510|0x000000079fe00000, 0x000000079fe00000, 0x000000079ff00000|  0%| F|  |TAMS 0x000000079fe00000, 0x000000079fe00000| Untracked 
| 511|0x000000079ff00000, 0x000000079ff00000, 0x00000007a0000000|  0%| F|  |TAMS 0x000000079ff00000, 0x000000079ff00000| Untracked 
| 512|0x00000007a0000000, 0x00000007a0000000, 0x00000007a0100000|  0%| F|  |TAMS 0x00000007a0000000, 0x00000007a0000000| Untracked 
| 513|0x00000007a0100000, 0x00000007a0100000, 0x00000007a0200000|  0%| F|  |TAMS 0x00000007a0100000, 0x00000007a0100000| Untracked 
| 514|0x00000007a0200000, 0x00000007a0200000, 0x00000007a0300000|  0%| F|  |TAMS 0x00000007a0200000, 0x00000007a0200000| Untracked 
| 515|0x00000007a0300000, 0x00000007a0300000, 0x00000007a0400000|  0%| F|  |TAMS 0x00000007a0300000, 0x00000007a0300000| Untracked 
| 516|0x00000007a0400000, 0x00000007a0400000, 0x00000007a0500000|  0%| F|  |TAMS 0x00000007a0400000, 0x00000007a0400000| Untracked 
| 517|0x00000007a0500000, 0x00000007a0500000, 0x00000007a0600000|  0%| F|  |TAMS 0x00000007a0500000, 0x00000007a0500000| Untracked 
| 518|0x00000007a0600000, 0x00000007a0600000, 0x00000007a0700000|  0%| F|  |TAMS 0x00000007a0600000, 0x00000007a0600000| Untracked 
| 519|0x00000007a0700000, 0x00000007a0700000, 0x00000007a0800000|  0%| F|  |TAMS 0x00000007a0700000, 0x00000007a0700000| Untracked 
| 520|0x00000007a0800000, 0x00000007a0800000, 0x00000007a0900000|  0%| F|  |TAMS 0x00000007a0800000, 0x00000007a0800000| Untracked 
| 521|0x00000007a0900000, 0x00000007a0900000, 0x00000007a0a00000|  0%| F|  |TAMS 0x00000007a0900000, 0x00000007a0900000| Untracked 
| 522|0x00000007a0a00000, 0x00000007a0a00000, 0x00000007a0b00000|  0%| F|  |TAMS 0x00000007a0a00000, 0x00000007a0a00000| Untracked 
| 523|0x00000007a0b00000, 0x00000007a0b00000, 0x00000007a0c00000|  0%| F|  |TAMS 0x00000007a0b00000, 0x00000007a0b00000| Untracked 
| 524|0x00000007a0c00000, 0x00000007a0c00000, 0x00000007a0d00000|  0%| F|  |TAMS 0x00000007a0c00000, 0x00000007a0c00000| Untracked 
| 525|0x00000007a0d00000, 0x00000007a0d00000, 0x00000007a0e00000|  0%| F|  |TAMS 0x00000007a0d00000, 0x00000007a0d00000| Untracked 
| 526|0x00000007a0e00000, 0x00000007a0e00000, 0x00000007a0f00000|  0%| F|  |TAMS 0x00000007a0e00000, 0x00000007a0e00000| Untracked 
| 527|0x00000007a0f00000, 0x00000007a0f00000, 0x00000007a1000000|  0%| F|  |TAMS 0x00000007a0f00000, 0x00000007a0f00000| Untracked 
| 528|0x00000007a1000000, 0x00000007a1000000, 0x00000007a1100000|  0%| F|  |TAMS 0x00000007a1000000, 0x00000007a1000000| Untracked 
| 529|0x00000007a1100000, 0x00000007a1100000, 0x00000007a1200000|  0%| F|  |TAMS 0x00000007a1100000, 0x00000007a1100000| Untracked 
| 530|0x00000007a1200000, 0x00000007a1200000, 0x00000007a1300000|  0%| F|  |TAMS 0x00000007a1200000, 0x00000007a1200000| Untracked 
| 531|0x00000007a1300000, 0x00000007a1300000, 0x00000007a1400000|  0%| F|  |TAMS 0x00000007a1300000, 0x00000007a1300000| Untracked 
| 532|0x00000007a1400000, 0x00000007a1400000, 0x00000007a1500000|  0%| F|  |TAMS 0x00000007a1400000, 0x00000007a1400000| Untracked 
| 533|0x00000007a1500000, 0x00000007a1500000, 0x00000007a1600000|  0%| F|  |TAMS 0x00000007a1500000, 0x00000007a1500000| Untracked 
| 534|0x00000007a1600000, 0x00000007a1600000, 0x00000007a1700000|  0%| F|  |TAMS 0x00000007a1600000, 0x00000007a1600000| Untracked 
| 535|0x00000007a1700000, 0x00000007a1700000, 0x00000007a1800000|  0%| F|  |TAMS 0x00000007a1700000, 0x00000007a1700000| Untracked 
| 536|0x00000007a1800000, 0x00000007a1800000, 0x00000007a1900000|  0%| F|  |TAMS 0x00000007a1800000, 0x00000007a1800000| Untracked 
| 537|0x00000007a1900000, 0x00000007a1900000, 0x00000007a1a00000|  0%| F|  |TAMS 0x00000007a1900000, 0x00000007a1900000| Untracked 
| 538|0x00000007a1a00000, 0x00000007a1a00000, 0x00000007a1b00000|  0%| F|  |TAMS 0x00000007a1a00000, 0x00000007a1a00000| Untracked 
| 539|0x00000007a1b00000, 0x00000007a1b00000, 0x00000007a1c00000|  0%| F|  |TAMS 0x00000007a1b00000, 0x00000007a1b00000| Untracked 
| 540|0x00000007a1c00000, 0x00000007a1c00000, 0x00000007a1d00000|  0%| F|  |TAMS 0x00000007a1c00000, 0x00000007a1c00000| Untracked 
| 541|0x00000007a1d00000, 0x00000007a1d00000, 0x00000007a1e00000|  0%| F|  |TAMS 0x00000007a1d00000, 0x00000007a1d00000| Untracked 
| 542|0x00000007a1e00000, 0x00000007a1e00000, 0x00000007a1f00000|  0%| F|  |TAMS 0x00000007a1e00000, 0x00000007a1e00000| Untracked 
| 543|0x00000007a1f00000, 0x00000007a1f00000, 0x00000007a2000000|  0%| F|  |TAMS 0x00000007a1f00000, 0x00000007a1f00000| Untracked 
| 544|0x00000007a2000000, 0x00000007a2000000, 0x00000007a2100000|  0%| F|  |TAMS 0x00000007a2000000, 0x00000007a2000000| Untracked 
| 545|0x00000007a2100000, 0x00000007a2100000, 0x00000007a2200000|  0%| F|  |TAMS 0x00000007a2100000, 0x00000007a2100000| Untracked 
| 546|0x00000007a2200000, 0x00000007a2200000, 0x00000007a2300000|  0%| F|  |TAMS 0x00000007a2200000, 0x00000007a2200000| Untracked 
| 547|0x00000007a2300000, 0x00000007a2300000, 0x00000007a2400000|  0%| F|  |TAMS 0x00000007a2300000, 0x00000007a2300000| Untracked 
| 548|0x00000007a2400000, 0x00000007a2400000, 0x00000007a2500000|  0%| F|  |TAMS 0x00000007a2400000, 0x00000007a2400000| Untracked 
| 549|0x00000007a2500000, 0x00000007a2500000, 0x00000007a2600000|  0%| F|  |TAMS 0x00000007a2500000, 0x00000007a2500000| Untracked 
| 550|0x00000007a2600000, 0x00000007a2600000, 0x00000007a2700000|  0%| F|  |TAMS 0x00000007a2600000, 0x00000007a2600000| Untracked 
| 551|0x00000007a2700000, 0x00000007a2700000, 0x00000007a2800000|  0%| F|  |TAMS 0x00000007a2700000, 0x00000007a2700000| Untracked 
| 552|0x00000007a2800000, 0x00000007a2800000, 0x00000007a2900000|  0%| F|  |TAMS 0x00000007a2800000, 0x00000007a2800000| Untracked 
| 553|0x00000007a2900000, 0x00000007a2900000, 0x00000007a2a00000|  0%| F|  |TAMS 0x00000007a2900000, 0x00000007a2900000| Untracked 
| 554|0x00000007a2a00000, 0x00000007a2a00000, 0x00000007a2b00000|  0%| F|  |TAMS 0x00000007a2a00000, 0x00000007a2a00000| Untracked 
| 555|0x00000007a2b00000, 0x00000007a2b00000, 0x00000007a2c00000|  0%| F|  |TAMS 0x00000007a2b00000, 0x00000007a2b00000| Untracked 
| 556|0x00000007a2c00000, 0x00000007a2c00000, 0x00000007a2d00000|  0%| F|  |TAMS 0x00000007a2c00000, 0x00000007a2c00000| Untracked 
| 557|0x00000007a2d00000, 0x00000007a2d00000, 0x00000007a2e00000|  0%| F|  |TAMS 0x00000007a2d00000, 0x00000007a2d00000| Untracked 
| 558|0x00000007a2e00000, 0x00000007a2e00000, 0x00000007a2f00000|  0%| F|  |TAMS 0x00000007a2e00000, 0x00000007a2e00000| Untracked 
| 559|0x00000007a2f00000, 0x00000007a2f00000, 0x00000007a3000000|  0%| F|  |TAMS 0x00000007a2f00000, 0x00000007a2f00000| Untracked 
| 560|0x00000007a3000000, 0x00000007a3000000, 0x00000007a3100000|  0%| F|  |TAMS 0x00000007a3000000, 0x00000007a3000000| Untracked 
| 561|0x00000007a3100000, 0x00000007a3100000, 0x00000007a3200000|  0%| F|  |TAMS 0x00000007a3100000, 0x00000007a3100000| Untracked 
| 562|0x00000007a3200000, 0x00000007a3200000, 0x00000007a3300000|  0%| F|  |TAMS 0x00000007a3200000, 0x00000007a3200000| Untracked 
| 563|0x00000007a3300000, 0x00000007a3300000, 0x00000007a3400000|  0%| F|  |TAMS 0x00000007a3300000, 0x00000007a3300000| Untracked 
| 564|0x00000007a3400000, 0x00000007a3400000, 0x00000007a3500000|  0%| F|  |TAMS 0x00000007a3400000, 0x00000007a3400000| Untracked 
| 565|0x00000007a3500000, 0x00000007a3500000, 0x00000007a3600000|  0%| F|  |TAMS 0x00000007a3500000, 0x00000007a3500000| Untracked 
| 566|0x00000007a3600000, 0x00000007a3600000, 0x00000007a3700000|  0%| F|  |TAMS 0x00000007a3600000, 0x00000007a3600000| Untracked 
| 567|0x00000007a3700000, 0x00000007a3700000, 0x00000007a3800000|  0%| F|  |TAMS 0x00000007a3700000, 0x00000007a3700000| Untracked 
| 568|0x00000007a3800000, 0x00000007a3800000, 0x00000007a3900000|  0%| F|  |TAMS 0x00000007a3800000, 0x00000007a3800000| Untracked 
| 569|0x00000007a3900000, 0x00000007a3900000, 0x00000007a3a00000|  0%| F|  |TAMS 0x00000007a3900000, 0x00000007a3900000| Untracked 
| 570|0x00000007a3a00000, 0x00000007a3a00000, 0x00000007a3b00000|  0%| F|  |TAMS 0x00000007a3a00000, 0x00000007a3a00000| Untracked 
| 571|0x00000007a3b00000, 0x00000007a3b00000, 0x00000007a3c00000|  0%| F|  |TAMS 0x00000007a3b00000, 0x00000007a3b00000| Untracked 
| 572|0x00000007a3c00000, 0x00000007a3c00000, 0x00000007a3d00000|  0%| F|  |TAMS 0x00000007a3c00000, 0x00000007a3c00000| Untracked 
| 573|0x00000007a3d00000, 0x00000007a3d00000, 0x00000007a3e00000|  0%| F|  |TAMS 0x00000007a3d00000, 0x00000007a3d00000| Untracked 
| 574|0x00000007a3e00000, 0x00000007a3e00000, 0x00000007a3f00000|  0%| F|  |TAMS 0x00000007a3e00000, 0x00000007a3e00000| Untracked 
| 575|0x00000007a3f00000, 0x00000007a3f00000, 0x00000007a4000000|  0%| F|  |TAMS 0x00000007a3f00000, 0x00000007a3f00000| Untracked 
| 576|0x00000007a4000000, 0x00000007a4000000, 0x00000007a4100000|  0%| F|  |TAMS 0x00000007a4000000, 0x00000007a4000000| Untracked 
| 577|0x00000007a4100000, 0x00000007a4100000, 0x00000007a4200000|  0%| F|  |TAMS 0x00000007a4100000, 0x00000007a4100000| Untracked 
| 578|0x00000007a4200000, 0x00000007a4200000, 0x00000007a4300000|  0%| F|  |TAMS 0x00000007a4200000, 0x00000007a4200000| Untracked 
| 579|0x00000007a4300000, 0x00000007a4300000, 0x00000007a4400000|  0%| F|  |TAMS 0x00000007a4300000, 0x00000007a4300000| Untracked 
| 580|0x00000007a4400000, 0x00000007a4400000, 0x00000007a4500000|  0%| F|  |TAMS 0x00000007a4400000, 0x00000007a4400000| Untracked 
| 581|0x00000007a4500000, 0x00000007a4500000, 0x00000007a4600000|  0%| F|  |TAMS 0x00000007a4500000, 0x00000007a4500000| Untracked 
| 582|0x00000007a4600000, 0x00000007a4600000, 0x00000007a4700000|  0%| F|  |TAMS 0x00000007a4600000, 0x00000007a4600000| Untracked 
| 583|0x00000007a4700000, 0x00000007a4700000, 0x00000007a4800000|  0%| F|  |TAMS 0x00000007a4700000, 0x00000007a4700000| Untracked 
| 584|0x00000007a4800000, 0x00000007a4800000, 0x00000007a4900000|  0%| F|  |TAMS 0x00000007a4800000, 0x00000007a4800000| Untracked 
| 585|0x00000007a4900000, 0x00000007a4900000, 0x00000007a4a00000|  0%| F|  |TAMS 0x00000007a4900000, 0x00000007a4900000| Untracked 
| 586|0x00000007a4a00000, 0x00000007a4a00000, 0x00000007a4b00000|  0%| F|  |TAMS 0x00000007a4a00000, 0x00000007a4a00000| Untracked 
| 587|0x00000007a4b00000, 0x00000007a4b00000, 0x00000007a4c00000|  0%| F|  |TAMS 0x00000007a4b00000, 0x00000007a4b00000| Untracked 
| 588|0x00000007a4c00000, 0x00000007a4c00000, 0x00000007a4d00000|  0%| F|  |TAMS 0x00000007a4c00000, 0x00000007a4c00000| Untracked 
| 589|0x00000007a4d00000, 0x00000007a4d00000, 0x00000007a4e00000|  0%| F|  |TAMS 0x00000007a4d00000, 0x00000007a4d00000| Untracked 
| 590|0x00000007a4e00000, 0x00000007a4e00000, 0x00000007a4f00000|  0%| F|  |TAMS 0x00000007a4e00000, 0x00000007a4e00000| Untracked 
| 591|0x00000007a4f00000, 0x00000007a4f00000, 0x00000007a5000000|  0%| F|  |TAMS 0x00000007a4f00000, 0x00000007a4f00000| Untracked 
| 592|0x00000007a5000000, 0x00000007a5000000, 0x00000007a5100000|  0%| F|  |TAMS 0x00000007a5000000, 0x00000007a5000000| Untracked 
| 593|0x00000007a5100000, 0x00000007a5100000, 0x00000007a5200000|  0%| F|  |TAMS 0x00000007a5100000, 0x00000007a5100000| Untracked 
| 594|0x00000007a5200000, 0x00000007a5300000, 0x00000007a5300000|100%| O|  |TAMS 0x00000007a5300000, 0x00000007a5200000| Untracked 
| 595|0x00000007a5300000, 0x00000007a5400000, 0x00000007a5400000|100%| O|  |TAMS 0x00000007a5400000, 0x00000007a5300000| Untracked 
| 596|0x00000007a5400000, 0x00000007a5500000, 0x00000007a5500000|100%| O|  |TAMS 0x00000007a5500000, 0x00000007a5400000| Untracked 
| 597|0x00000007a5500000, 0x00000007a5600000, 0x00000007a5600000|100%| O|  |TAMS 0x00000007a5600000, 0x00000007a5500000| Untracked 
| 598|0x00000007a5600000, 0x00000007a5700000, 0x00000007a5700000|100%| O|  |TAMS 0x00000007a5700000, 0x00000007a5600000| Untracked 
| 599|0x00000007a5700000, 0x00000007a5800000, 0x00000007a5800000|100%| O|  |TAMS 0x00000007a5800000, 0x00000007a5700000| Untracked 
| 600|0x00000007a5800000, 0x00000007a5900000, 0x00000007a5900000|100%| O|  |TAMS 0x00000007a5900000, 0x00000007a5800000| Untracked 
| 601|0x00000007a5900000, 0x00000007a5a00000, 0x00000007a5a00000|100%| O|  |TAMS 0x00000007a5a00000, 0x00000007a5900000| Untracked 
| 602|0x00000007a5a00000, 0x00000007a5b00000, 0x00000007a5b00000|100%| O|  |TAMS 0x00000007a5b00000, 0x00000007a5a00000| Untracked 
| 603|0x00000007a5b00000, 0x00000007a5c00000, 0x00000007a5c00000|100%| O|  |TAMS 0x00000007a5c00000, 0x00000007a5b00000| Untracked 
| 604|0x00000007a5c00000, 0x00000007a5d00000, 0x00000007a5d00000|100%| O|  |TAMS 0x00000007a5d00000, 0x00000007a5c00000| Untracked 
| 605|0x00000007a5d00000, 0x00000007a5d00000, 0x00000007a5e00000|  0%| F|  |TAMS 0x00000007a5d00000, 0x00000007a5d00000| Untracked 
| 606|0x00000007a5e00000, 0x00000007a5e00000, 0x00000007a5f00000|  0%| F|  |TAMS 0x00000007a5e00000, 0x00000007a5e00000| Untracked 
| 607|0x00000007a5f00000, 0x00000007a5f00000, 0x00000007a6000000|  0%| F|  |TAMS 0x00000007a5f00000, 0x00000007a5f00000| Untracked 
| 608|0x00000007a6000000, 0x00000007a6000000, 0x00000007a6100000|  0%| F|  |TAMS 0x00000007a6000000, 0x00000007a6000000| Untracked 
| 609|0x00000007a6100000, 0x00000007a6100000, 0x00000007a6200000|  0%| F|  |TAMS 0x00000007a6100000, 0x00000007a6100000| Untracked 
| 610|0x00000007a6200000, 0x00000007a6200000, 0x00000007a6300000|  0%| F|  |TAMS 0x00000007a6200000, 0x00000007a6200000| Untracked 
| 611|0x00000007a6300000, 0x00000007a6300000, 0x00000007a6400000|  0%| F|  |TAMS 0x00000007a6300000, 0x00000007a6300000| Untracked 
| 612|0x00000007a6400000, 0x00000007a6400000, 0x00000007a6500000|  0%| F|  |TAMS 0x00000007a6400000, 0x00000007a6400000| Untracked 
| 613|0x00000007a6500000, 0x00000007a6500000, 0x00000007a6600000|  0%| F|  |TAMS 0x00000007a6500000, 0x00000007a6500000| Untracked 
| 614|0x00000007a6600000, 0x00000007a6600000, 0x00000007a6700000|  0%| F|  |TAMS 0x00000007a6600000, 0x00000007a6600000| Untracked 
| 615|0x00000007a6700000, 0x00000007a6700000, 0x00000007a6800000|  0%| F|  |TAMS 0x00000007a6700000, 0x00000007a6700000| Untracked 
| 616|0x00000007a6800000, 0x00000007a6800000, 0x00000007a6900000|  0%| F|  |TAMS 0x00000007a6800000, 0x00000007a6800000| Untracked 
| 617|0x00000007a6900000, 0x00000007a6900000, 0x00000007a6a00000|  0%| F|  |TAMS 0x00000007a6900000, 0x00000007a6900000| Untracked 
| 618|0x00000007a6a00000, 0x00000007a6a00000, 0x00000007a6b00000|  0%| F|  |TAMS 0x00000007a6a00000, 0x00000007a6a00000| Untracked 
| 619|0x00000007a6b00000, 0x00000007a6b00000, 0x00000007a6c00000|  0%| F|  |TAMS 0x00000007a6b00000, 0x00000007a6b00000| Untracked 
| 620|0x00000007a6c00000, 0x00000007a6c00000, 0x00000007a6d00000|  0%| F|  |TAMS 0x00000007a6c00000, 0x00000007a6c00000| Untracked 
| 621|0x00000007a6d00000, 0x00000007a6d00000, 0x00000007a6e00000|  0%| F|  |TAMS 0x00000007a6d00000, 0x00000007a6d00000| Untracked 
| 622|0x00000007a6e00000, 0x00000007a6e00000, 0x00000007a6f00000|  0%| F|  |TAMS 0x00000007a6e00000, 0x00000007a6e00000| Untracked 
| 623|0x00000007a6f00000, 0x00000007a6f00000, 0x00000007a7000000|  0%| F|  |TAMS 0x00000007a6f00000, 0x00000007a6f00000| Untracked 
| 624|0x00000007a7000000, 0x00000007a7000000, 0x00000007a7100000|  0%| F|  |TAMS 0x00000007a7000000, 0x00000007a7000000| Untracked 
| 625|0x00000007a7100000, 0x00000007a7100000, 0x00000007a7200000|  0%| F|  |TAMS 0x00000007a7100000, 0x00000007a7100000| Untracked 
| 626|0x00000007a7200000, 0x00000007a7200000, 0x00000007a7300000|  0%| F|  |TAMS 0x00000007a7200000, 0x00000007a7200000| Untracked 
| 627|0x00000007a7300000, 0x00000007a7300000, 0x00000007a7400000|  0%| F|  |TAMS 0x00000007a7300000, 0x00000007a7300000| Untracked 
| 628|0x00000007a7400000, 0x00000007a7400000, 0x00000007a7500000|  0%| F|  |TAMS 0x00000007a7400000, 0x00000007a7400000| Untracked 
| 629|0x00000007a7500000, 0x00000007a7500000, 0x00000007a7600000|  0%| F|  |TAMS 0x00000007a7500000, 0x00000007a7500000| Untracked 
| 630|0x00000007a7600000, 0x00000007a7600000, 0x00000007a7700000|  0%| F|  |TAMS 0x00000007a7600000, 0x00000007a7600000| Untracked 
| 631|0x00000007a7700000, 0x00000007a7700000, 0x00000007a7800000|  0%| F|  |TAMS 0x00000007a7700000, 0x00000007a7700000| Untracked 
| 632|0x00000007a7800000, 0x00000007a7800000, 0x00000007a7900000|  0%| F|  |TAMS 0x00000007a7800000, 0x00000007a7800000| Untracked 
| 633|0x00000007a7900000, 0x00000007a7900000, 0x00000007a7a00000|  0%| F|  |TAMS 0x00000007a7900000, 0x00000007a7900000| Untracked 
| 634|0x00000007a7a00000, 0x00000007a7a00000, 0x00000007a7b00000|  0%| F|  |TAMS 0x00000007a7a00000, 0x00000007a7a00000| Untracked 
| 635|0x00000007a7b00000, 0x00000007a7b00000, 0x00000007a7c00000|  0%| F|  |TAMS 0x00000007a7b00000, 0x00000007a7b00000| Untracked 
| 636|0x00000007a7c00000, 0x00000007a7c00000, 0x00000007a7d00000|  0%| F|  |TAMS 0x00000007a7c00000, 0x00000007a7c00000| Untracked 
| 637|0x00000007a7d00000, 0x00000007a7d00000, 0x00000007a7e00000|  0%| F|  |TAMS 0x00000007a7d00000, 0x00000007a7d00000| Untracked 
| 638|0x00000007a7e00000, 0x00000007a7e00000, 0x00000007a7f00000|  0%| F|  |TAMS 0x00000007a7e00000, 0x00000007a7e00000| Untracked 
| 639|0x00000007a7f00000, 0x00000007a7f00000, 0x00000007a8000000|  0%| F|  |TAMS 0x00000007a7f00000, 0x00000007a7f00000| Untracked 
| 640|0x00000007a8000000, 0x00000007a8000000, 0x00000007a8100000|  0%| F|  |TAMS 0x00000007a8000000, 0x00000007a8000000| Untracked 
| 641|0x00000007a8100000, 0x00000007a8100000, 0x00000007a8200000|  0%| F|  |TAMS 0x00000007a8100000, 0x00000007a8100000| Untracked 
| 642|0x00000007a8200000, 0x00000007a8200000, 0x00000007a8300000|  0%| F|  |TAMS 0x00000007a8200000, 0x00000007a8200000| Untracked 
| 643|0x00000007a8300000, 0x00000007a8300000, 0x00000007a8400000|  0%| F|  |TAMS 0x00000007a8300000, 0x00000007a8300000| Untracked 
| 644|0x00000007a8400000, 0x00000007a8400000, 0x00000007a8500000|  0%| F|  |TAMS 0x00000007a8400000, 0x00000007a8400000| Untracked 
| 645|0x00000007a8500000, 0x00000007a8500000, 0x00000007a8600000|  0%| F|  |TAMS 0x00000007a8500000, 0x00000007a8500000| Untracked 
| 646|0x00000007a8600000, 0x00000007a8600000, 0x00000007a8700000|  0%| F|  |TAMS 0x00000007a8600000, 0x00000007a8600000| Untracked 
| 647|0x00000007a8700000, 0x00000007a8700000, 0x00000007a8800000|  0%| F|  |TAMS 0x00000007a8700000, 0x00000007a8700000| Untracked 
| 648|0x00000007a8800000, 0x00000007a8800000, 0x00000007a8900000|  0%| F|  |TAMS 0x00000007a8800000, 0x00000007a8800000| Untracked 
| 649|0x00000007a8900000, 0x00000007a8900000, 0x00000007a8a00000|  0%| F|  |TAMS 0x00000007a8900000, 0x00000007a8900000| Untracked 
| 650|0x00000007a8a00000, 0x00000007a8a00000, 0x00000007a8b00000|  0%| F|  |TAMS 0x00000007a8a00000, 0x00000007a8a00000| Untracked 
| 651|0x00000007a8b00000, 0x00000007a8b00000, 0x00000007a8c00000|  0%| F|  |TAMS 0x00000007a8b00000, 0x00000007a8b00000| Untracked 
| 652|0x00000007a8c00000, 0x00000007a8c00000, 0x00000007a8d00000|  0%| F|  |TAMS 0x00000007a8c00000, 0x00000007a8c00000| Untracked 
| 653|0x00000007a8d00000, 0x00000007a8d00000, 0x00000007a8e00000|  0%| F|  |TAMS 0x00000007a8d00000, 0x00000007a8d00000| Untracked 
| 654|0x00000007a8e00000, 0x00000007a8e00000, 0x00000007a8f00000|  0%| F|  |TAMS 0x00000007a8e00000, 0x00000007a8e00000| Untracked 
| 655|0x00000007a8f00000, 0x00000007a8f00000, 0x00000007a9000000|  0%| F|  |TAMS 0x00000007a8f00000, 0x00000007a8f00000| Untracked 
| 656|0x00000007a9000000, 0x00000007a9000000, 0x00000007a9100000|  0%| F|  |TAMS 0x00000007a9000000, 0x00000007a9000000| Untracked 
| 657|0x00000007a9100000, 0x00000007a9100000, 0x00000007a9200000|  0%| F|  |TAMS 0x00000007a9100000, 0x00000007a9100000| Untracked 
| 658|0x00000007a9200000, 0x00000007a9200000, 0x00000007a9300000|  0%| F|  |TAMS 0x00000007a9200000, 0x00000007a9200000| Untracked 
| 659|0x00000007a9300000, 0x00000007a9300000, 0x00000007a9400000|  0%| F|  |TAMS 0x00000007a9300000, 0x00000007a9300000| Untracked 
| 660|0x00000007a9400000, 0x00000007a9400000, 0x00000007a9500000|  0%| F|  |TAMS 0x00000007a9400000, 0x00000007a9400000| Untracked 
| 661|0x00000007a9500000, 0x00000007a9500000, 0x00000007a9600000|  0%| F|  |TAMS 0x00000007a9500000, 0x00000007a9500000| Untracked 
| 662|0x00000007a9600000, 0x00000007a9600000, 0x00000007a9700000|  0%| F|  |TAMS 0x00000007a9600000, 0x00000007a9600000| Untracked 
| 663|0x00000007a9700000, 0x00000007a9700000, 0x00000007a9800000|  0%| F|  |TAMS 0x00000007a9700000, 0x00000007a9700000| Untracked 
| 664|0x00000007a9800000, 0x00000007a9800000, 0x00000007a9900000|  0%| F|  |TAMS 0x00000007a9800000, 0x00000007a9800000| Untracked 
| 665|0x00000007a9900000, 0x00000007a9900000, 0x00000007a9a00000|  0%| F|  |TAMS 0x00000007a9900000, 0x00000007a9900000| Untracked 
| 666|0x00000007a9a00000, 0x00000007a9a00000, 0x00000007a9b00000|  0%| F|  |TAMS 0x00000007a9a00000, 0x00000007a9a00000| Untracked 
| 667|0x00000007a9b00000, 0x00000007a9b00000, 0x00000007a9c00000|  0%| F|  |TAMS 0x00000007a9b00000, 0x00000007a9b00000| Untracked 
| 668|0x00000007a9c00000, 0x00000007a9c00000, 0x00000007a9d00000|  0%| F|  |TAMS 0x00000007a9c00000, 0x00000007a9c00000| Untracked 
| 669|0x00000007a9d00000, 0x00000007a9d00000, 0x00000007a9e00000|  0%| F|  |TAMS 0x00000007a9d00000, 0x00000007a9d00000| Untracked 
| 670|0x00000007a9e00000, 0x00000007a9e00000, 0x00000007a9f00000|  0%| F|  |TAMS 0x00000007a9e00000, 0x00000007a9e00000| Untracked 
| 671|0x00000007a9f00000, 0x00000007a9f00000, 0x00000007aa000000|  0%| F|  |TAMS 0x00000007a9f00000, 0x00000007a9f00000| Untracked 
| 672|0x00000007aa000000, 0x00000007aa000000, 0x00000007aa100000|  0%| F|  |TAMS 0x00000007aa000000, 0x00000007aa000000| Untracked 
| 673|0x00000007aa100000, 0x00000007aa100000, 0x00000007aa200000|  0%| F|  |TAMS 0x00000007aa100000, 0x00000007aa100000| Untracked 
| 674|0x00000007aa200000, 0x00000007aa200000, 0x00000007aa300000|  0%| F|  |TAMS 0x00000007aa200000, 0x00000007aa200000| Untracked 
| 675|0x00000007aa300000, 0x00000007aa300000, 0x00000007aa400000|  0%| F|  |TAMS 0x00000007aa300000, 0x00000007aa300000| Untracked 
| 676|0x00000007aa400000, 0x00000007aa400000, 0x00000007aa500000|  0%| F|  |TAMS 0x00000007aa400000, 0x00000007aa400000| Untracked 
| 677|0x00000007aa500000, 0x00000007aa500000, 0x00000007aa600000|  0%| F|  |TAMS 0x00000007aa500000, 0x00000007aa500000| Untracked 
| 678|0x00000007aa600000, 0x00000007aa600000, 0x00000007aa700000|  0%| F|  |TAMS 0x00000007aa600000, 0x00000007aa600000| Untracked 
| 679|0x00000007aa700000, 0x00000007aa700000, 0x00000007aa800000|  0%| F|  |TAMS 0x00000007aa700000, 0x00000007aa700000| Untracked 
| 680|0x00000007aa800000, 0x00000007aa800000, 0x00000007aa900000|  0%| F|  |TAMS 0x00000007aa800000, 0x00000007aa800000| Untracked 
| 681|0x00000007aa900000, 0x00000007aa900000, 0x00000007aaa00000|  0%| F|  |TAMS 0x00000007aa900000, 0x00000007aa900000| Untracked 
| 682|0x00000007aaa00000, 0x00000007aaa00000, 0x00000007aab00000|  0%| F|  |TAMS 0x00000007aaa00000, 0x00000007aaa00000| Untracked 
| 683|0x00000007aab00000, 0x00000007aab00000, 0x00000007aac00000|  0%| F|  |TAMS 0x00000007aab00000, 0x00000007aab00000| Untracked 
| 684|0x00000007aac00000, 0x00000007aac00000, 0x00000007aad00000|  0%| F|  |TAMS 0x00000007aac00000, 0x00000007aac00000| Untracked 
| 685|0x00000007aad00000, 0x00000007aad00000, 0x00000007aae00000|  0%| F|  |TAMS 0x00000007aad00000, 0x00000007aad00000| Untracked 
| 686|0x00000007aae00000, 0x00000007aae00000, 0x00000007aaf00000|  0%| F|  |TAMS 0x00000007aae00000, 0x00000007aae00000| Untracked 
| 687|0x00000007aaf00000, 0x00000007aaf00000, 0x00000007ab000000|  0%| F|  |TAMS 0x00000007aaf00000, 0x00000007aaf00000| Untracked 
| 688|0x00000007ab000000, 0x00000007ab000000, 0x00000007ab100000|  0%| F|  |TAMS 0x00000007ab000000, 0x00000007ab000000| Untracked 
| 689|0x00000007ab100000, 0x00000007ab100000, 0x00000007ab200000|  0%| F|  |TAMS 0x00000007ab100000, 0x00000007ab100000| Untracked 
| 690|0x00000007ab200000, 0x00000007ab200000, 0x00000007ab300000|  0%| F|  |TAMS 0x00000007ab200000, 0x00000007ab200000| Untracked 
| 691|0x00000007ab300000, 0x00000007ab300000, 0x00000007ab400000|  0%| F|  |TAMS 0x00000007ab300000, 0x00000007ab300000| Untracked 
| 692|0x00000007ab400000, 0x00000007ab400000, 0x00000007ab500000|  0%| F|  |TAMS 0x00000007ab400000, 0x00000007ab400000| Untracked 
| 693|0x00000007ab500000, 0x00000007ab500000, 0x00000007ab600000|  0%| F|  |TAMS 0x00000007ab500000, 0x00000007ab500000| Untracked 
| 694|0x00000007ab600000, 0x00000007ab600000, 0x00000007ab700000|  0%| F|  |TAMS 0x00000007ab600000, 0x00000007ab600000| Untracked 
| 695|0x00000007ab700000, 0x00000007ab700000, 0x00000007ab800000|  0%| F|  |TAMS 0x00000007ab700000, 0x00000007ab700000| Untracked 
| 696|0x00000007ab800000, 0x00000007ab800000, 0x00000007ab900000|  0%| F|  |TAMS 0x00000007ab800000, 0x00000007ab800000| Untracked 
| 697|0x00000007ab900000, 0x00000007ab900000, 0x00000007aba00000|  0%| F|  |TAMS 0x00000007ab900000, 0x00000007ab900000| Untracked 
| 698|0x00000007aba00000, 0x00000007aba00000, 0x00000007abb00000|  0%| F|  |TAMS 0x00000007aba00000, 0x00000007aba00000| Untracked 
| 699|0x00000007abb00000, 0x00000007abb00000, 0x00000007abc00000|  0%| F|  |TAMS 0x00000007abb00000, 0x00000007abb00000| Untracked 
| 700|0x00000007abc00000, 0x00000007abc00000, 0x00000007abd00000|  0%| F|  |TAMS 0x00000007abc00000, 0x00000007abc00000| Untracked 
| 701|0x00000007abd00000, 0x00000007abd00000, 0x00000007abe00000|  0%| F|  |TAMS 0x00000007abd00000, 0x00000007abd00000| Untracked 
| 702|0x00000007abe00000, 0x00000007abe00000, 0x00000007abf00000|  0%| F|  |TAMS 0x00000007abe00000, 0x00000007abe00000| Untracked 
| 703|0x00000007abf00000, 0x00000007abf00000, 0x00000007ac000000|  0%| F|  |TAMS 0x00000007abf00000, 0x00000007abf00000| Untracked 
| 704|0x00000007ac000000, 0x00000007ac000000, 0x00000007ac100000|  0%| F|  |TAMS 0x00000007ac000000, 0x00000007ac000000| Untracked 
| 705|0x00000007ac100000, 0x00000007ac100000, 0x00000007ac200000|  0%| F|  |TAMS 0x00000007ac100000, 0x00000007ac100000| Untracked 
| 706|0x00000007ac200000, 0x00000007ac200000, 0x00000007ac300000|  0%| F|  |TAMS 0x00000007ac200000, 0x00000007ac200000| Untracked 
| 707|0x00000007ac300000, 0x00000007ac300000, 0x00000007ac400000|  0%| F|  |TAMS 0x00000007ac300000, 0x00000007ac300000| Untracked 
| 708|0x00000007ac400000, 0x00000007ac400000, 0x00000007ac500000|  0%| F|  |TAMS 0x00000007ac400000, 0x00000007ac400000| Untracked 
| 709|0x00000007ac500000, 0x00000007ac500000, 0x00000007ac600000|  0%| F|  |TAMS 0x00000007ac500000, 0x00000007ac500000| Untracked 
| 710|0x00000007ac600000, 0x00000007ac600000, 0x00000007ac700000|  0%| F|  |TAMS 0x00000007ac600000, 0x00000007ac600000| Untracked 
| 711|0x00000007ac700000, 0x00000007ac700000, 0x00000007ac800000|  0%| F|  |TAMS 0x00000007ac700000, 0x00000007ac700000| Untracked 
| 712|0x00000007ac800000, 0x00000007ac800000, 0x00000007ac900000|  0%| F|  |TAMS 0x00000007ac800000, 0x00000007ac800000| Untracked 
| 713|0x00000007ac900000, 0x00000007ac900000, 0x00000007aca00000|  0%| F|  |TAMS 0x00000007ac900000, 0x00000007ac900000| Untracked 
| 714|0x00000007aca00000, 0x00000007aca00000, 0x00000007acb00000|  0%| F|  |TAMS 0x00000007aca00000, 0x00000007aca00000| Untracked 
| 715|0x00000007acb00000, 0x00000007acb00000, 0x00000007acc00000|  0%| F|  |TAMS 0x00000007acb00000, 0x00000007acb00000| Untracked 
| 716|0x00000007acc00000, 0x00000007acc00000, 0x00000007acd00000|  0%| F|  |TAMS 0x00000007acc00000, 0x00000007acc00000| Untracked 
| 717|0x00000007acd00000, 0x00000007acd00000, 0x00000007ace00000|  0%| F|  |TAMS 0x00000007acd00000, 0x00000007acd00000| Untracked 
| 718|0x00000007ace00000, 0x00000007ace00000, 0x00000007acf00000|  0%| F|  |TAMS 0x00000007ace00000, 0x00000007ace00000| Untracked 
| 719|0x00000007acf00000, 0x00000007acf00000, 0x00000007ad000000|  0%| F|  |TAMS 0x00000007acf00000, 0x00000007acf00000| Untracked 
| 720|0x00000007ad000000, 0x00000007ad000000, 0x00000007ad100000|  0%| F|  |TAMS 0x00000007ad000000, 0x00000007ad000000| Untracked 
| 721|0x00000007ad100000, 0x00000007ad100000, 0x00000007ad200000|  0%| F|  |TAMS 0x00000007ad100000, 0x00000007ad100000| Untracked 
| 722|0x00000007ad200000, 0x00000007ad200000, 0x00000007ad300000|  0%| F|  |TAMS 0x00000007ad200000, 0x00000007ad200000| Untracked 
| 723|0x00000007ad300000, 0x00000007ad300000, 0x00000007ad400000|  0%| F|  |TAMS 0x00000007ad300000, 0x00000007ad300000| Untracked 
| 724|0x00000007ad400000, 0x00000007ad400000, 0x00000007ad500000|  0%| F|  |TAMS 0x00000007ad400000, 0x00000007ad400000| Untracked 
| 725|0x00000007ad500000, 0x00000007ad500000, 0x00000007ad600000|  0%| F|  |TAMS 0x00000007ad500000, 0x00000007ad500000| Untracked 
| 726|0x00000007ad600000, 0x00000007ad600000, 0x00000007ad700000|  0%| F|  |TAMS 0x00000007ad600000, 0x00000007ad600000| Untracked 
| 727|0x00000007ad700000, 0x00000007ad700000, 0x00000007ad800000|  0%| F|  |TAMS 0x00000007ad700000, 0x00000007ad700000| Untracked 
| 728|0x00000007ad800000, 0x00000007ad800000, 0x00000007ad900000|  0%| F|  |TAMS 0x00000007ad800000, 0x00000007ad800000| Untracked 
| 729|0x00000007ad900000, 0x00000007ad900000, 0x00000007ada00000|  0%| F|  |TAMS 0x00000007ad900000, 0x00000007ad900000| Untracked 
| 730|0x00000007ada00000, 0x00000007ada00000, 0x00000007adb00000|  0%| F|  |TAMS 0x00000007ada00000, 0x00000007ada00000| Untracked 
| 731|0x00000007adb00000, 0x00000007adb00000, 0x00000007adc00000|  0%| F|  |TAMS 0x00000007adb00000, 0x00000007adb00000| Untracked 
| 732|0x00000007adc00000, 0x00000007adc00000, 0x00000007add00000|  0%| F|  |TAMS 0x00000007adc00000, 0x00000007adc00000| Untracked 
| 733|0x00000007add00000, 0x00000007add00000, 0x00000007ade00000|  0%| F|  |TAMS 0x00000007add00000, 0x00000007add00000| Untracked 
| 734|0x00000007ade00000, 0x00000007ade00000, 0x00000007adf00000|  0%| F|  |TAMS 0x00000007ade00000, 0x00000007ade00000| Untracked 
| 735|0x00000007adf00000, 0x00000007adf00000, 0x00000007ae000000|  0%| F|  |TAMS 0x00000007adf00000, 0x00000007adf00000| Untracked 
| 736|0x00000007ae000000, 0x00000007ae000000, 0x00000007ae100000|  0%| F|  |TAMS 0x00000007ae000000, 0x00000007ae000000| Untracked 
| 737|0x00000007ae100000, 0x00000007ae100000, 0x00000007ae200000|  0%| F|  |TAMS 0x00000007ae100000, 0x00000007ae100000| Untracked 
| 738|0x00000007ae200000, 0x00000007ae200000, 0x00000007ae300000|  0%| F|  |TAMS 0x00000007ae200000, 0x00000007ae200000| Untracked 
| 739|0x00000007ae300000, 0x00000007ae300000, 0x00000007ae400000|  0%| F|  |TAMS 0x00000007ae300000, 0x00000007ae300000| Untracked 
| 740|0x00000007ae400000, 0x00000007ae400000, 0x00000007ae500000|  0%| F|  |TAMS 0x00000007ae400000, 0x00000007ae400000| Untracked 
| 741|0x00000007ae500000, 0x00000007ae500000, 0x00000007ae600000|  0%| F|  |TAMS 0x00000007ae500000, 0x00000007ae500000| Untracked 
| 742|0x00000007ae600000, 0x00000007ae600000, 0x00000007ae700000|  0%| F|  |TAMS 0x00000007ae600000, 0x00000007ae600000| Untracked 
| 743|0x00000007ae700000, 0x00000007ae700000, 0x00000007ae800000|  0%| F|  |TAMS 0x00000007ae700000, 0x00000007ae700000| Untracked 
| 744|0x00000007ae800000, 0x00000007ae800000, 0x00000007ae900000|  0%| F|  |TAMS 0x00000007ae800000, 0x00000007ae800000| Untracked 
| 745|0x00000007ae900000, 0x00000007ae900000, 0x00000007aea00000|  0%| F|  |TAMS 0x00000007ae900000, 0x00000007ae900000| Untracked 
| 746|0x00000007aea00000, 0x00000007aea00000, 0x00000007aeb00000|  0%| F|  |TAMS 0x00000007aea00000, 0x00000007aea00000| Untracked 
| 747|0x00000007aeb00000, 0x00000007aeb00000, 0x00000007aec00000|  0%| F|  |TAMS 0x00000007aeb00000, 0x00000007aeb00000| Untracked 
| 748|0x00000007aec00000, 0x00000007aec00000, 0x00000007aed00000|  0%| F|  |TAMS 0x00000007aec00000, 0x00000007aec00000| Untracked 
| 749|0x00000007aed00000, 0x00000007aed00000, 0x00000007aee00000|  0%| F|  |TAMS 0x00000007aed00000, 0x00000007aed00000| Untracked 
| 750|0x00000007aee00000, 0x00000007aee00000, 0x00000007aef00000|  0%| F|  |TAMS 0x00000007aee00000, 0x00000007aee00000| Untracked 
| 751|0x00000007aef00000, 0x00000007aef00000, 0x00000007af000000|  0%| F|  |TAMS 0x00000007aef00000, 0x00000007aef00000| Untracked 
| 752|0x00000007af000000, 0x00000007af000000, 0x00000007af100000|  0%| F|  |TAMS 0x00000007af000000, 0x00000007af000000| Untracked 
| 753|0x00000007af100000, 0x00000007af100000, 0x00000007af200000|  0%| F|  |TAMS 0x00000007af100000, 0x00000007af100000| Untracked 
| 754|0x00000007af200000, 0x00000007af200000, 0x00000007af300000|  0%| F|  |TAMS 0x00000007af200000, 0x00000007af200000| Untracked 
| 755|0x00000007af300000, 0x00000007af300000, 0x00000007af400000|  0%| F|  |TAMS 0x00000007af300000, 0x00000007af300000| Untracked 
| 756|0x00000007af400000, 0x00000007af400000, 0x00000007af500000|  0%| F|  |TAMS 0x00000007af400000, 0x00000007af400000| Untracked 
| 757|0x00000007af500000, 0x00000007af500000, 0x00000007af600000|  0%| F|  |TAMS 0x00000007af500000, 0x00000007af500000| Untracked 
| 758|0x00000007af600000, 0x00000007af600000, 0x00000007af700000|  0%| F|  |TAMS 0x00000007af600000, 0x00000007af600000| Untracked 
| 759|0x00000007af700000, 0x00000007af700000, 0x00000007af800000|  0%| F|  |TAMS 0x00000007af700000, 0x00000007af700000| Untracked 
| 760|0x00000007af800000, 0x00000007af800000, 0x00000007af900000|  0%| F|  |TAMS 0x00000007af800000, 0x00000007af800000| Untracked 
| 761|0x00000007af900000, 0x00000007af900000, 0x00000007afa00000|  0%| F|  |TAMS 0x00000007af900000, 0x00000007af900000| Untracked 
| 762|0x00000007afa00000, 0x00000007afa00000, 0x00000007afb00000|  0%| F|  |TAMS 0x00000007afa00000, 0x00000007afa00000| Untracked 
| 763|0x00000007afb00000, 0x00000007afb00000, 0x00000007afc00000|  0%| F|  |TAMS 0x00000007afb00000, 0x00000007afb00000| Untracked 
| 764|0x00000007afc00000, 0x00000007afc00000, 0x00000007afd00000|  0%| F|  |TAMS 0x00000007afc00000, 0x00000007afc00000| Untracked 
| 765|0x00000007afd00000, 0x00000007afd00000, 0x00000007afe00000|  0%| F|  |TAMS 0x00000007afd00000, 0x00000007afd00000| Untracked 
| 766|0x00000007afe00000, 0x00000007afe00000, 0x00000007aff00000|  0%| F|  |TAMS 0x00000007afe00000, 0x00000007afe00000| Untracked 
| 767|0x00000007aff00000, 0x00000007aff00000, 0x00000007b0000000|  0%| F|  |TAMS 0x00000007aff00000, 0x00000007aff00000| Untracked 
| 768|0x00000007b0000000, 0x00000007b0000000, 0x00000007b0100000|  0%| F|  |TAMS 0x00000007b0000000, 0x00000007b0000000| Untracked 
| 769|0x00000007b0100000, 0x00000007b0100000, 0x00000007b0200000|  0%| F|  |TAMS 0x00000007b0100000, 0x00000007b0100000| Untracked 
| 770|0x00000007b0200000, 0x00000007b0200000, 0x00000007b0300000|  0%| F|  |TAMS 0x00000007b0200000, 0x00000007b0200000| Untracked 
| 771|0x00000007b0300000, 0x00000007b0300000, 0x00000007b0400000|  0%| F|  |TAMS 0x00000007b0300000, 0x00000007b0300000| Untracked 
| 772|0x00000007b0400000, 0x00000007b0400000, 0x00000007b0500000|  0%| F|  |TAMS 0x00000007b0400000, 0x00000007b0400000| Untracked 
| 773|0x00000007b0500000, 0x00000007b0500000, 0x00000007b0600000|  0%| F|  |TAMS 0x00000007b0500000, 0x00000007b0500000| Untracked 
| 774|0x00000007b0600000, 0x00000007b0600000, 0x00000007b0700000|  0%| F|  |TAMS 0x00000007b0600000, 0x00000007b0600000| Untracked 
| 775|0x00000007b0700000, 0x00000007b0700000, 0x00000007b0800000|  0%| F|  |TAMS 0x00000007b0700000, 0x00000007b0700000| Untracked 
| 776|0x00000007b0800000, 0x00000007b0800000, 0x00000007b0900000|  0%| F|  |TAMS 0x00000007b0800000, 0x00000007b0800000| Untracked 
| 777|0x00000007b0900000, 0x00000007b0900000, 0x00000007b0a00000|  0%| F|  |TAMS 0x00000007b0900000, 0x00000007b0900000| Untracked 
| 778|0x00000007b0a00000, 0x00000007b0a00000, 0x00000007b0b00000|  0%| F|  |TAMS 0x00000007b0a00000, 0x00000007b0a00000| Untracked 
| 779|0x00000007b0b00000, 0x00000007b0b00000, 0x00000007b0c00000|  0%| F|  |TAMS 0x00000007b0b00000, 0x00000007b0b00000| Untracked 
| 780|0x00000007b0c00000, 0x00000007b0c00000, 0x00000007b0d00000|  0%| F|  |TAMS 0x00000007b0c00000, 0x00000007b0c00000| Untracked 
| 781|0x00000007b0d00000, 0x00000007b0d00000, 0x00000007b0e00000|  0%| F|  |TAMS 0x00000007b0d00000, 0x00000007b0d00000| Untracked 
| 782|0x00000007b0e00000, 0x00000007b0e00000, 0x00000007b0f00000|  0%| F|  |TAMS 0x00000007b0e00000, 0x00000007b0e00000| Untracked 
| 783|0x00000007b0f00000, 0x00000007b0f00000, 0x00000007b1000000|  0%| F|  |TAMS 0x00000007b0f00000, 0x00000007b0f00000| Untracked 
| 784|0x00000007b1000000, 0x00000007b1000000, 0x00000007b1100000|  0%| F|  |TAMS 0x00000007b1000000, 0x00000007b1000000| Untracked 
| 785|0x00000007b1100000, 0x00000007b1100000, 0x00000007b1200000|  0%| F|  |TAMS 0x00000007b1100000, 0x00000007b1100000| Untracked 
| 786|0x00000007b1200000, 0x00000007b1200000, 0x00000007b1300000|  0%| F|  |TAMS 0x00000007b1200000, 0x00000007b1200000| Untracked 
| 787|0x00000007b1300000, 0x00000007b1300000, 0x00000007b1400000|  0%| F|  |TAMS 0x00000007b1300000, 0x00000007b1300000| Untracked 
| 788|0x00000007b1400000, 0x00000007b1400000, 0x00000007b1500000|  0%| F|  |TAMS 0x00000007b1400000, 0x00000007b1400000| Untracked 
| 789|0x00000007b1500000, 0x00000007b1500000, 0x00000007b1600000|  0%| F|  |TAMS 0x00000007b1500000, 0x00000007b1500000| Untracked 
| 790|0x00000007b1600000, 0x00000007b1600000, 0x00000007b1700000|  0%| F|  |TAMS 0x00000007b1600000, 0x00000007b1600000| Untracked 
| 791|0x00000007b1700000, 0x00000007b1700000, 0x00000007b1800000|  0%| F|  |TAMS 0x00000007b1700000, 0x00000007b1700000| Untracked 
| 792|0x00000007b1800000, 0x00000007b1800000, 0x00000007b1900000|  0%| F|  |TAMS 0x00000007b1800000, 0x00000007b1800000| Untracked 
| 793|0x00000007b1900000, 0x00000007b1900000, 0x00000007b1a00000|  0%| F|  |TAMS 0x00000007b1900000, 0x00000007b1900000| Untracked 
| 794|0x00000007b1a00000, 0x00000007b1a00000, 0x00000007b1b00000|  0%| F|  |TAMS 0x00000007b1a00000, 0x00000007b1a00000| Untracked 
| 795|0x00000007b1b00000, 0x00000007b1b00000, 0x00000007b1c00000|  0%| F|  |TAMS 0x00000007b1b00000, 0x00000007b1b00000| Untracked 
| 796|0x00000007b1c00000, 0x00000007b1c00000, 0x00000007b1d00000|  0%| F|  |TAMS 0x00000007b1c00000, 0x00000007b1c00000| Untracked 
| 797|0x00000007b1d00000, 0x00000007b1d00000, 0x00000007b1e00000|  0%| F|  |TAMS 0x00000007b1d00000, 0x00000007b1d00000| Untracked 
| 798|0x00000007b1e00000, 0x00000007b1e00000, 0x00000007b1f00000|  0%| F|  |TAMS 0x00000007b1e00000, 0x00000007b1e00000| Untracked 
| 799|0x00000007b1f00000, 0x00000007b1f00000, 0x00000007b2000000|  0%| F|  |TAMS 0x00000007b1f00000, 0x00000007b1f00000| Untracked 
| 800|0x00000007b2000000, 0x00000007b2000000, 0x00000007b2100000|  0%| F|  |TAMS 0x00000007b2000000, 0x00000007b2000000| Untracked 
| 801|0x00000007b2100000, 0x00000007b2100000, 0x00000007b2200000|  0%| F|  |TAMS 0x00000007b2100000, 0x00000007b2100000| Untracked 
| 802|0x00000007b2200000, 0x00000007b2200000, 0x00000007b2300000|  0%| F|  |TAMS 0x00000007b2200000, 0x00000007b2200000| Untracked 
| 803|0x00000007b2300000, 0x00000007b2300000, 0x00000007b2400000|  0%| F|  |TAMS 0x00000007b2300000, 0x00000007b2300000| Untracked 
| 804|0x00000007b2400000, 0x00000007b2400000, 0x00000007b2500000|  0%| F|  |TAMS 0x00000007b2400000, 0x00000007b2400000| Untracked 
| 805|0x00000007b2500000, 0x00000007b2500000, 0x00000007b2600000|  0%| F|  |TAMS 0x00000007b2500000, 0x00000007b2500000| Untracked 
| 806|0x00000007b2600000, 0x00000007b2600000, 0x00000007b2700000|  0%| F|  |TAMS 0x00000007b2600000, 0x00000007b2600000| Untracked 
| 807|0x00000007b2700000, 0x00000007b2700000, 0x00000007b2800000|  0%| F|  |TAMS 0x00000007b2700000, 0x00000007b2700000| Untracked 
| 808|0x00000007b2800000, 0x00000007b2800000, 0x00000007b2900000|  0%| F|  |TAMS 0x00000007b2800000, 0x00000007b2800000| Untracked 
| 809|0x00000007b2900000, 0x00000007b2900000, 0x00000007b2a00000|  0%| F|  |TAMS 0x00000007b2900000, 0x00000007b2900000| Untracked 
| 810|0x00000007b2a00000, 0x00000007b2a00000, 0x00000007b2b00000|  0%| F|  |TAMS 0x00000007b2a00000, 0x00000007b2a00000| Untracked 
| 811|0x00000007b2b00000, 0x00000007b2b00000, 0x00000007b2c00000|  0%| F|  |TAMS 0x00000007b2b00000, 0x00000007b2b00000| Untracked 
| 812|0x00000007b2c00000, 0x00000007b2c00000, 0x00000007b2d00000|  0%| F|  |TAMS 0x00000007b2c00000, 0x00000007b2c00000| Untracked 
| 813|0x00000007b2d00000, 0x00000007b2d00000, 0x00000007b2e00000|  0%| F|  |TAMS 0x00000007b2d00000, 0x00000007b2d00000| Untracked 
| 814|0x00000007b2e00000, 0x00000007b2e00000, 0x00000007b2f00000|  0%| F|  |TAMS 0x00000007b2e00000, 0x00000007b2e00000| Untracked 
| 815|0x00000007b2f00000, 0x00000007b2f00000, 0x00000007b3000000|  0%| F|  |TAMS 0x00000007b2f00000, 0x00000007b2f00000| Untracked 
| 816|0x00000007b3000000, 0x00000007b3000000, 0x00000007b3100000|  0%| F|  |TAMS 0x00000007b3000000, 0x00000007b3000000| Untracked 
| 817|0x00000007b3100000, 0x00000007b3100000, 0x00000007b3200000|  0%| F|  |TAMS 0x00000007b3100000, 0x00000007b3100000| Untracked 
| 818|0x00000007b3200000, 0x00000007b3200000, 0x00000007b3300000|  0%| F|  |TAMS 0x00000007b3200000, 0x00000007b3200000| Untracked 
| 819|0x00000007b3300000, 0x00000007b3300000, 0x00000007b3400000|  0%| F|  |TAMS 0x00000007b3300000, 0x00000007b3300000| Untracked 
| 820|0x00000007b3400000, 0x00000007b3400000, 0x00000007b3500000|  0%| F|  |TAMS 0x00000007b3400000, 0x00000007b3400000| Untracked 
| 821|0x00000007b3500000, 0x00000007b3500000, 0x00000007b3600000|  0%| F|  |TAMS 0x00000007b3500000, 0x00000007b3500000| Untracked 
| 822|0x00000007b3600000, 0x00000007b3600000, 0x00000007b3700000|  0%| F|  |TAMS 0x00000007b3600000, 0x00000007b3600000| Untracked 
| 823|0x00000007b3700000, 0x00000007b3700000, 0x00000007b3800000|  0%| F|  |TAMS 0x00000007b3700000, 0x00000007b3700000| Untracked 
| 824|0x00000007b3800000, 0x00000007b3800000, 0x00000007b3900000|  0%| F|  |TAMS 0x00000007b3800000, 0x00000007b3800000| Untracked 
| 825|0x00000007b3900000, 0x00000007b3900000, 0x00000007b3a00000|  0%| F|  |TAMS 0x00000007b3900000, 0x00000007b3900000| Untracked 
| 826|0x00000007b3a00000, 0x00000007b3a00000, 0x00000007b3b00000|  0%| F|  |TAMS 0x00000007b3a00000, 0x00000007b3a00000| Untracked 
| 827|0x00000007b3b00000, 0x00000007b3b00000, 0x00000007b3c00000|  0%| F|  |TAMS 0x00000007b3b00000, 0x00000007b3b00000| Untracked 
| 828|0x00000007b3c00000, 0x00000007b3c00000, 0x00000007b3d00000|  0%| F|  |TAMS 0x00000007b3c00000, 0x00000007b3c00000| Untracked 
| 829|0x00000007b3d00000, 0x00000007b3d00000, 0x00000007b3e00000|  0%| F|  |TAMS 0x00000007b3d00000, 0x00000007b3d00000| Untracked 
| 830|0x00000007b3e00000, 0x00000007b3e00000, 0x00000007b3f00000|  0%| F|  |TAMS 0x00000007b3e00000, 0x00000007b3e00000| Untracked 
| 831|0x00000007b3f00000, 0x00000007b3f00000, 0x00000007b4000000|  0%| F|  |TAMS 0x00000007b3f00000, 0x00000007b3f00000| Untracked 
| 832|0x00000007b4000000, 0x00000007b4000000, 0x00000007b4100000|  0%| F|  |TAMS 0x00000007b4000000, 0x00000007b4000000| Untracked 
| 833|0x00000007b4100000, 0x00000007b4100000, 0x00000007b4200000|  0%| F|  |TAMS 0x00000007b4100000, 0x00000007b4100000| Untracked 
| 834|0x00000007b4200000, 0x00000007b4200000, 0x00000007b4300000|  0%| F|  |TAMS 0x00000007b4200000, 0x00000007b4200000| Untracked 
| 835|0x00000007b4300000, 0x00000007b4300000, 0x00000007b4400000|  0%| F|  |TAMS 0x00000007b4300000, 0x00000007b4300000| Untracked 
| 836|0x00000007b4400000, 0x00000007b4400000, 0x00000007b4500000|  0%| F|  |TAMS 0x00000007b4400000, 0x00000007b4400000| Untracked 
| 837|0x00000007b4500000, 0x00000007b4500000, 0x00000007b4600000|  0%| F|  |TAMS 0x00000007b4500000, 0x00000007b4500000| Untracked 
| 838|0x00000007b4600000, 0x00000007b4600000, 0x00000007b4700000|  0%| F|  |TAMS 0x00000007b4600000, 0x00000007b4600000| Untracked 
| 839|0x00000007b4700000, 0x00000007b4700000, 0x00000007b4800000|  0%| F|  |TAMS 0x00000007b4700000, 0x00000007b4700000| Untracked 
| 840|0x00000007b4800000, 0x00000007b4800000, 0x00000007b4900000|  0%| F|  |TAMS 0x00000007b4800000, 0x00000007b4800000| Untracked 
| 841|0x00000007b4900000, 0x00000007b4900000, 0x00000007b4a00000|  0%| F|  |TAMS 0x00000007b4900000, 0x00000007b4900000| Untracked 
| 842|0x00000007b4a00000, 0x00000007b4a00000, 0x00000007b4b00000|  0%| F|  |TAMS 0x00000007b4a00000, 0x00000007b4a00000| Untracked 
| 843|0x00000007b4b00000, 0x00000007b4b00000, 0x00000007b4c00000|  0%| F|  |TAMS 0x00000007b4b00000, 0x00000007b4b00000| Untracked 
| 844|0x00000007b4c00000, 0x00000007b4c00000, 0x00000007b4d00000|  0%| F|  |TAMS 0x00000007b4c00000, 0x00000007b4c00000| Untracked 
| 845|0x00000007b4d00000, 0x00000007b4d00000, 0x00000007b4e00000|  0%| F|  |TAMS 0x00000007b4d00000, 0x00000007b4d00000| Untracked 
| 846|0x00000007b4e00000, 0x00000007b4e00000, 0x00000007b4f00000|  0%| F|  |TAMS 0x00000007b4e00000, 0x00000007b4e00000| Untracked 
| 847|0x00000007b4f00000, 0x00000007b4f00000, 0x00000007b5000000|  0%| F|  |TAMS 0x00000007b4f00000, 0x00000007b4f00000| Untracked 
| 848|0x00000007b5000000, 0x00000007b5000000, 0x00000007b5100000|  0%| F|  |TAMS 0x00000007b5000000, 0x00000007b5000000| Untracked 
| 849|0x00000007b5100000, 0x00000007b5100000, 0x00000007b5200000|  0%| F|  |TAMS 0x00000007b5100000, 0x00000007b5100000| Untracked 
| 850|0x00000007b5200000, 0x00000007b5200000, 0x00000007b5300000|  0%| F|  |TAMS 0x00000007b5200000, 0x00000007b5200000| Untracked 
| 851|0x00000007b5300000, 0x00000007b5300000, 0x00000007b5400000|  0%| F|  |TAMS 0x00000007b5300000, 0x00000007b5300000| Untracked 
| 852|0x00000007b5400000, 0x00000007b5400000, 0x00000007b5500000|  0%| F|  |TAMS 0x00000007b5400000, 0x00000007b5400000| Untracked 
| 853|0x00000007b5500000, 0x00000007b5500000, 0x00000007b5600000|  0%| F|  |TAMS 0x00000007b5500000, 0x00000007b5500000| Untracked 
| 854|0x00000007b5600000, 0x00000007b5600000, 0x00000007b5700000|  0%| F|  |TAMS 0x00000007b5600000, 0x00000007b5600000| Untracked 
| 855|0x00000007b5700000, 0x00000007b5700000, 0x00000007b5800000|  0%| F|  |TAMS 0x00000007b5700000, 0x00000007b5700000| Untracked 
| 856|0x00000007b5800000, 0x00000007b5800000, 0x00000007b5900000|  0%| F|  |TAMS 0x00000007b5800000, 0x00000007b5800000| Untracked 
| 857|0x00000007b5900000, 0x00000007b5900000, 0x00000007b5a00000|  0%| F|  |TAMS 0x00000007b5900000, 0x00000007b5900000| Untracked 
| 858|0x00000007b5a00000, 0x00000007b5a00000, 0x00000007b5b00000|  0%| F|  |TAMS 0x00000007b5a00000, 0x00000007b5a00000| Untracked 
| 859|0x00000007b5b00000, 0x00000007b5b00000, 0x00000007b5c00000|  0%| F|  |TAMS 0x00000007b5b00000, 0x00000007b5b00000| Untracked 
| 860|0x00000007b5c00000, 0x00000007b5c00000, 0x00000007b5d00000|  0%| F|  |TAMS 0x00000007b5c00000, 0x00000007b5c00000| Untracked 
| 861|0x00000007b5d00000, 0x00000007b5d00000, 0x00000007b5e00000|  0%| F|  |TAMS 0x00000007b5d00000, 0x00000007b5d00000| Untracked 
| 862|0x00000007b5e00000, 0x00000007b5e00000, 0x00000007b5f00000|  0%| F|  |TAMS 0x00000007b5e00000, 0x00000007b5e00000| Untracked 
| 863|0x00000007b5f00000, 0x00000007b5f00000, 0x00000007b6000000|  0%| F|  |TAMS 0x00000007b5f00000, 0x00000007b5f00000| Untracked 
| 864|0x00000007b6000000, 0x00000007b6000000, 0x00000007b6100000|  0%| F|  |TAMS 0x00000007b6000000, 0x00000007b6000000| Untracked 
| 865|0x00000007b6100000, 0x00000007b6100000, 0x00000007b6200000|  0%| F|  |TAMS 0x00000007b6100000, 0x00000007b6100000| Untracked 
| 866|0x00000007b6200000, 0x00000007b6200000, 0x00000007b6300000|  0%| F|  |TAMS 0x00000007b6200000, 0x00000007b6200000| Untracked 
| 867|0x00000007b6300000, 0x00000007b6300000, 0x00000007b6400000|  0%| F|  |TAMS 0x00000007b6300000, 0x00000007b6300000| Untracked 
| 868|0x00000007b6400000, 0x00000007b6400000, 0x00000007b6500000|  0%| F|  |TAMS 0x00000007b6400000, 0x00000007b6400000| Untracked 
| 869|0x00000007b6500000, 0x00000007b6500000, 0x00000007b6600000|  0%| F|  |TAMS 0x00000007b6500000, 0x00000007b6500000| Untracked 
| 870|0x00000007b6600000, 0x00000007b6600000, 0x00000007b6700000|  0%| F|  |TAMS 0x00000007b6600000, 0x00000007b6600000| Untracked 
| 871|0x00000007b6700000, 0x00000007b6700000, 0x00000007b6800000|  0%| F|  |TAMS 0x00000007b6700000, 0x00000007b6700000| Untracked 
| 872|0x00000007b6800000, 0x00000007b6800000, 0x00000007b6900000|  0%| F|  |TAMS 0x00000007b6800000, 0x00000007b6800000| Untracked 
| 873|0x00000007b6900000, 0x00000007b6900000, 0x00000007b6a00000|  0%| F|  |TAMS 0x00000007b6900000, 0x00000007b6900000| Untracked 
| 874|0x00000007b6a00000, 0x00000007b6a00000, 0x00000007b6b00000|  0%| F|  |TAMS 0x00000007b6a00000, 0x00000007b6a00000| Untracked 
| 875|0x00000007b6b00000, 0x00000007b6b00000, 0x00000007b6c00000|  0%| F|  |TAMS 0x00000007b6b00000, 0x00000007b6b00000| Untracked 
| 876|0x00000007b6c00000, 0x00000007b6c00000, 0x00000007b6d00000|  0%| F|  |TAMS 0x00000007b6c00000, 0x00000007b6c00000| Untracked 
| 877|0x00000007b6d00000, 0x00000007b6d00000, 0x00000007b6e00000|  0%| F|  |TAMS 0x00000007b6d00000, 0x00000007b6d00000| Untracked 
| 878|0x00000007b6e00000, 0x00000007b6e00000, 0x00000007b6f00000|  0%| F|  |TAMS 0x00000007b6e00000, 0x00000007b6e00000| Untracked 
| 879|0x00000007b6f00000, 0x00000007b6f00000, 0x00000007b7000000|  0%| F|  |TAMS 0x00000007b6f00000, 0x00000007b6f00000| Untracked 
| 880|0x00000007b7000000, 0x00000007b7000000, 0x00000007b7100000|  0%| F|  |TAMS 0x00000007b7000000, 0x00000007b7000000| Untracked 
| 881|0x00000007b7100000, 0x00000007b7100000, 0x00000007b7200000|  0%| F|  |TAMS 0x00000007b7100000, 0x00000007b7100000| Untracked 
| 882|0x00000007b7200000, 0x00000007b7200000, 0x00000007b7300000|  0%| F|  |TAMS 0x00000007b7200000, 0x00000007b7200000| Untracked 
| 883|0x00000007b7300000, 0x00000007b7300000, 0x00000007b7400000|  0%| F|  |TAMS 0x00000007b7300000, 0x00000007b7300000| Untracked 
| 884|0x00000007b7400000, 0x00000007b7400000, 0x00000007b7500000|  0%| F|  |TAMS 0x00000007b7400000, 0x00000007b7400000| Untracked 
| 885|0x00000007b7500000, 0x00000007b7500000, 0x00000007b7600000|  0%| F|  |TAMS 0x00000007b7500000, 0x00000007b7500000| Untracked 
| 886|0x00000007b7600000, 0x00000007b7600000, 0x00000007b7700000|  0%| F|  |TAMS 0x00000007b7600000, 0x00000007b7600000| Untracked 
| 887|0x00000007b7700000, 0x00000007b7700000, 0x00000007b7800000|  0%| F|  |TAMS 0x00000007b7700000, 0x00000007b7700000| Untracked 
| 888|0x00000007b7800000, 0x00000007b7800000, 0x00000007b7900000|  0%| F|  |TAMS 0x00000007b7800000, 0x00000007b7800000| Untracked 
| 889|0x00000007b7900000, 0x00000007b7900000, 0x00000007b7a00000|  0%| F|  |TAMS 0x00000007b7900000, 0x00000007b7900000| Untracked 
| 890|0x00000007b7a00000, 0x00000007b7a00000, 0x00000007b7b00000|  0%| F|  |TAMS 0x00000007b7a00000, 0x00000007b7a00000| Untracked 
| 891|0x00000007b7b00000, 0x00000007b7b00000, 0x00000007b7c00000|  0%| F|  |TAMS 0x00000007b7b00000, 0x00000007b7b00000| Untracked 
| 892|0x00000007b7c00000, 0x00000007b7c00000, 0x00000007b7d00000|  0%| F|  |TAMS 0x00000007b7c00000, 0x00000007b7c00000| Untracked 
| 893|0x00000007b7d00000, 0x00000007b7d00000, 0x00000007b7e00000|  0%| F|  |TAMS 0x00000007b7d00000, 0x00000007b7d00000| Untracked 
| 894|0x00000007b7e00000, 0x00000007b7e00000, 0x00000007b7f00000|  0%| F|  |TAMS 0x00000007b7e00000, 0x00000007b7e00000| Untracked 
| 895|0x00000007b7f00000, 0x00000007b7f00000, 0x00000007b8000000|  0%| F|  |TAMS 0x00000007b7f00000, 0x00000007b7f00000| Untracked 
| 896|0x00000007b8000000, 0x00000007b8000000, 0x00000007b8100000|  0%| F|  |TAMS 0x00000007b8000000, 0x00000007b8000000| Untracked 
| 897|0x00000007b8100000, 0x00000007b8100000, 0x00000007b8200000|  0%| F|  |TAMS 0x00000007b8100000, 0x00000007b8100000| Untracked 
| 898|0x00000007b8200000, 0x00000007b8200000, 0x00000007b8300000|  0%| F|  |TAMS 0x00000007b8200000, 0x00000007b8200000| Untracked 
| 899|0x00000007b8300000, 0x00000007b8300000, 0x00000007b8400000|  0%| F|  |TAMS 0x00000007b8300000, 0x00000007b8300000| Untracked 
| 900|0x00000007b8400000, 0x00000007b8400000, 0x00000007b8500000|  0%| F|  |TAMS 0x00000007b8400000, 0x00000007b8400000| Untracked 
| 901|0x00000007b8500000, 0x00000007b8500000, 0x00000007b8600000|  0%| F|  |TAMS 0x00000007b8500000, 0x00000007b8500000| Untracked 
| 902|0x00000007b8600000, 0x00000007b8600000, 0x00000007b8700000|  0%| F|  |TAMS 0x00000007b8600000, 0x00000007b8600000| Untracked 
| 903|0x00000007b8700000, 0x00000007b8700000, 0x00000007b8800000|  0%| F|  |TAMS 0x00000007b8700000, 0x00000007b8700000| Untracked 
| 904|0x00000007b8800000, 0x00000007b8800000, 0x00000007b8900000|  0%| F|  |TAMS 0x00000007b8800000, 0x00000007b8800000| Untracked 
| 905|0x00000007b8900000, 0x00000007b8900000, 0x00000007b8a00000|  0%| F|  |TAMS 0x00000007b8900000, 0x00000007b8900000| Untracked 
| 906|0x00000007b8a00000, 0x00000007b8a00000, 0x00000007b8b00000|  0%| F|  |TAMS 0x00000007b8a00000, 0x00000007b8a00000| Untracked 
| 907|0x00000007b8b00000, 0x00000007b8b00000, 0x00000007b8c00000|  0%| F|  |TAMS 0x00000007b8b00000, 0x00000007b8b00000| Untracked 
| 908|0x00000007b8c00000, 0x00000007b8c00000, 0x00000007b8d00000|  0%| F|  |TAMS 0x00000007b8c00000, 0x00000007b8c00000| Untracked 
| 909|0x00000007b8d00000, 0x00000007b8d00000, 0x00000007b8e00000|  0%| F|  |TAMS 0x00000007b8d00000, 0x00000007b8d00000| Untracked 
| 910|0x00000007b8e00000, 0x00000007b8e00000, 0x00000007b8f00000|  0%| F|  |TAMS 0x00000007b8e00000, 0x00000007b8e00000| Untracked 
| 911|0x00000007b8f00000, 0x00000007b8f00000, 0x00000007b9000000|  0%| F|  |TAMS 0x00000007b8f00000, 0x00000007b8f00000| Untracked 
| 912|0x00000007b9000000, 0x00000007b9000000, 0x00000007b9100000|  0%| F|  |TAMS 0x00000007b9000000, 0x00000007b9000000| Untracked 
| 913|0x00000007b9100000, 0x00000007b9100000, 0x00000007b9200000|  0%| F|  |TAMS 0x00000007b9100000, 0x00000007b9100000| Untracked 
| 914|0x00000007b9200000, 0x00000007b9200000, 0x00000007b9300000|  0%| F|  |TAMS 0x00000007b9200000, 0x00000007b9200000| Untracked 
| 915|0x00000007b9300000, 0x00000007b9300000, 0x00000007b9400000|  0%| F|  |TAMS 0x00000007b9300000, 0x00000007b9300000| Untracked 
| 916|0x00000007b9400000, 0x00000007b9400000, 0x00000007b9500000|  0%| F|  |TAMS 0x00000007b9400000, 0x00000007b9400000| Untracked 
| 917|0x00000007b9500000, 0x00000007b9500000, 0x00000007b9600000|  0%| F|  |TAMS 0x00000007b9500000, 0x00000007b9500000| Untracked 
| 918|0x00000007b9600000, 0x00000007b9600000, 0x00000007b9700000|  0%| F|  |TAMS 0x00000007b9600000, 0x00000007b9600000| Untracked 
| 919|0x00000007b9700000, 0x00000007b9700000, 0x00000007b9800000|  0%| F|  |TAMS 0x00000007b9700000, 0x00000007b9700000| Untracked 
| 920|0x00000007b9800000, 0x00000007b9800000, 0x00000007b9900000|  0%| F|  |TAMS 0x00000007b9800000, 0x00000007b9800000| Untracked 
| 921|0x00000007b9900000, 0x00000007b9900000, 0x00000007b9a00000|  0%| F|  |TAMS 0x00000007b9900000, 0x00000007b9900000| Untracked 
| 922|0x00000007b9a00000, 0x00000007b9a00000, 0x00000007b9b00000|  0%| F|  |TAMS 0x00000007b9a00000, 0x00000007b9a00000| Untracked 
| 923|0x00000007b9b00000, 0x00000007b9b00000, 0x00000007b9c00000|  0%| F|  |TAMS 0x00000007b9b00000, 0x00000007b9b00000| Untracked 
| 924|0x00000007b9c00000, 0x00000007b9c00000, 0x00000007b9d00000|  0%| F|  |TAMS 0x00000007b9c00000, 0x00000007b9c00000| Untracked 
| 925|0x00000007b9d00000, 0x00000007b9d00000, 0x00000007b9e00000|  0%| F|  |TAMS 0x00000007b9d00000, 0x00000007b9d00000| Untracked 
| 926|0x00000007b9e00000, 0x00000007b9e00000, 0x00000007b9f00000|  0%| F|  |TAMS 0x00000007b9e00000, 0x00000007b9e00000| Untracked 
| 927|0x00000007b9f00000, 0x00000007b9f00000, 0x00000007ba000000|  0%| F|  |TAMS 0x00000007b9f00000, 0x00000007b9f00000| Untracked 
| 928|0x00000007ba000000, 0x00000007ba000000, 0x00000007ba100000|  0%| F|  |TAMS 0x00000007ba000000, 0x00000007ba000000| Untracked 
| 929|0x00000007ba100000, 0x00000007ba100000, 0x00000007ba200000|  0%| F|  |TAMS 0x00000007ba100000, 0x00000007ba100000| Untracked 
| 930|0x00000007ba200000, 0x00000007ba200000, 0x00000007ba300000|  0%| F|  |TAMS 0x00000007ba200000, 0x00000007ba200000| Untracked 
| 931|0x00000007ba300000, 0x00000007ba300000, 0x00000007ba400000|  0%| F|  |TAMS 0x00000007ba300000, 0x00000007ba300000| Untracked 
| 932|0x00000007ba400000, 0x00000007ba400000, 0x00000007ba500000|  0%| F|  |TAMS 0x00000007ba400000, 0x00000007ba400000| Untracked 
| 933|0x00000007ba500000, 0x00000007ba500000, 0x00000007ba600000|  0%| F|  |TAMS 0x00000007ba500000, 0x00000007ba500000| Untracked 
| 934|0x00000007ba600000, 0x00000007ba600000, 0x00000007ba700000|  0%| F|  |TAMS 0x00000007ba600000, 0x00000007ba600000| Untracked 
| 935|0x00000007ba700000, 0x00000007ba700000, 0x00000007ba800000|  0%| F|  |TAMS 0x00000007ba700000, 0x00000007ba700000| Untracked 
| 936|0x00000007ba800000, 0x00000007ba800000, 0x00000007ba900000|  0%| F|  |TAMS 0x00000007ba800000, 0x00000007ba800000| Untracked 
| 937|0x00000007ba900000, 0x00000007ba900000, 0x00000007baa00000|  0%| F|  |TAMS 0x00000007ba900000, 0x00000007ba900000| Untracked 
| 938|0x00000007baa00000, 0x00000007baa00000, 0x00000007bab00000|  0%| F|  |TAMS 0x00000007baa00000, 0x00000007baa00000| Untracked 
| 939|0x00000007bab00000, 0x00000007bab00000, 0x00000007bac00000|  0%| F|  |TAMS 0x00000007bab00000, 0x00000007bab00000| Untracked 
| 940|0x00000007bac00000, 0x00000007bac00000, 0x00000007bad00000|  0%| F|  |TAMS 0x00000007bac00000, 0x00000007bac00000| Untracked 
| 941|0x00000007bad00000, 0x00000007bad00000, 0x00000007bae00000|  0%| F|  |TAMS 0x00000007bad00000, 0x00000007bad00000| Untracked 
| 942|0x00000007bae00000, 0x00000007bae00000, 0x00000007baf00000|  0%| F|  |TAMS 0x00000007bae00000, 0x00000007bae00000| Untracked 
| 943|0x00000007baf00000, 0x00000007baf00000, 0x00000007bb000000|  0%| F|  |TAMS 0x00000007baf00000, 0x00000007baf00000| Untracked 
| 944|0x00000007bb000000, 0x00000007bb000000, 0x00000007bb100000|  0%| F|  |TAMS 0x00000007bb000000, 0x00000007bb000000| Untracked 
| 945|0x00000007bb100000, 0x00000007bb100000, 0x00000007bb200000|  0%| F|  |TAMS 0x00000007bb100000, 0x00000007bb100000| Untracked 
| 946|0x00000007bb200000, 0x00000007bb200000, 0x00000007bb300000|  0%| F|  |TAMS 0x00000007bb200000, 0x00000007bb200000| Untracked 
| 947|0x00000007bb300000, 0x00000007bb300000, 0x00000007bb400000|  0%| F|  |TAMS 0x00000007bb300000, 0x00000007bb300000| Untracked 
| 948|0x00000007bb400000, 0x00000007bb400000, 0x00000007bb500000|  0%| F|  |TAMS 0x00000007bb400000, 0x00000007bb400000| Untracked 
| 949|0x00000007bb500000, 0x00000007bb500000, 0x00000007bb600000|  0%| F|  |TAMS 0x00000007bb500000, 0x00000007bb500000| Untracked 
| 950|0x00000007bb600000, 0x00000007bb600000, 0x00000007bb700000|  0%| F|  |TAMS 0x00000007bb600000, 0x00000007bb600000| Untracked 
| 951|0x00000007bb700000, 0x00000007bb700000, 0x00000007bb800000|  0%| F|  |TAMS 0x00000007bb700000, 0x00000007bb700000| Untracked 
| 952|0x00000007bb800000, 0x00000007bb800000, 0x00000007bb900000|  0%| F|  |TAMS 0x00000007bb800000, 0x00000007bb800000| Untracked 
| 953|0x00000007bb900000, 0x00000007bb900000, 0x00000007bba00000|  0%| F|  |TAMS 0x00000007bb900000, 0x00000007bb900000| Untracked 
| 954|0x00000007bba00000, 0x00000007bba00000, 0x00000007bbb00000|  0%| F|  |TAMS 0x00000007bba00000, 0x00000007bba00000| Untracked 
| 955|0x00000007bbb00000, 0x00000007bbb00000, 0x00000007bbc00000|  0%| F|  |TAMS 0x00000007bbb00000, 0x00000007bbb00000| Untracked 
| 956|0x00000007bbc00000, 0x00000007bbc00000, 0x00000007bbd00000|  0%| F|  |TAMS 0x00000007bbc00000, 0x00000007bbc00000| Untracked 
| 957|0x00000007bbd00000, 0x00000007bbd00000, 0x00000007bbe00000|  0%| F|  |TAMS 0x00000007bbd00000, 0x00000007bbd00000| Untracked 
| 958|0x00000007bbe00000, 0x00000007bbe00000, 0x00000007bbf00000|  0%| F|  |TAMS 0x00000007bbe00000, 0x00000007bbe00000| Untracked 
| 959|0x00000007bbf00000, 0x00000007bbf00000, 0x00000007bc000000|  0%| F|  |TAMS 0x00000007bbf00000, 0x00000007bbf00000| Untracked 
| 960|0x00000007bc000000, 0x00000007bc000000, 0x00000007bc100000|  0%| F|  |TAMS 0x00000007bc000000, 0x00000007bc000000| Untracked 
| 961|0x00000007bc100000, 0x00000007bc100000, 0x00000007bc200000|  0%| F|  |TAMS 0x00000007bc100000, 0x00000007bc100000| Untracked 
| 962|0x00000007bc200000, 0x00000007bc200000, 0x00000007bc300000|  0%| F|  |TAMS 0x00000007bc200000, 0x00000007bc200000| Untracked 
| 963|0x00000007bc300000, 0x00000007bc300000, 0x00000007bc400000|  0%| F|  |TAMS 0x00000007bc300000, 0x00000007bc300000| Untracked 
| 964|0x00000007bc400000, 0x00000007bc400000, 0x00000007bc500000|  0%| F|  |TAMS 0x00000007bc400000, 0x00000007bc400000| Untracked 
| 965|0x00000007bc500000, 0x00000007bc500000, 0x00000007bc600000|  0%| F|  |TAMS 0x00000007bc500000, 0x00000007bc500000| Untracked 
| 966|0x00000007bc600000, 0x00000007bc600000, 0x00000007bc700000|  0%| F|  |TAMS 0x00000007bc600000, 0x00000007bc600000| Untracked 
| 967|0x00000007bc700000, 0x00000007bc700000, 0x00000007bc800000|  0%| F|  |TAMS 0x00000007bc700000, 0x00000007bc700000| Untracked 
| 968|0x00000007bc800000, 0x00000007bc800000, 0x00000007bc900000|  0%| F|  |TAMS 0x00000007bc800000, 0x00000007bc800000| Untracked 
| 969|0x00000007bc900000, 0x00000007bc900000, 0x00000007bca00000|  0%| F|  |TAMS 0x00000007bc900000, 0x00000007bc900000| Untracked 
| 970|0x00000007bca00000, 0x00000007bca00000, 0x00000007bcb00000|  0%| F|  |TAMS 0x00000007bca00000, 0x00000007bca00000| Untracked 
| 971|0x00000007bcb00000, 0x00000007bcb00000, 0x00000007bcc00000|  0%| F|  |TAMS 0x00000007bcb00000, 0x00000007bcb00000| Untracked 
| 972|0x00000007bcc00000, 0x00000007bcc00000, 0x00000007bcd00000|  0%| F|  |TAMS 0x00000007bcc00000, 0x00000007bcc00000| Untracked 
| 973|0x00000007bcd00000, 0x00000007bcd00000, 0x00000007bce00000|  0%| F|  |TAMS 0x00000007bcd00000, 0x00000007bcd00000| Untracked 
| 974|0x00000007bce00000, 0x00000007bce00000, 0x00000007bcf00000|  0%| F|  |TAMS 0x00000007bce00000, 0x00000007bce00000| Untracked 
| 975|0x00000007bcf00000, 0x00000007bcf00000, 0x00000007bd000000|  0%| F|  |TAMS 0x00000007bcf00000, 0x00000007bcf00000| Untracked 
| 976|0x00000007bd000000, 0x00000007bd000000, 0x00000007bd100000|  0%| F|  |TAMS 0x00000007bd000000, 0x00000007bd000000| Untracked 
| 977|0x00000007bd100000, 0x00000007bd100000, 0x00000007bd200000|  0%| F|  |TAMS 0x00000007bd100000, 0x00000007bd100000| Untracked 
| 978|0x00000007bd200000, 0x00000007bd200000, 0x00000007bd300000|  0%| F|  |TAMS 0x00000007bd200000, 0x00000007bd200000| Untracked 
| 979|0x00000007bd300000, 0x00000007bd300000, 0x00000007bd400000|  0%| F|  |TAMS 0x00000007bd300000, 0x00000007bd300000| Untracked 
| 980|0x00000007bd400000, 0x00000007bd400000, 0x00000007bd500000|  0%| F|  |TAMS 0x00000007bd400000, 0x00000007bd400000| Untracked 
| 981|0x00000007bd500000, 0x00000007bd500000, 0x00000007bd600000|  0%| F|  |TAMS 0x00000007bd500000, 0x00000007bd500000| Untracked 
| 982|0x00000007bd600000, 0x00000007bd600000, 0x00000007bd700000|  0%| F|  |TAMS 0x00000007bd600000, 0x00000007bd600000| Untracked 
| 983|0x00000007bd700000, 0x00000007bd700000, 0x00000007bd800000|  0%| F|  |TAMS 0x00000007bd700000, 0x00000007bd700000| Untracked 
| 984|0x00000007bd800000, 0x00000007bd800000, 0x00000007bd900000|  0%| F|  |TAMS 0x00000007bd800000, 0x00000007bd800000| Untracked 
| 985|0x00000007bd900000, 0x00000007bd900000, 0x00000007bda00000|  0%| F|  |TAMS 0x00000007bd900000, 0x00000007bd900000| Untracked 
| 986|0x00000007bda00000, 0x00000007bda00000, 0x00000007bdb00000|  0%| F|  |TAMS 0x00000007bda00000, 0x00000007bda00000| Untracked 
| 987|0x00000007bdb00000, 0x00000007bdb00000, 0x00000007bdc00000|  0%| F|  |TAMS 0x00000007bdb00000, 0x00000007bdb00000| Untracked 
| 988|0x00000007bdc00000, 0x00000007bdc00000, 0x00000007bdd00000|  0%| F|  |TAMS 0x00000007bdc00000, 0x00000007bdc00000| Untracked 
| 989|0x00000007bdd00000, 0x00000007bdd00000, 0x00000007bde00000|  0%| F|  |TAMS 0x00000007bdd00000, 0x00000007bdd00000| Untracked 
| 990|0x00000007bde00000, 0x00000007bde00000, 0x00000007bdf00000|  0%| F|  |TAMS 0x00000007bde00000, 0x00000007bde00000| Untracked 
| 991|0x00000007bdf00000, 0x00000007bdf00000, 0x00000007be000000|  0%| F|  |TAMS 0x00000007bdf00000, 0x00000007bdf00000| Untracked 
| 992|0x00000007be000000, 0x00000007be000000, 0x00000007be100000|  0%| F|  |TAMS 0x00000007be000000, 0x00000007be000000| Untracked 
| 993|0x00000007be100000, 0x00000007be100000, 0x00000007be200000|  0%| F|  |TAMS 0x00000007be100000, 0x00000007be100000| Untracked 
| 994|0x00000007be200000, 0x00000007be200000, 0x00000007be300000|  0%| F|  |TAMS 0x00000007be200000, 0x00000007be200000| Untracked 
| 995|0x00000007be300000, 0x00000007be300000, 0x00000007be400000|  0%| F|  |TAMS 0x00000007be300000, 0x00000007be300000| Untracked 
| 996|0x00000007be400000, 0x00000007be400000, 0x00000007be500000|  0%| F|  |TAMS 0x00000007be400000, 0x00000007be400000| Untracked 
| 997|0x00000007be500000, 0x00000007be500000, 0x00000007be600000|  0%| F|  |TAMS 0x00000007be500000, 0x00000007be500000| Untracked 
| 998|0x00000007be600000, 0x00000007be600000, 0x00000007be700000|  0%| F|  |TAMS 0x00000007be600000, 0x00000007be600000| Untracked 
| 999|0x00000007be700000, 0x00000007be700000, 0x00000007be800000|  0%| F|  |TAMS 0x00000007be700000, 0x00000007be700000| Untracked 
|1000|0x00000007be800000, 0x00000007be800000, 0x00000007be900000|  0%| F|  |TAMS 0x00000007be800000, 0x00000007be800000| Untracked 
|1001|0x00000007be900000, 0x00000007be900000, 0x00000007bea00000|  0%| F|  |TAMS 0x00000007be900000, 0x00000007be900000| Untracked 
|1002|0x00000007bea00000, 0x00000007bea00000, 0x00000007beb00000|  0%| F|  |TAMS 0x00000007bea00000, 0x00000007bea00000| Untracked 
|1003|0x00000007beb00000, 0x00000007beb00000, 0x00000007bec00000|  0%| F|  |TAMS 0x00000007beb00000, 0x00000007beb00000| Untracked 
|1004|0x00000007bec00000, 0x00000007bec00000, 0x00000007bed00000|  0%| F|  |TAMS 0x00000007bec00000, 0x00000007bec00000| Untracked 
|1005|0x00000007bed00000, 0x00000007bed00000, 0x00000007bee00000|  0%| F|  |TAMS 0x00000007bed00000, 0x00000007bed00000| Untracked 
|1006|0x00000007bee00000, 0x00000007bee00000, 0x00000007bef00000|  0%| F|  |TAMS 0x00000007bee00000, 0x00000007bee00000| Untracked 
|1007|0x00000007bef00000, 0x00000007bef00000, 0x00000007bf000000|  0%| F|  |TAMS 0x00000007bef00000, 0x00000007bef00000| Untracked 
|1008|0x00000007bf000000, 0x00000007bf000000, 0x00000007bf100000|  0%| F|  |TAMS 0x00000007bf000000, 0x00000007bf000000| Untracked 
|1009|0x00000007bf100000, 0x00000007bf100000, 0x00000007bf200000|  0%| F|  |TAMS 0x00000007bf100000, 0x00000007bf100000| Untracked 
|1010|0x00000007bf200000, 0x00000007bf200000, 0x00000007bf300000|  0%| F|  |TAMS 0x00000007bf200000, 0x00000007bf200000| Untracked 
|1011|0x00000007bf300000, 0x00000007bf300000, 0x00000007bf400000|  0%| F|  |TAMS 0x00000007bf300000, 0x00000007bf300000| Untracked 
|1012|0x00000007bf400000, 0x00000007bf400000, 0x00000007bf500000|  0%| F|  |TAMS 0x00000007bf400000, 0x00000007bf400000| Untracked 
|1013|0x00000007bf500000, 0x00000007bf500000, 0x00000007bf600000|  0%| F|  |TAMS 0x00000007bf500000, 0x00000007bf500000| Untracked 
|1014|0x00000007bf600000, 0x00000007bf600000, 0x00000007bf700000|  0%| F|  |TAMS 0x00000007bf600000, 0x00000007bf600000| Untracked 
|1015|0x00000007bf700000, 0x00000007bf700000, 0x00000007bf800000|  0%| F|  |TAMS 0x00000007bf700000, 0x00000007bf700000| Untracked 
|1016|0x00000007bf800000, 0x00000007bf800000, 0x00000007bf900000|  0%| F|  |TAMS 0x00000007bf800000, 0x00000007bf800000| Untracked 
|1017|0x00000007bf900000, 0x00000007bf900000, 0x00000007bfa00000|  0%| F|  |TAMS 0x00000007bf900000, 0x00000007bf900000| Untracked 
|1018|0x00000007bfa00000, 0x00000007bfa00000, 0x00000007bfb00000|  0%| F|  |TAMS 0x00000007bfa00000, 0x00000007bfa00000| Untracked 
|1019|0x00000007bfb00000, 0x00000007bfb00000, 0x00000007bfc00000|  0%| F|  |TAMS 0x00000007bfb00000, 0x00000007bfb00000| Untracked 
|1020|0x00000007bfc00000, 0x00000007bfc00000, 0x00000007bfd00000|  0%| F|  |TAMS 0x00000007bfc00000, 0x00000007bfc00000| Untracked 
|1021|0x00000007bfd00000, 0x00000007bfd00000, 0x00000007bfe00000|  0%| F|  |TAMS 0x00000007bfd00000, 0x00000007bfd00000| Untracked 
|1022|0x00000007bfe00000, 0x00000007bfe00000, 0x00000007bff00000|  0%| F|  |TAMS 0x00000007bfe00000, 0x00000007bfe00000| Untracked 
|1023|0x00000007bff00000, 0x00000007bff00000, 0x00000007c0000000|  0%| F|  |TAMS 0x00000007bff00000, 0x00000007bff00000| Untracked 
|1024|0x00000007c0000000, 0x00000007c0000000, 0x00000007c0100000|  0%| F|  |TAMS 0x00000007c0000000, 0x00000007c0000000| Untracked 
|1025|0x00000007c0100000, 0x00000007c0100000, 0x00000007c0200000|  0%| F|  |TAMS 0x00000007c0100000, 0x00000007c0100000| Untracked 
|1026|0x00000007c0200000, 0x00000007c0200000, 0x00000007c0300000|  0%| F|  |TAMS 0x00000007c0200000, 0x00000007c0200000| Untracked 
|1027|0x00000007c0300000, 0x00000007c0300000, 0x00000007c0400000|  0%| F|  |TAMS 0x00000007c0300000, 0x00000007c0300000| Untracked 
|1028|0x00000007c0400000, 0x00000007c0400000, 0x00000007c0500000|  0%| F|  |TAMS 0x00000007c0400000, 0x00000007c0400000| Untracked 
|1029|0x00000007c0500000, 0x00000007c0500000, 0x00000007c0600000|  0%| F|  |TAMS 0x00000007c0500000, 0x00000007c0500000| Untracked 
|1030|0x00000007c0600000, 0x00000007c0600000, 0x00000007c0700000|  0%| F|  |TAMS 0x00000007c0600000, 0x00000007c0600000| Untracked 
|1031|0x00000007c0700000, 0x00000007c0700000, 0x00000007c0800000|  0%| F|  |TAMS 0x00000007c0700000, 0x00000007c0700000| Untracked 
|1032|0x00000007c0800000, 0x00000007c0800000, 0x00000007c0900000|  0%| F|  |TAMS 0x00000007c0800000, 0x00000007c0800000| Untracked 
|1033|0x00000007c0900000, 0x00000007c0900000, 0x00000007c0a00000|  0%| F|  |TAMS 0x00000007c0900000, 0x00000007c0900000| Untracked 
|1034|0x00000007c0a00000, 0x00000007c0a00000, 0x00000007c0b00000|  0%| F|  |TAMS 0x00000007c0a00000, 0x00000007c0a00000| Untracked 
|1035|0x00000007c0b00000, 0x00000007c0b00000, 0x00000007c0c00000|  0%| F|  |TAMS 0x00000007c0b00000, 0x00000007c0b00000| Untracked 
|1036|0x00000007c0c00000, 0x00000007c0c00000, 0x00000007c0d00000|  0%| F|  |TAMS 0x00000007c0c00000, 0x00000007c0c00000| Untracked 
|1037|0x00000007c0d00000, 0x00000007c0d00000, 0x00000007c0e00000|  0%| F|  |TAMS 0x00000007c0d00000, 0x00000007c0d00000| Untracked 
|1038|0x00000007c0e00000, 0x00000007c0e00000, 0x00000007c0f00000|  0%| F|  |TAMS 0x00000007c0e00000, 0x00000007c0e00000| Untracked 
|1039|0x00000007c0f00000, 0x00000007c0f00000, 0x00000007c1000000|  0%| F|  |TAMS 0x00000007c0f00000, 0x00000007c0f00000| Untracked 
|1040|0x00000007c1000000, 0x00000007c1000000, 0x00000007c1100000|  0%| F|  |TAMS 0x00000007c1000000, 0x00000007c1000000| Untracked 
|1041|0x00000007c1100000, 0x00000007c1100000, 0x00000007c1200000|  0%| F|  |TAMS 0x00000007c1100000, 0x00000007c1100000| Untracked 
|1042|0x00000007c1200000, 0x00000007c1200000, 0x00000007c1300000|  0%| F|  |TAMS 0x00000007c1200000, 0x00000007c1200000| Untracked 
|1043|0x00000007c1300000, 0x00000007c1300000, 0x00000007c1400000|  0%| F|  |TAMS 0x00000007c1300000, 0x00000007c1300000| Untracked 
|1044|0x00000007c1400000, 0x00000007c1400000, 0x00000007c1500000|  0%| F|  |TAMS 0x00000007c1400000, 0x00000007c1400000| Untracked 
|1045|0x00000007c1500000, 0x00000007c1500000, 0x00000007c1600000|  0%| F|  |TAMS 0x00000007c1500000, 0x00000007c1500000| Untracked 
|1046|0x00000007c1600000, 0x00000007c1600000, 0x00000007c1700000|  0%| F|  |TAMS 0x00000007c1600000, 0x00000007c1600000| Untracked 
|1047|0x00000007c1700000, 0x00000007c1700000, 0x00000007c1800000|  0%| F|  |TAMS 0x00000007c1700000, 0x00000007c1700000| Untracked 
|1048|0x00000007c1800000, 0x00000007c1800000, 0x00000007c1900000|  0%| F|  |TAMS 0x00000007c1800000, 0x00000007c1800000| Untracked 
|1049|0x00000007c1900000, 0x00000007c1900000, 0x00000007c1a00000|  0%| F|  |TAMS 0x00000007c1900000, 0x00000007c1900000| Untracked 
|1050|0x00000007c1a00000, 0x00000007c1a00000, 0x00000007c1b00000|  0%| F|  |TAMS 0x00000007c1a00000, 0x00000007c1a00000| Untracked 
|1051|0x00000007c1b00000, 0x00000007c1b00000, 0x00000007c1c00000|  0%| F|  |TAMS 0x00000007c1b00000, 0x00000007c1b00000| Untracked 
|1052|0x00000007c1c00000, 0x00000007c1c00000, 0x00000007c1d00000|  0%| F|  |TAMS 0x00000007c1c00000, 0x00000007c1c00000| Untracked 
|1053|0x00000007c1d00000, 0x00000007c1d00000, 0x00000007c1e00000|  0%| F|  |TAMS 0x00000007c1d00000, 0x00000007c1d00000| Untracked 
|1054|0x00000007c1e00000, 0x00000007c1e00000, 0x00000007c1f00000|  0%| F|  |TAMS 0x00000007c1e00000, 0x00000007c1e00000| Untracked 
|1055|0x00000007c1f00000, 0x00000007c1f00000, 0x00000007c2000000|  0%| F|  |TAMS 0x00000007c1f00000, 0x00000007c1f00000| Untracked 
|1056|0x00000007c2000000, 0x00000007c2000000, 0x00000007c2100000|  0%| F|  |TAMS 0x00000007c2000000, 0x00000007c2000000| Untracked 
|1057|0x00000007c2100000, 0x00000007c2100000, 0x00000007c2200000|  0%| F|  |TAMS 0x00000007c2100000, 0x00000007c2100000| Untracked 
|1058|0x00000007c2200000, 0x00000007c2200000, 0x00000007c2300000|  0%| F|  |TAMS 0x00000007c2200000, 0x00000007c2200000| Untracked 
|1059|0x00000007c2300000, 0x00000007c2300000, 0x00000007c2400000|  0%| F|  |TAMS 0x00000007c2300000, 0x00000007c2300000| Untracked 
|1060|0x00000007c2400000, 0x00000007c2400000, 0x00000007c2500000|  0%| F|  |TAMS 0x00000007c2400000, 0x00000007c2400000| Untracked 
|1061|0x00000007c2500000, 0x00000007c2500000, 0x00000007c2600000|  0%| F|  |TAMS 0x00000007c2500000, 0x00000007c2500000| Untracked 
|1062|0x00000007c2600000, 0x00000007c2600000, 0x00000007c2700000|  0%| F|  |TAMS 0x00000007c2600000, 0x00000007c2600000| Untracked 
|1063|0x00000007c2700000, 0x00000007c2700000, 0x00000007c2800000|  0%| F|  |TAMS 0x00000007c2700000, 0x00000007c2700000| Untracked 
|1064|0x00000007c2800000, 0x00000007c2800000, 0x00000007c2900000|  0%| F|  |TAMS 0x00000007c2800000, 0x00000007c2800000| Untracked 
|1065|0x00000007c2900000, 0x00000007c2900000, 0x00000007c2a00000|  0%| F|  |TAMS 0x00000007c2900000, 0x00000007c2900000| Untracked 
|1066|0x00000007c2a00000, 0x00000007c2a00000, 0x00000007c2b00000|  0%| F|  |TAMS 0x00000007c2a00000, 0x00000007c2a00000| Untracked 
|1067|0x00000007c2b00000, 0x00000007c2b00000, 0x00000007c2c00000|  0%| F|  |TAMS 0x00000007c2b00000, 0x00000007c2b00000| Untracked 
|1068|0x00000007c2c00000, 0x00000007c2c00000, 0x00000007c2d00000|  0%| F|  |TAMS 0x00000007c2c00000, 0x00000007c2c00000| Untracked 
|1069|0x00000007c2d00000, 0x00000007c2d00000, 0x00000007c2e00000|  0%| F|  |TAMS 0x00000007c2d00000, 0x00000007c2d00000| Untracked 
|1070|0x00000007c2e00000, 0x00000007c2e00000, 0x00000007c2f00000|  0%| F|  |TAMS 0x00000007c2e00000, 0x00000007c2e00000| Untracked 
|1071|0x00000007c2f00000, 0x00000007c2f00000, 0x00000007c3000000|  0%| F|  |TAMS 0x00000007c2f00000, 0x00000007c2f00000| Untracked 
|1072|0x00000007c3000000, 0x00000007c3000000, 0x00000007c3100000|  0%| F|  |TAMS 0x00000007c3000000, 0x00000007c3000000| Untracked 
|1073|0x00000007c3100000, 0x00000007c3100000, 0x00000007c3200000|  0%| F|  |TAMS 0x00000007c3100000, 0x00000007c3100000| Untracked 
|1074|0x00000007c3200000, 0x00000007c3200000, 0x00000007c3300000|  0%| F|  |TAMS 0x00000007c3200000, 0x00000007c3200000| Untracked 
|1075|0x00000007c3300000, 0x00000007c3300000, 0x00000007c3400000|  0%| F|  |TAMS 0x00000007c3300000, 0x00000007c3300000| Untracked 
|1076|0x00000007c3400000, 0x00000007c3400000, 0x00000007c3500000|  0%| F|  |TAMS 0x00000007c3400000, 0x00000007c3400000| Untracked 
|1077|0x00000007c3500000, 0x00000007c3500000, 0x00000007c3600000|  0%| F|  |TAMS 0x00000007c3500000, 0x00000007c3500000| Untracked 
|1078|0x00000007c3600000, 0x00000007c3600000, 0x00000007c3700000|  0%| F|  |TAMS 0x00000007c3600000, 0x00000007c3600000| Untracked 
|1079|0x00000007c3700000, 0x00000007c3700000, 0x00000007c3800000|  0%| F|  |TAMS 0x00000007c3700000, 0x00000007c3700000| Untracked 
|1080|0x00000007c3800000, 0x00000007c3800000, 0x00000007c3900000|  0%| F|  |TAMS 0x00000007c3800000, 0x00000007c3800000| Untracked 
|1081|0x00000007c3900000, 0x00000007c3900000, 0x00000007c3a00000|  0%| F|  |TAMS 0x00000007c3900000, 0x00000007c3900000| Untracked 
|1082|0x00000007c3a00000, 0x00000007c3a00000, 0x00000007c3b00000|  0%| F|  |TAMS 0x00000007c3a00000, 0x00000007c3a00000| Untracked 
|1083|0x00000007c3b00000, 0x00000007c3b00000, 0x00000007c3c00000|  0%| F|  |TAMS 0x00000007c3b00000, 0x00000007c3b00000| Untracked 
|1084|0x00000007c3c00000, 0x00000007c3c00000, 0x00000007c3d00000|  0%| F|  |TAMS 0x00000007c3c00000, 0x00000007c3c00000| Untracked 
|1085|0x00000007c3d00000, 0x00000007c3d00000, 0x00000007c3e00000|  0%| F|  |TAMS 0x00000007c3d00000, 0x00000007c3d00000| Untracked 
|1086|0x00000007c3e00000, 0x00000007c3e00000, 0x00000007c3f00000|  0%| F|  |TAMS 0x00000007c3e00000, 0x00000007c3e00000| Untracked 
|1087|0x00000007c3f00000, 0x00000007c3f00000, 0x00000007c4000000|  0%| F|  |TAMS 0x00000007c3f00000, 0x00000007c3f00000| Untracked 
|1088|0x00000007c4000000, 0x00000007c4000000, 0x00000007c4100000|  0%| F|  |TAMS 0x00000007c4000000, 0x00000007c4000000| Untracked 
|1089|0x00000007c4100000, 0x00000007c4100000, 0x00000007c4200000|  0%| F|  |TAMS 0x00000007c4100000, 0x00000007c4100000| Untracked 
|1090|0x00000007c4200000, 0x00000007c4200000, 0x00000007c4300000|  0%| F|  |TAMS 0x00000007c4200000, 0x00000007c4200000| Untracked 
|1091|0x00000007c4300000, 0x00000007c4300000, 0x00000007c4400000|  0%| F|  |TAMS 0x00000007c4300000, 0x00000007c4300000| Untracked 
|1092|0x00000007c4400000, 0x00000007c4400000, 0x00000007c4500000|  0%| F|  |TAMS 0x00000007c4400000, 0x00000007c4400000| Untracked 
|1093|0x00000007c4500000, 0x00000007c4500000, 0x00000007c4600000|  0%| F|  |TAMS 0x00000007c4500000, 0x00000007c4500000| Untracked 
|1094|0x00000007c4600000, 0x00000007c4600000, 0x00000007c4700000|  0%| F|  |TAMS 0x00000007c4600000, 0x00000007c4600000| Untracked 
|1095|0x00000007c4700000, 0x00000007c4700000, 0x00000007c4800000|  0%| F|  |TAMS 0x00000007c4700000, 0x00000007c4700000| Untracked 
|1096|0x00000007c4800000, 0x00000007c4800000, 0x00000007c4900000|  0%| F|  |TAMS 0x00000007c4800000, 0x00000007c4800000| Untracked 
|1097|0x00000007c4900000, 0x00000007c4900000, 0x00000007c4a00000|  0%| F|  |TAMS 0x00000007c4900000, 0x00000007c4900000| Untracked 
|1098|0x00000007c4a00000, 0x00000007c4a00000, 0x00000007c4b00000|  0%| F|  |TAMS 0x00000007c4a00000, 0x00000007c4a00000| Untracked 
|1099|0x00000007c4b00000, 0x00000007c4b00000, 0x00000007c4c00000|  0%| F|  |TAMS 0x00000007c4b00000, 0x00000007c4b00000| Untracked 
|1100|0x00000007c4c00000, 0x00000007c4c00000, 0x00000007c4d00000|  0%| F|  |TAMS 0x00000007c4c00000, 0x00000007c4c00000| Untracked 
|1101|0x00000007c4d00000, 0x00000007c4d00000, 0x00000007c4e00000|  0%| F|  |TAMS 0x00000007c4d00000, 0x00000007c4d00000| Untracked 
|1102|0x00000007c4e00000, 0x00000007c4e00000, 0x00000007c4f00000|  0%| F|  |TAMS 0x00000007c4e00000, 0x00000007c4e00000| Untracked 
|1103|0x00000007c4f00000, 0x00000007c4f00000, 0x00000007c5000000|  0%| F|  |TAMS 0x00000007c4f00000, 0x00000007c4f00000| Untracked 
|1104|0x00000007c5000000, 0x00000007c5000000, 0x00000007c5100000|  0%| F|  |TAMS 0x00000007c5000000, 0x00000007c5000000| Untracked 
|1105|0x00000007c5100000, 0x00000007c5100000, 0x00000007c5200000|  0%| F|  |TAMS 0x00000007c5100000, 0x00000007c5100000| Untracked 
|1106|0x00000007c5200000, 0x00000007c5200000, 0x00000007c5300000|  0%| F|  |TAMS 0x00000007c5200000, 0x00000007c5200000| Untracked 
|1107|0x00000007c5300000, 0x00000007c5300000, 0x00000007c5400000|  0%| F|  |TAMS 0x00000007c5300000, 0x00000007c5300000| Untracked 
|1108|0x00000007c5400000, 0x00000007c5400000, 0x00000007c5500000|  0%| F|  |TAMS 0x00000007c5400000, 0x00000007c5400000| Untracked 
|1109|0x00000007c5500000, 0x00000007c5500000, 0x00000007c5600000|  0%| F|  |TAMS 0x00000007c5500000, 0x00000007c5500000| Untracked 
|1110|0x00000007c5600000, 0x00000007c5600000, 0x00000007c5700000|  0%| F|  |TAMS 0x00000007c5600000, 0x00000007c5600000| Untracked 
|1111|0x00000007c5700000, 0x00000007c5700000, 0x00000007c5800000|  0%| F|  |TAMS 0x00000007c5700000, 0x00000007c5700000| Untracked 
|1112|0x00000007c5800000, 0x00000007c5800000, 0x00000007c5900000|  0%| F|  |TAMS 0x00000007c5800000, 0x00000007c5800000| Untracked 
|1113|0x00000007c5900000, 0x00000007c5900000, 0x00000007c5a00000|  0%| F|  |TAMS 0x00000007c5900000, 0x00000007c5900000| Untracked 
|1114|0x00000007c5a00000, 0x00000007c5a00000, 0x00000007c5b00000|  0%| F|  |TAMS 0x00000007c5a00000, 0x00000007c5a00000| Untracked 
|1115|0x00000007c5b00000, 0x00000007c5b00000, 0x00000007c5c00000|  0%| F|  |TAMS 0x00000007c5b00000, 0x00000007c5b00000| Untracked 
|1116|0x00000007c5c00000, 0x00000007c5c00000, 0x00000007c5d00000|  0%| F|  |TAMS 0x00000007c5c00000, 0x00000007c5c00000| Untracked 
|1117|0x00000007c5d00000, 0x00000007c5d00000, 0x00000007c5e00000|  0%| F|  |TAMS 0x00000007c5d00000, 0x00000007c5d00000| Untracked 
|1118|0x00000007c5e00000, 0x00000007c5e00000, 0x00000007c5f00000|  0%| F|  |TAMS 0x00000007c5e00000, 0x00000007c5e00000| Untracked 
|1119|0x00000007c5f00000, 0x00000007c5f00000, 0x00000007c6000000|  0%| F|  |TAMS 0x00000007c5f00000, 0x00000007c5f00000| Untracked 
|1120|0x00000007c6000000, 0x00000007c6000000, 0x00000007c6100000|  0%| F|  |TAMS 0x00000007c6000000, 0x00000007c6000000| Untracked 
|1121|0x00000007c6100000, 0x00000007c6100000, 0x00000007c6200000|  0%| F|  |TAMS 0x00000007c6100000, 0x00000007c6100000| Untracked 
|1122|0x00000007c6200000, 0x00000007c6200000, 0x00000007c6300000|  0%| F|  |TAMS 0x00000007c6200000, 0x00000007c6200000| Untracked 
|1123|0x00000007c6300000, 0x00000007c6300000, 0x00000007c6400000|  0%| F|  |TAMS 0x00000007c6300000, 0x00000007c6300000| Untracked 
|1124|0x00000007c6400000, 0x00000007c6400000, 0x00000007c6500000|  0%| F|  |TAMS 0x00000007c6400000, 0x00000007c6400000| Untracked 
|1125|0x00000007c6500000, 0x00000007c6500000, 0x00000007c6600000|  0%| F|  |TAMS 0x00000007c6500000, 0x00000007c6500000| Untracked 
|1126|0x00000007c6600000, 0x00000007c6600000, 0x00000007c6700000|  0%| F|  |TAMS 0x00000007c6600000, 0x00000007c6600000| Untracked 
|1127|0x00000007c6700000, 0x00000007c6700000, 0x00000007c6800000|  0%| F|  |TAMS 0x00000007c6700000, 0x00000007c6700000| Untracked 
|1128|0x00000007c6800000, 0x00000007c6800000, 0x00000007c6900000|  0%| F|  |TAMS 0x00000007c6800000, 0x00000007c6800000| Untracked 
|1129|0x00000007c6900000, 0x00000007c6900000, 0x00000007c6a00000|  0%| F|  |TAMS 0x00000007c6900000, 0x00000007c6900000| Untracked 
|1130|0x00000007c6a00000, 0x00000007c6a00000, 0x00000007c6b00000|  0%| F|  |TAMS 0x00000007c6a00000, 0x00000007c6a00000| Untracked 
|1131|0x00000007c6b00000, 0x00000007c6b00000, 0x00000007c6c00000|  0%| F|  |TAMS 0x00000007c6b00000, 0x00000007c6b00000| Untracked 
|1132|0x00000007c6c00000, 0x00000007c6c00000, 0x00000007c6d00000|  0%| F|  |TAMS 0x00000007c6c00000, 0x00000007c6c00000| Untracked 
|1133|0x00000007c6d00000, 0x00000007c6d00000, 0x00000007c6e00000|  0%| F|  |TAMS 0x00000007c6d00000, 0x00000007c6d00000| Untracked 
|1134|0x00000007c6e00000, 0x00000007c6e00000, 0x00000007c6f00000|  0%| F|  |TAMS 0x00000007c6e00000, 0x00000007c6e00000| Untracked 
|1135|0x00000007c6f00000, 0x00000007c6f00000, 0x00000007c7000000|  0%| F|  |TAMS 0x00000007c6f00000, 0x00000007c6f00000| Untracked 
|1136|0x00000007c7000000, 0x00000007c7000000, 0x00000007c7100000|  0%| F|  |TAMS 0x00000007c7000000, 0x00000007c7000000| Untracked 
|1137|0x00000007c7100000, 0x00000007c7100000, 0x00000007c7200000|  0%| F|  |TAMS 0x00000007c7100000, 0x00000007c7100000| Untracked 
|1138|0x00000007c7200000, 0x00000007c7200000, 0x00000007c7300000|  0%| F|  |TAMS 0x00000007c7200000, 0x00000007c7200000| Untracked 
|1139|0x00000007c7300000, 0x00000007c7300000, 0x00000007c7400000|  0%| F|  |TAMS 0x00000007c7300000, 0x00000007c7300000| Untracked 
|1140|0x00000007c7400000, 0x00000007c7400000, 0x00000007c7500000|  0%| F|  |TAMS 0x00000007c7400000, 0x00000007c7400000| Untracked 
|1141|0x00000007c7500000, 0x00000007c7500000, 0x00000007c7600000|  0%| F|  |TAMS 0x00000007c7500000, 0x00000007c7500000| Untracked 
|1142|0x00000007c7600000, 0x00000007c7600000, 0x00000007c7700000|  0%| F|  |TAMS 0x00000007c7600000, 0x00000007c7600000| Untracked 
|1143|0x00000007c7700000, 0x00000007c7700000, 0x00000007c7800000|  0%| F|  |TAMS 0x00000007c7700000, 0x00000007c7700000| Untracked 
|1144|0x00000007c7800000, 0x00000007c7800000, 0x00000007c7900000|  0%| F|  |TAMS 0x00000007c7800000, 0x00000007c7800000| Untracked 
|1145|0x00000007c7900000, 0x00000007c7900000, 0x00000007c7a00000|  0%| F|  |TAMS 0x00000007c7900000, 0x00000007c7900000| Untracked 
|1146|0x00000007c7a00000, 0x00000007c7a00000, 0x00000007c7b00000|  0%| F|  |TAMS 0x00000007c7a00000, 0x00000007c7a00000| Untracked 
|1147|0x00000007c7b00000, 0x00000007c7b00000, 0x00000007c7c00000|  0%| F|  |TAMS 0x00000007c7b00000, 0x00000007c7b00000| Untracked 
|1148|0x00000007c7c00000, 0x00000007c7c00000, 0x00000007c7d00000|  0%| F|  |TAMS 0x00000007c7c00000, 0x00000007c7c00000| Untracked 
|1149|0x00000007c7d00000, 0x00000007c7d00000, 0x00000007c7e00000|  0%| F|  |TAMS 0x00000007c7d00000, 0x00000007c7d00000| Untracked 
|1150|0x00000007c7e00000, 0x00000007c7e00000, 0x00000007c7f00000|  0%| F|  |TAMS 0x00000007c7e00000, 0x00000007c7e00000| Untracked 
|1151|0x00000007c7f00000, 0x00000007c7f00000, 0x00000007c8000000|  0%| F|  |TAMS 0x00000007c7f00000, 0x00000007c7f00000| Untracked 
|1152|0x00000007c8000000, 0x00000007c8000000, 0x00000007c8100000|  0%| F|  |TAMS 0x00000007c8000000, 0x00000007c8000000| Untracked 
|1153|0x00000007c8100000, 0x00000007c8100000, 0x00000007c8200000|  0%| F|  |TAMS 0x00000007c8100000, 0x00000007c8100000| Untracked 
|1154|0x00000007c8200000, 0x00000007c8200000, 0x00000007c8300000|  0%| F|  |TAMS 0x00000007c8200000, 0x00000007c8200000| Untracked 
|1155|0x00000007c8300000, 0x00000007c8300000, 0x00000007c8400000|  0%| F|  |TAMS 0x00000007c8300000, 0x00000007c8300000| Untracked 
|1156|0x00000007c8400000, 0x00000007c8400000, 0x00000007c8500000|  0%| F|  |TAMS 0x00000007c8400000, 0x00000007c8400000| Untracked 
|1157|0x00000007c8500000, 0x00000007c8500000, 0x00000007c8600000|  0%| F|  |TAMS 0x00000007c8500000, 0x00000007c8500000| Untracked 
|1158|0x00000007c8600000, 0x00000007c8600000, 0x00000007c8700000|  0%| F|  |TAMS 0x00000007c8600000, 0x00000007c8600000| Untracked 
|1159|0x00000007c8700000, 0x00000007c8700000, 0x00000007c8800000|  0%| F|  |TAMS 0x00000007c8700000, 0x00000007c8700000| Untracked 
|1160|0x00000007c8800000, 0x00000007c8800000, 0x00000007c8900000|  0%| F|  |TAMS 0x00000007c8800000, 0x00000007c8800000| Untracked 
|1161|0x00000007c8900000, 0x00000007c8900000, 0x00000007c8a00000|  0%| F|  |TAMS 0x00000007c8900000, 0x00000007c8900000| Untracked 
|1162|0x00000007c8a00000, 0x00000007c8a00000, 0x00000007c8b00000|  0%| F|  |TAMS 0x00000007c8a00000, 0x00000007c8a00000| Untracked 
|1163|0x00000007c8b00000, 0x00000007c8b00000, 0x00000007c8c00000|  0%| F|  |TAMS 0x00000007c8b00000, 0x00000007c8b00000| Untracked 
|1164|0x00000007c8c00000, 0x00000007c8c00000, 0x00000007c8d00000|  0%| F|  |TAMS 0x00000007c8c00000, 0x00000007c8c00000| Untracked 
|1165|0x00000007c8d00000, 0x00000007c8d00000, 0x00000007c8e00000|  0%| F|  |TAMS 0x00000007c8d00000, 0x00000007c8d00000| Untracked 
|1166|0x00000007c8e00000, 0x00000007c8e00000, 0x00000007c8f00000|  0%| F|  |TAMS 0x00000007c8e00000, 0x00000007c8e00000| Untracked 
|1167|0x00000007c8f00000, 0x00000007c8f00000, 0x00000007c9000000|  0%| F|  |TAMS 0x00000007c8f00000, 0x00000007c8f00000| Untracked 
|1168|0x00000007c9000000, 0x00000007c9000000, 0x00000007c9100000|  0%| F|  |TAMS 0x00000007c9000000, 0x00000007c9000000| Untracked 
|1169|0x00000007c9100000, 0x00000007c9100000, 0x00000007c9200000|  0%| F|  |TAMS 0x00000007c9100000, 0x00000007c9100000| Untracked 
|1170|0x00000007c9200000, 0x00000007c9200000, 0x00000007c9300000|  0%| F|  |TAMS 0x00000007c9200000, 0x00000007c9200000| Untracked 
|1171|0x00000007c9300000, 0x00000007c9300000, 0x00000007c9400000|  0%| F|  |TAMS 0x00000007c9300000, 0x00000007c9300000| Untracked 
|1172|0x00000007c9400000, 0x00000007c9400000, 0x00000007c9500000|  0%| F|  |TAMS 0x00000007c9400000, 0x00000007c9400000| Untracked 
|1173|0x00000007c9500000, 0x00000007c9500000, 0x00000007c9600000|  0%| F|  |TAMS 0x00000007c9500000, 0x00000007c9500000| Untracked 
|1174|0x00000007c9600000, 0x00000007c9600000, 0x00000007c9700000|  0%| F|  |TAMS 0x00000007c9600000, 0x00000007c9600000| Untracked 
|1175|0x00000007c9700000, 0x00000007c9700000, 0x00000007c9800000|  0%| F|  |TAMS 0x00000007c9700000, 0x00000007c9700000| Untracked 
|1176|0x00000007c9800000, 0x00000007c9800000, 0x00000007c9900000|  0%| F|  |TAMS 0x00000007c9800000, 0x00000007c9800000| Untracked 
|1177|0x00000007c9900000, 0x00000007c9900000, 0x00000007c9a00000|  0%| F|  |TAMS 0x00000007c9900000, 0x00000007c9900000| Untracked 
|1178|0x00000007c9a00000, 0x00000007c9a00000, 0x00000007c9b00000|  0%| F|  |TAMS 0x00000007c9a00000, 0x00000007c9a00000| Untracked 
|1179|0x00000007c9b00000, 0x00000007c9b00000, 0x00000007c9c00000|  0%| F|  |TAMS 0x00000007c9b00000, 0x00000007c9b00000| Untracked 
|1180|0x00000007c9c00000, 0x00000007c9c00000, 0x00000007c9d00000|  0%| F|  |TAMS 0x00000007c9c00000, 0x00000007c9c00000| Untracked 
|1181|0x00000007c9d00000, 0x00000007c9d00000, 0x00000007c9e00000|  0%| F|  |TAMS 0x00000007c9d00000, 0x00000007c9d00000| Untracked 
|1182|0x00000007c9e00000, 0x00000007c9e00000, 0x00000007c9f00000|  0%| F|  |TAMS 0x00000007c9e00000, 0x00000007c9e00000| Untracked 
|1183|0x00000007c9f00000, 0x00000007c9f00000, 0x00000007ca000000|  0%| F|  |TAMS 0x00000007c9f00000, 0x00000007c9f00000| Untracked 
|1184|0x00000007ca000000, 0x00000007ca000000, 0x00000007ca100000|  0%| F|  |TAMS 0x00000007ca000000, 0x00000007ca000000| Untracked 
|1185|0x00000007ca100000, 0x00000007ca100000, 0x00000007ca200000|  0%| F|  |TAMS 0x00000007ca100000, 0x00000007ca100000| Untracked 
|1186|0x00000007ca200000, 0x00000007ca200000, 0x00000007ca300000|  0%| F|  |TAMS 0x00000007ca200000, 0x00000007ca200000| Untracked 
|1187|0x00000007ca300000, 0x00000007ca300000, 0x00000007ca400000|  0%| F|  |TAMS 0x00000007ca300000, 0x00000007ca300000| Untracked 
|1188|0x00000007ca400000, 0x00000007ca400000, 0x00000007ca500000|  0%| F|  |TAMS 0x00000007ca400000, 0x00000007ca400000| Untracked 
|1189|0x00000007ca500000, 0x00000007ca500000, 0x00000007ca600000|  0%| F|  |TAMS 0x00000007ca500000, 0x00000007ca500000| Untracked 
|1190|0x00000007ca600000, 0x00000007ca600000, 0x00000007ca700000|  0%| F|  |TAMS 0x00000007ca600000, 0x00000007ca600000| Untracked 
|1191|0x00000007ca700000, 0x00000007ca700000, 0x00000007ca800000|  0%| F|  |TAMS 0x00000007ca700000, 0x00000007ca700000| Untracked 
|1192|0x00000007ca800000, 0x00000007ca800000, 0x00000007ca900000|  0%| F|  |TAMS 0x00000007ca800000, 0x00000007ca800000| Untracked 
|1193|0x00000007ca900000, 0x00000007ca900000, 0x00000007caa00000|  0%| F|  |TAMS 0x00000007ca900000, 0x00000007ca900000| Untracked 
|1194|0x00000007caa00000, 0x00000007caa00000, 0x00000007cab00000|  0%| F|  |TAMS 0x00000007caa00000, 0x00000007caa00000| Untracked 
|1195|0x00000007cab00000, 0x00000007cab00000, 0x00000007cac00000|  0%| F|  |TAMS 0x00000007cab00000, 0x00000007cab00000| Untracked 
|1196|0x00000007cac00000, 0x00000007cac00000, 0x00000007cad00000|  0%| F|  |TAMS 0x00000007cac00000, 0x00000007cac00000| Untracked 
|1197|0x00000007cad00000, 0x00000007cad00000, 0x00000007cae00000|  0%| F|  |TAMS 0x00000007cad00000, 0x00000007cad00000| Untracked 
|1198|0x00000007cae00000, 0x00000007cae00000, 0x00000007caf00000|  0%| F|  |TAMS 0x00000007cae00000, 0x00000007cae00000| Untracked 
|1199|0x00000007caf00000, 0x00000007caf00000, 0x00000007cb000000|  0%| F|  |TAMS 0x00000007caf00000, 0x00000007caf00000| Untracked 
|1200|0x00000007cb000000, 0x00000007cb000000, 0x00000007cb100000|  0%| F|  |TAMS 0x00000007cb000000, 0x00000007cb000000| Untracked 
|1201|0x00000007cb100000, 0x00000007cb100000, 0x00000007cb200000|  0%| F|  |TAMS 0x00000007cb100000, 0x00000007cb100000| Untracked 
|1202|0x00000007cb200000, 0x00000007cb200000, 0x00000007cb300000|  0%| F|  |TAMS 0x00000007cb200000, 0x00000007cb200000| Untracked 
|1203|0x00000007cb300000, 0x00000007cb300000, 0x00000007cb400000|  0%| F|  |TAMS 0x00000007cb300000, 0x00000007cb300000| Untracked 
|1204|0x00000007cb400000, 0x00000007cb400000, 0x00000007cb500000|  0%| F|  |TAMS 0x00000007cb400000, 0x00000007cb400000| Untracked 
|1205|0x00000007cb500000, 0x00000007cb500000, 0x00000007cb600000|  0%| F|  |TAMS 0x00000007cb500000, 0x00000007cb500000| Untracked 
|1206|0x00000007cb600000, 0x00000007cb600000, 0x00000007cb700000|  0%| F|  |TAMS 0x00000007cb600000, 0x00000007cb600000| Untracked 
|1207|0x00000007cb700000, 0x00000007cb700000, 0x00000007cb800000|  0%| F|  |TAMS 0x00000007cb700000, 0x00000007cb700000| Untracked 
|1208|0x00000007cb800000, 0x00000007cb800000, 0x00000007cb900000|  0%| F|  |TAMS 0x00000007cb800000, 0x00000007cb800000| Untracked 
|1209|0x00000007cb900000, 0x00000007cb900000, 0x00000007cba00000|  0%| F|  |TAMS 0x00000007cb900000, 0x00000007cb900000| Untracked 
|1210|0x00000007cba00000, 0x00000007cba00000, 0x00000007cbb00000|  0%| F|  |TAMS 0x00000007cba00000, 0x00000007cba00000| Untracked 
|1211|0x00000007cbb00000, 0x00000007cbb00000, 0x00000007cbc00000|  0%| F|  |TAMS 0x00000007cbb00000, 0x00000007cbb00000| Untracked 
|1212|0x00000007cbc00000, 0x00000007cbc00000, 0x00000007cbd00000|  0%| F|  |TAMS 0x00000007cbc00000, 0x00000007cbc00000| Untracked 
|1213|0x00000007cbd00000, 0x00000007cbd00000, 0x00000007cbe00000|  0%| F|  |TAMS 0x00000007cbd00000, 0x00000007cbd00000| Untracked 
|1214|0x00000007cbe00000, 0x00000007cbe00000, 0x00000007cbf00000|  0%| F|  |TAMS 0x00000007cbe00000, 0x00000007cbe00000| Untracked 
|1215|0x00000007cbf00000, 0x00000007cbf00000, 0x00000007cc000000|  0%| F|  |TAMS 0x00000007cbf00000, 0x00000007cbf00000| Untracked 
|1216|0x00000007cc000000, 0x00000007cc000000, 0x00000007cc100000|  0%| F|  |TAMS 0x00000007cc000000, 0x00000007cc000000| Untracked 
|1217|0x00000007cc100000, 0x00000007cc100000, 0x00000007cc200000|  0%| F|  |TAMS 0x00000007cc100000, 0x00000007cc100000| Untracked 
|1218|0x00000007cc200000, 0x00000007cc200000, 0x00000007cc300000|  0%| F|  |TAMS 0x00000007cc200000, 0x00000007cc200000| Untracked 
|1219|0x00000007cc300000, 0x00000007cc300000, 0x00000007cc400000|  0%| F|  |TAMS 0x00000007cc300000, 0x00000007cc300000| Untracked 
|1220|0x00000007cc400000, 0x00000007cc400000, 0x00000007cc500000|  0%| F|  |TAMS 0x00000007cc400000, 0x00000007cc400000| Untracked 
|1221|0x00000007cc500000, 0x00000007cc500000, 0x00000007cc600000|  0%| F|  |TAMS 0x00000007cc500000, 0x00000007cc500000| Untracked 
|1222|0x00000007cc600000, 0x00000007cc600000, 0x00000007cc700000|  0%| F|  |TAMS 0x00000007cc600000, 0x00000007cc600000| Untracked 
|1223|0x00000007cc700000, 0x00000007cc700000, 0x00000007cc800000|  0%| F|  |TAMS 0x00000007cc700000, 0x00000007cc700000| Untracked 
|1224|0x00000007cc800000, 0x00000007cc800000, 0x00000007cc900000|  0%| F|  |TAMS 0x00000007cc800000, 0x00000007cc800000| Untracked 
|1225|0x00000007cc900000, 0x00000007cc900000, 0x00000007cca00000|  0%| F|  |TAMS 0x00000007cc900000, 0x00000007cc900000| Untracked 
|1226|0x00000007cca00000, 0x00000007cca00000, 0x00000007ccb00000|  0%| F|  |TAMS 0x00000007cca00000, 0x00000007cca00000| Untracked 
|1227|0x00000007ccb00000, 0x00000007ccb00000, 0x00000007ccc00000|  0%| F|  |TAMS 0x00000007ccb00000, 0x00000007ccb00000| Untracked 
|1228|0x00000007ccc00000, 0x00000007ccc00000, 0x00000007ccd00000|  0%| F|  |TAMS 0x00000007ccc00000, 0x00000007ccc00000| Untracked 
|1229|0x00000007ccd00000, 0x00000007ccd00000, 0x00000007cce00000|  0%| F|  |TAMS 0x00000007ccd00000, 0x00000007ccd00000| Untracked 
|1230|0x00000007cce00000, 0x00000007cce00000, 0x00000007ccf00000|  0%| F|  |TAMS 0x00000007cce00000, 0x00000007cce00000| Untracked 
|1231|0x00000007ccf00000, 0x00000007ccf00000, 0x00000007cd000000|  0%| F|  |TAMS 0x00000007ccf00000, 0x00000007ccf00000| Untracked 
|1232|0x00000007cd000000, 0x00000007cd000000, 0x00000007cd100000|  0%| F|  |TAMS 0x00000007cd000000, 0x00000007cd000000| Untracked 
|1233|0x00000007cd100000, 0x00000007cd100000, 0x00000007cd200000|  0%| F|  |TAMS 0x00000007cd100000, 0x00000007cd100000| Untracked 
|1234|0x00000007cd200000, 0x00000007cd200000, 0x00000007cd300000|  0%| F|  |TAMS 0x00000007cd200000, 0x00000007cd200000| Untracked 
|1235|0x00000007cd300000, 0x00000007cd300000, 0x00000007cd400000|  0%| F|  |TAMS 0x00000007cd300000, 0x00000007cd300000| Untracked 
|1236|0x00000007cd400000, 0x00000007cd400000, 0x00000007cd500000|  0%| F|  |TAMS 0x00000007cd400000, 0x00000007cd400000| Untracked 
|1237|0x00000007cd500000, 0x00000007cd500000, 0x00000007cd600000|  0%| F|  |TAMS 0x00000007cd500000, 0x00000007cd500000| Untracked 
|1238|0x00000007cd600000, 0x00000007cd600000, 0x00000007cd700000|  0%| F|  |TAMS 0x00000007cd600000, 0x00000007cd600000| Untracked 
|1239|0x00000007cd700000, 0x00000007cd700000, 0x00000007cd800000|  0%| F|  |TAMS 0x00000007cd700000, 0x00000007cd700000| Untracked 
|1240|0x00000007cd800000, 0x00000007cd800000, 0x00000007cd900000|  0%| F|  |TAMS 0x00000007cd800000, 0x00000007cd800000| Untracked 
|1241|0x00000007cd900000, 0x00000007cd900000, 0x00000007cda00000|  0%| F|  |TAMS 0x00000007cd900000, 0x00000007cd900000| Untracked 
|1242|0x00000007cda00000, 0x00000007cda00000, 0x00000007cdb00000|  0%| F|  |TAMS 0x00000007cda00000, 0x00000007cda00000| Untracked 
|1243|0x00000007cdb00000, 0x00000007cdb00000, 0x00000007cdc00000|  0%| F|  |TAMS 0x00000007cdb00000, 0x00000007cdb00000| Untracked 
|1244|0x00000007cdc00000, 0x00000007cdc00000, 0x00000007cdd00000|  0%| F|  |TAMS 0x00000007cdc00000, 0x00000007cdc00000| Untracked 
|1245|0x00000007cdd00000, 0x00000007cdd00000, 0x00000007cde00000|  0%| F|  |TAMS 0x00000007cdd00000, 0x00000007cdd00000| Untracked 
|1246|0x00000007cde00000, 0x00000007cde00000, 0x00000007cdf00000|  0%| F|  |TAMS 0x00000007cde00000, 0x00000007cde00000| Untracked 
|1247|0x00000007cdf00000, 0x00000007cdf00000, 0x00000007ce000000|  0%| F|  |TAMS 0x00000007cdf00000, 0x00000007cdf00000| Untracked 
|1248|0x00000007ce000000, 0x00000007ce000000, 0x00000007ce100000|  0%| F|  |TAMS 0x00000007ce000000, 0x00000007ce000000| Untracked 
|1249|0x00000007ce100000, 0x00000007ce100000, 0x00000007ce200000|  0%| F|  |TAMS 0x00000007ce100000, 0x00000007ce100000| Untracked 
|1250|0x00000007ce200000, 0x00000007ce200000, 0x00000007ce300000|  0%| F|  |TAMS 0x00000007ce200000, 0x00000007ce200000| Untracked 
|1251|0x00000007ce300000, 0x00000007ce300000, 0x00000007ce400000|  0%| F|  |TAMS 0x00000007ce300000, 0x00000007ce300000| Untracked 
|1252|0x00000007ce400000, 0x00000007ce400000, 0x00000007ce500000|  0%| F|  |TAMS 0x00000007ce400000, 0x00000007ce400000| Untracked 
|1253|0x00000007ce500000, 0x00000007ce500000, 0x00000007ce600000|  0%| F|  |TAMS 0x00000007ce500000, 0x00000007ce500000| Untracked 
|1254|0x00000007ce600000, 0x00000007ce600000, 0x00000007ce700000|  0%| F|  |TAMS 0x00000007ce600000, 0x00000007ce600000| Untracked 
|1255|0x00000007ce700000, 0x00000007ce700000, 0x00000007ce800000|  0%| F|  |TAMS 0x00000007ce700000, 0x00000007ce700000| Untracked 
|1256|0x00000007ce800000, 0x00000007ce800000, 0x00000007ce900000|  0%| F|  |TAMS 0x00000007ce800000, 0x00000007ce800000| Untracked 
|1257|0x00000007ce900000, 0x00000007ce900000, 0x00000007cea00000|  0%| F|  |TAMS 0x00000007ce900000, 0x00000007ce900000| Untracked 
|1258|0x00000007cea00000, 0x00000007cea00000, 0x00000007ceb00000|  0%| F|  |TAMS 0x00000007cea00000, 0x00000007cea00000| Untracked 
|1259|0x00000007ceb00000, 0x00000007ceb00000, 0x00000007cec00000|  0%| F|  |TAMS 0x00000007ceb00000, 0x00000007ceb00000| Untracked 
|1260|0x00000007cec00000, 0x00000007cec00000, 0x00000007ced00000|  0%| F|  |TAMS 0x00000007cec00000, 0x00000007cec00000| Untracked 
|1261|0x00000007ced00000, 0x00000007ced00000, 0x00000007cee00000|  0%| F|  |TAMS 0x00000007ced00000, 0x00000007ced00000| Untracked 
|1262|0x00000007cee00000, 0x00000007cee00000, 0x00000007cef00000|  0%| F|  |TAMS 0x00000007cee00000, 0x00000007cee00000| Untracked 
|1263|0x00000007cef00000, 0x00000007cef00000, 0x00000007cf000000|  0%| F|  |TAMS 0x00000007cef00000, 0x00000007cef00000| Untracked 
|1264|0x00000007cf000000, 0x00000007cf000000, 0x00000007cf100000|  0%| F|  |TAMS 0x00000007cf000000, 0x00000007cf000000| Untracked 
|1265|0x00000007cf100000, 0x00000007cf100000, 0x00000007cf200000|  0%| F|  |TAMS 0x00000007cf100000, 0x00000007cf100000| Untracked 
|1266|0x00000007cf200000, 0x00000007cf200000, 0x00000007cf300000|  0%| F|  |TAMS 0x00000007cf200000, 0x00000007cf200000| Untracked 
|1267|0x00000007cf300000, 0x00000007cf300000, 0x00000007cf400000|  0%| F|  |TAMS 0x00000007cf300000, 0x00000007cf300000| Untracked 
|1268|0x00000007cf400000, 0x00000007cf400000, 0x00000007cf500000|  0%| F|  |TAMS 0x00000007cf400000, 0x00000007cf400000| Untracked 
|1269|0x00000007cf500000, 0x00000007cf500000, 0x00000007cf600000|  0%| F|  |TAMS 0x00000007cf500000, 0x00000007cf500000| Untracked 
|1270|0x00000007cf600000, 0x00000007cf600000, 0x00000007cf700000|  0%| F|  |TAMS 0x00000007cf600000, 0x00000007cf600000| Untracked 
|1271|0x00000007cf700000, 0x00000007cf700000, 0x00000007cf800000|  0%| F|  |TAMS 0x00000007cf700000, 0x00000007cf700000| Untracked 
|1272|0x00000007cf800000, 0x00000007cf800000, 0x00000007cf900000|  0%| F|  |TAMS 0x00000007cf800000, 0x00000007cf800000| Untracked 
|1273|0x00000007cf900000, 0x00000007cf900000, 0x00000007cfa00000|  0%| F|  |TAMS 0x00000007cf900000, 0x00000007cf900000| Untracked 
|1274|0x00000007cfa00000, 0x00000007cfa00000, 0x00000007cfb00000|  0%| F|  |TAMS 0x00000007cfa00000, 0x00000007cfa00000| Untracked 
|1275|0x00000007cfb00000, 0x00000007cfb00000, 0x00000007cfc00000|  0%| F|  |TAMS 0x00000007cfb00000, 0x00000007cfb00000| Untracked 
|1276|0x00000007cfc00000, 0x00000007cfc00000, 0x00000007cfd00000|  0%| F|  |TAMS 0x00000007cfc00000, 0x00000007cfc00000| Untracked 
|1277|0x00000007cfd00000, 0x00000007cfd00000, 0x00000007cfe00000|  0%| F|  |TAMS 0x00000007cfd00000, 0x00000007cfd00000| Untracked 
|1278|0x00000007cfe00000, 0x00000007cfe00000, 0x00000007cff00000|  0%| F|  |TAMS 0x00000007cfe00000, 0x00000007cfe00000| Untracked 
|1279|0x00000007cff00000, 0x00000007cff00000, 0x00000007d0000000|  0%| F|  |TAMS 0x00000007cff00000, 0x00000007cff00000| Untracked 
|1280|0x00000007d0000000, 0x00000007d0000000, 0x00000007d0100000|  0%| F|  |TAMS 0x00000007d0000000, 0x00000007d0000000| Untracked 
|1281|0x00000007d0100000, 0x00000007d0100000, 0x00000007d0200000|  0%| F|  |TAMS 0x00000007d0100000, 0x00000007d0100000| Untracked 
|1282|0x00000007d0200000, 0x00000007d0200000, 0x00000007d0300000|  0%| F|  |TAMS 0x00000007d0200000, 0x00000007d0200000| Untracked 
|1283|0x00000007d0300000, 0x00000007d0300000, 0x00000007d0400000|  0%| F|  |TAMS 0x00000007d0300000, 0x00000007d0300000| Untracked 
|1284|0x00000007d0400000, 0x00000007d0400000, 0x00000007d0500000|  0%| F|  |TAMS 0x00000007d0400000, 0x00000007d0400000| Untracked 
|1285|0x00000007d0500000, 0x00000007d0500000, 0x00000007d0600000|  0%| F|  |TAMS 0x00000007d0500000, 0x00000007d0500000| Untracked 
|1286|0x00000007d0600000, 0x00000007d0600000, 0x00000007d0700000|  0%| F|  |TAMS 0x00000007d0600000, 0x00000007d0600000| Untracked 
|1287|0x00000007d0700000, 0x00000007d0700000, 0x00000007d0800000|  0%| F|  |TAMS 0x00000007d0700000, 0x00000007d0700000| Untracked 
|1288|0x00000007d0800000, 0x00000007d0800000, 0x00000007d0900000|  0%| F|  |TAMS 0x00000007d0800000, 0x00000007d0800000| Untracked 
|1289|0x00000007d0900000, 0x00000007d0900000, 0x00000007d0a00000|  0%| F|  |TAMS 0x00000007d0900000, 0x00000007d0900000| Untracked 
|1290|0x00000007d0a00000, 0x00000007d0a00000, 0x00000007d0b00000|  0%| F|  |TAMS 0x00000007d0a00000, 0x00000007d0a00000| Untracked 
|1291|0x00000007d0b00000, 0x00000007d0b00000, 0x00000007d0c00000|  0%| F|  |TAMS 0x00000007d0b00000, 0x00000007d0b00000| Untracked 
|1292|0x00000007d0c00000, 0x00000007d0c00000, 0x00000007d0d00000|  0%| F|  |TAMS 0x00000007d0c00000, 0x00000007d0c00000| Untracked 
|1293|0x00000007d0d00000, 0x00000007d0d00000, 0x00000007d0e00000|  0%| F|  |TAMS 0x00000007d0d00000, 0x00000007d0d00000| Untracked 
|1294|0x00000007d0e00000, 0x00000007d0e00000, 0x00000007d0f00000|  0%| F|  |TAMS 0x00000007d0e00000, 0x00000007d0e00000| Untracked 
|1295|0x00000007d0f00000, 0x00000007d0f00000, 0x00000007d1000000|  0%| F|  |TAMS 0x00000007d0f00000, 0x00000007d0f00000| Untracked 
|1296|0x00000007d1000000, 0x00000007d1000000, 0x00000007d1100000|  0%| F|  |TAMS 0x00000007d1000000, 0x00000007d1000000| Untracked 
|1297|0x00000007d1100000, 0x00000007d1100000, 0x00000007d1200000|  0%| F|  |TAMS 0x00000007d1100000, 0x00000007d1100000| Untracked 
|1298|0x00000007d1200000, 0x00000007d1200000, 0x00000007d1300000|  0%| F|  |TAMS 0x00000007d1200000, 0x00000007d1200000| Untracked 
|1299|0x00000007d1300000, 0x00000007d1300000, 0x00000007d1400000|  0%| F|  |TAMS 0x00000007d1300000, 0x00000007d1300000| Untracked 
|1300|0x00000007d1400000, 0x00000007d1400000, 0x00000007d1500000|  0%| F|  |TAMS 0x00000007d1400000, 0x00000007d1400000| Untracked 
|1301|0x00000007d1500000, 0x00000007d1500000, 0x00000007d1600000|  0%| F|  |TAMS 0x00000007d1500000, 0x00000007d1500000| Untracked 
|1302|0x00000007d1600000, 0x00000007d1600000, 0x00000007d1700000|  0%| F|  |TAMS 0x00000007d1600000, 0x00000007d1600000| Untracked 
|1303|0x00000007d1700000, 0x00000007d1700000, 0x00000007d1800000|  0%| F|  |TAMS 0x00000007d1700000, 0x00000007d1700000| Untracked 
|1304|0x00000007d1800000, 0x00000007d1800000, 0x00000007d1900000|  0%| F|  |TAMS 0x00000007d1800000, 0x00000007d1800000| Untracked 
|1305|0x00000007d1900000, 0x00000007d1900000, 0x00000007d1a00000|  0%| F|  |TAMS 0x00000007d1900000, 0x00000007d1900000| Untracked 
|1306|0x00000007d1a00000, 0x00000007d1a00000, 0x00000007d1b00000|  0%| F|  |TAMS 0x00000007d1a00000, 0x00000007d1a00000| Untracked 
|1307|0x00000007d1b00000, 0x00000007d1b00000, 0x00000007d1c00000|  0%| F|  |TAMS 0x00000007d1b00000, 0x00000007d1b00000| Untracked 
|1308|0x00000007d1c00000, 0x00000007d1c00000, 0x00000007d1d00000|  0%| F|  |TAMS 0x00000007d1c00000, 0x00000007d1c00000| Untracked 
|1309|0x00000007d1d00000, 0x00000007d1d00000, 0x00000007d1e00000|  0%| F|  |TAMS 0x00000007d1d00000, 0x00000007d1d00000| Untracked 
|1310|0x00000007d1e00000, 0x00000007d1e00000, 0x00000007d1f00000|  0%| F|  |TAMS 0x00000007d1e00000, 0x00000007d1e00000| Untracked 
|1311|0x00000007d1f00000, 0x00000007d1f00000, 0x00000007d2000000|  0%| F|  |TAMS 0x00000007d1f00000, 0x00000007d1f00000| Untracked 
|1312|0x00000007d2000000, 0x00000007d2000000, 0x00000007d2100000|  0%| F|  |TAMS 0x00000007d2000000, 0x00000007d2000000| Untracked 
|1313|0x00000007d2100000, 0x00000007d2100000, 0x00000007d2200000|  0%| F|  |TAMS 0x00000007d2100000, 0x00000007d2100000| Untracked 
|1314|0x00000007d2200000, 0x00000007d2200000, 0x00000007d2300000|  0%| F|  |TAMS 0x00000007d2200000, 0x00000007d2200000| Untracked 
|1315|0x00000007d2300000, 0x00000007d2300000, 0x00000007d2400000|  0%| F|  |TAMS 0x00000007d2300000, 0x00000007d2300000| Untracked 
|1316|0x00000007d2400000, 0x00000007d2400000, 0x00000007d2500000|  0%| F|  |TAMS 0x00000007d2400000, 0x00000007d2400000| Untracked 
|1317|0x00000007d2500000, 0x00000007d2500000, 0x00000007d2600000|  0%| F|  |TAMS 0x00000007d2500000, 0x00000007d2500000| Untracked 
|1318|0x00000007d2600000, 0x00000007d2600000, 0x00000007d2700000|  0%| F|  |TAMS 0x00000007d2600000, 0x00000007d2600000| Untracked 
|1319|0x00000007d2700000, 0x00000007d2700000, 0x00000007d2800000|  0%| F|  |TAMS 0x00000007d2700000, 0x00000007d2700000| Untracked 
|1320|0x00000007d2800000, 0x00000007d2800000, 0x00000007d2900000|  0%| F|  |TAMS 0x00000007d2800000, 0x00000007d2800000| Untracked 
|1321|0x00000007d2900000, 0x00000007d2900000, 0x00000007d2a00000|  0%| F|  |TAMS 0x00000007d2900000, 0x00000007d2900000| Untracked 
|1322|0x00000007d2a00000, 0x00000007d2a00000, 0x00000007d2b00000|  0%| F|  |TAMS 0x00000007d2a00000, 0x00000007d2a00000| Untracked 
|1323|0x00000007d2b00000, 0x00000007d2b00000, 0x00000007d2c00000|  0%| F|  |TAMS 0x00000007d2b00000, 0x00000007d2b00000| Untracked 
|1324|0x00000007d2c00000, 0x00000007d2c00000, 0x00000007d2d00000|  0%| F|  |TAMS 0x00000007d2c00000, 0x00000007d2c00000| Untracked 
|1325|0x00000007d2d00000, 0x00000007d2d00000, 0x00000007d2e00000|  0%| F|  |TAMS 0x00000007d2d00000, 0x00000007d2d00000| Untracked 
|1326|0x00000007d2e00000, 0x00000007d2e00000, 0x00000007d2f00000|  0%| F|  |TAMS 0x00000007d2e00000, 0x00000007d2e00000| Untracked 
|1327|0x00000007d2f00000, 0x00000007d2f00000, 0x00000007d3000000|  0%| F|  |TAMS 0x00000007d2f00000, 0x00000007d2f00000| Untracked 
|1328|0x00000007d3000000, 0x00000007d3000000, 0x00000007d3100000|  0%| F|  |TAMS 0x00000007d3000000, 0x00000007d3000000| Untracked 
|1329|0x00000007d3100000, 0x00000007d3100000, 0x00000007d3200000|  0%| F|  |TAMS 0x00000007d3100000, 0x00000007d3100000| Untracked 
|1330|0x00000007d3200000, 0x00000007d3200000, 0x00000007d3300000|  0%| F|  |TAMS 0x00000007d3200000, 0x00000007d3200000| Untracked 
|1331|0x00000007d3300000, 0x00000007d3300000, 0x00000007d3400000|  0%| F|  |TAMS 0x00000007d3300000, 0x00000007d3300000| Untracked 
|1332|0x00000007d3400000, 0x00000007d3400000, 0x00000007d3500000|  0%| F|  |TAMS 0x00000007d3400000, 0x00000007d3400000| Untracked 
|1333|0x00000007d3500000, 0x00000007d3500000, 0x00000007d3600000|  0%| F|  |TAMS 0x00000007d3500000, 0x00000007d3500000| Untracked 
|1334|0x00000007d3600000, 0x00000007d3600000, 0x00000007d3700000|  0%| F|  |TAMS 0x00000007d3600000, 0x00000007d3600000| Untracked 
|1335|0x00000007d3700000, 0x00000007d3700000, 0x00000007d3800000|  0%| F|  |TAMS 0x00000007d3700000, 0x00000007d3700000| Untracked 
|1336|0x00000007d3800000, 0x00000007d3800000, 0x00000007d3900000|  0%| F|  |TAMS 0x00000007d3800000, 0x00000007d3800000| Untracked 
|1337|0x00000007d3900000, 0x00000007d3900000, 0x00000007d3a00000|  0%| F|  |TAMS 0x00000007d3900000, 0x00000007d3900000| Untracked 
|1338|0x00000007d3a00000, 0x00000007d3a00000, 0x00000007d3b00000|  0%| F|  |TAMS 0x00000007d3a00000, 0x00000007d3a00000| Untracked 
|1339|0x00000007d3b00000, 0x00000007d3b00000, 0x00000007d3c00000|  0%| F|  |TAMS 0x00000007d3b00000, 0x00000007d3b00000| Untracked 
|1340|0x00000007d3c00000, 0x00000007d3c00000, 0x00000007d3d00000|  0%| F|  |TAMS 0x00000007d3c00000, 0x00000007d3c00000| Untracked 
|1341|0x00000007d3d00000, 0x00000007d3d00000, 0x00000007d3e00000|  0%| F|  |TAMS 0x00000007d3d00000, 0x00000007d3d00000| Untracked 
|1342|0x00000007d3e00000, 0x00000007d3e00000, 0x00000007d3f00000|  0%| F|  |TAMS 0x00000007d3e00000, 0x00000007d3e00000| Untracked 
|1343|0x00000007d3f00000, 0x00000007d3f00000, 0x00000007d4000000|  0%| F|  |TAMS 0x00000007d3f00000, 0x00000007d3f00000| Untracked 
|1344|0x00000007d4000000, 0x00000007d4000000, 0x00000007d4100000|  0%| F|  |TAMS 0x00000007d4000000, 0x00000007d4000000| Untracked 
|1345|0x00000007d4100000, 0x00000007d4100000, 0x00000007d4200000|  0%| F|  |TAMS 0x00000007d4100000, 0x00000007d4100000| Untracked 
|1346|0x00000007d4200000, 0x00000007d4200000, 0x00000007d4300000|  0%| F|  |TAMS 0x00000007d4200000, 0x00000007d4200000| Untracked 
|1347|0x00000007d4300000, 0x00000007d4300000, 0x00000007d4400000|  0%| F|  |TAMS 0x00000007d4300000, 0x00000007d4300000| Untracked 
|1348|0x00000007d4400000, 0x00000007d4400000, 0x00000007d4500000|  0%| F|  |TAMS 0x00000007d4400000, 0x00000007d4400000| Untracked 
|1349|0x00000007d4500000, 0x00000007d4500000, 0x00000007d4600000|  0%| F|  |TAMS 0x00000007d4500000, 0x00000007d4500000| Untracked 
|1350|0x00000007d4600000, 0x00000007d4600000, 0x00000007d4700000|  0%| F|  |TAMS 0x00000007d4600000, 0x00000007d4600000| Untracked 
|1351|0x00000007d4700000, 0x00000007d4700000, 0x00000007d4800000|  0%| F|  |TAMS 0x00000007d4700000, 0x00000007d4700000| Untracked 
|1352|0x00000007d4800000, 0x00000007d4800000, 0x00000007d4900000|  0%| F|  |TAMS 0x00000007d4800000, 0x00000007d4800000| Untracked 
|1353|0x00000007d4900000, 0x00000007d4980000, 0x00000007d4a00000| 50%| E|  |TAMS 0x00000007d4900000, 0x00000007d4900000| Complete 
|1354|0x00000007d4a00000, 0x00000007d4b00000, 0x00000007d4b00000|100%| E|CS|TAMS 0x00000007d4a00000, 0x00000007d4a00000| Complete 
|1355|0x00000007d4b00000, 0x00000007d4c00000, 0x00000007d4c00000|100%| E|CS|TAMS 0x00000007d4b00000, 0x00000007d4b00000| Complete 
|1356|0x00000007d4c00000, 0x00000007d4d00000, 0x00000007d4d00000|100%| E|CS|TAMS 0x00000007d4c00000, 0x00000007d4c00000| Complete 
|1357|0x00000007d4d00000, 0x00000007d4e00000, 0x00000007d4e00000|100%| E|CS|TAMS 0x00000007d4d00000, 0x00000007d4d00000| Complete 
|1358|0x00000007d4e00000, 0x00000007d4f00000, 0x00000007d4f00000|100%| E|CS|TAMS 0x00000007d4e00000, 0x00000007d4e00000| Complete 
|1359|0x00000007d4f00000, 0x00000007d5000000, 0x00000007d5000000|100%| E|CS|TAMS 0x00000007d4f00000, 0x00000007d4f00000| Complete 
|1360|0x00000007d5000000, 0x00000007d5100000, 0x00000007d5100000|100%| E|CS|TAMS 0x00000007d5000000, 0x00000007d5000000| Complete 
|1361|0x00000007d5100000, 0x00000007d5200000, 0x00000007d5200000|100%| E|CS|TAMS 0x00000007d5100000, 0x00000007d5100000| Complete 
|1362|0x00000007d5200000, 0x00000007d5300000, 0x00000007d5300000|100%| E|CS|TAMS 0x00000007d5200000, 0x00000007d5200000| Complete 
|1363|0x00000007d5300000, 0x00000007d5400000, 0x00000007d5400000|100%| E|CS|TAMS 0x00000007d5300000, 0x00000007d5300000| Complete 
|1364|0x00000007d5400000, 0x00000007d5500000, 0x00000007d5500000|100%| E|CS|TAMS 0x00000007d5400000, 0x00000007d5400000| Complete 
|1365|0x00000007d5500000, 0x00000007d5600000, 0x00000007d5600000|100%| E|CS|TAMS 0x00000007d5500000, 0x00000007d5500000| Complete 
|1366|0x00000007d5600000, 0x00000007d5700000, 0x00000007d5700000|100%| E|CS|TAMS 0x00000007d5600000, 0x00000007d5600000| Complete 
|1367|0x00000007d5700000, 0x00000007d5800000, 0x00000007d5800000|100%| E|CS|TAMS 0x00000007d5700000, 0x00000007d5700000| Complete 
|1368|0x00000007d5800000, 0x00000007d5900000, 0x00000007d5900000|100%| E|CS|TAMS 0x00000007d5800000, 0x00000007d5800000| Complete 
|1369|0x00000007d5900000, 0x00000007d5a00000, 0x00000007d5a00000|100%| E|CS|TAMS 0x00000007d5900000, 0x00000007d5900000| Complete 
|1370|0x00000007d5a00000, 0x00000007d5b00000, 0x00000007d5b00000|100%| E|CS|TAMS 0x00000007d5a00000, 0x00000007d5a00000| Complete 
|1371|0x00000007d5b00000, 0x00000007d5c00000, 0x00000007d5c00000|100%| E|CS|TAMS 0x00000007d5b00000, 0x00000007d5b00000| Complete 
|1372|0x00000007d5c00000, 0x00000007d5d00000, 0x00000007d5d00000|100%| E|CS|TAMS 0x00000007d5c00000, 0x00000007d5c00000| Complete 
|1373|0x00000007d5d00000, 0x00000007d5e00000, 0x00000007d5e00000|100%| E|CS|TAMS 0x00000007d5d00000, 0x00000007d5d00000| Complete 
|1374|0x00000007d5e00000, 0x00000007d5f00000, 0x00000007d5f00000|100%| E|CS|TAMS 0x00000007d5e00000, 0x00000007d5e00000| Complete 
|1375|0x00000007d5f00000, 0x00000007d6000000, 0x00000007d6000000|100%| E|CS|TAMS 0x00000007d5f00000, 0x00000007d5f00000| Complete 
|1376|0x00000007d6000000, 0x00000007d6100000, 0x00000007d6100000|100%| E|CS|TAMS 0x00000007d6000000, 0x00000007d6000000| Complete 
|1377|0x00000007d6100000, 0x00000007d6200000, 0x00000007d6200000|100%| E|CS|TAMS 0x00000007d6100000, 0x00000007d6100000| Complete 
|1378|0x00000007d6200000, 0x00000007d6300000, 0x00000007d6300000|100%| E|CS|TAMS 0x00000007d6200000, 0x00000007d6200000| Complete 
|1379|0x00000007d6300000, 0x00000007d6400000, 0x00000007d6400000|100%| E|CS|TAMS 0x00000007d6300000, 0x00000007d6300000| Complete 
|1380|0x00000007d6400000, 0x00000007d6500000, 0x00000007d6500000|100%| E|CS|TAMS 0x00000007d6400000, 0x00000007d6400000| Complete 
|1381|0x00000007d6500000, 0x00000007d6600000, 0x00000007d6600000|100%| E|CS|TAMS 0x00000007d6500000, 0x00000007d6500000| Complete 
|1382|0x00000007d6600000, 0x00000007d6700000, 0x00000007d6700000|100%| E|CS|TAMS 0x00000007d6600000, 0x00000007d6600000| Complete 
|1383|0x00000007d6700000, 0x00000007d6800000, 0x00000007d6800000|100%| E|CS|TAMS 0x00000007d6700000, 0x00000007d6700000| Complete 
|1384|0x00000007d6800000, 0x00000007d6900000, 0x00000007d6900000|100%| E|CS|TAMS 0x00000007d6800000, 0x00000007d6800000| Complete 
|1385|0x00000007d6900000, 0x00000007d6a00000, 0x00000007d6a00000|100%| E|CS|TAMS 0x00000007d6900000, 0x00000007d6900000| Complete 
|1386|0x00000007d6a00000, 0x00000007d6b00000, 0x00000007d6b00000|100%| E|CS|TAMS 0x00000007d6a00000, 0x00000007d6a00000| Complete 
|1387|0x00000007d6b00000, 0x00000007d6c00000, 0x00000007d6c00000|100%| E|CS|TAMS 0x00000007d6b00000, 0x00000007d6b00000| Complete 
|1388|0x00000007d6c00000, 0x00000007d6d00000, 0x00000007d6d00000|100%| E|CS|TAMS 0x00000007d6c00000, 0x00000007d6c00000| Complete 
|1389|0x00000007d6d00000, 0x00000007d6e00000, 0x00000007d6e00000|100%| E|CS|TAMS 0x00000007d6d00000, 0x00000007d6d00000| Complete 
|1390|0x00000007d6e00000, 0x00000007d6f00000, 0x00000007d6f00000|100%| E|CS|TAMS 0x00000007d6e00000, 0x00000007d6e00000| Complete 
|1391|0x00000007d6f00000, 0x00000007d7000000, 0x00000007d7000000|100%| E|CS|TAMS 0x00000007d6f00000, 0x00000007d6f00000| Complete 
|1392|0x00000007d7000000, 0x00000007d7100000, 0x00000007d7100000|100%| E|CS|TAMS 0x00000007d7000000, 0x00000007d7000000| Complete 
|1393|0x00000007d7100000, 0x00000007d7200000, 0x00000007d7200000|100%| E|CS|TAMS 0x00000007d7100000, 0x00000007d7100000| Complete 
|1394|0x00000007d7200000, 0x00000007d7300000, 0x00000007d7300000|100%| E|CS|TAMS 0x00000007d7200000, 0x00000007d7200000| Complete 
|1395|0x00000007d7300000, 0x00000007d7400000, 0x00000007d7400000|100%| E|CS|TAMS 0x00000007d7300000, 0x00000007d7300000| Complete 
|1396|0x00000007d7400000, 0x00000007d7500000, 0x00000007d7500000|100%| E|CS|TAMS 0x00000007d7400000, 0x00000007d7400000| Complete 
|1397|0x00000007d7500000, 0x00000007d7600000, 0x00000007d7600000|100%| E|CS|TAMS 0x00000007d7500000, 0x00000007d7500000| Complete 
|1398|0x00000007d7600000, 0x00000007d7700000, 0x00000007d7700000|100%| E|CS|TAMS 0x00000007d7600000, 0x00000007d7600000| Complete 
|1399|0x00000007d7700000, 0x00000007d7800000, 0x00000007d7800000|100%| E|CS|TAMS 0x00000007d7700000, 0x00000007d7700000| Complete 
|1400|0x00000007d7800000, 0x00000007d7900000, 0x00000007d7900000|100%| E|CS|TAMS 0x00000007d7800000, 0x00000007d7800000| Complete 
|1401|0x00000007d7900000, 0x00000007d7a00000, 0x00000007d7a00000|100%| E|CS|TAMS 0x00000007d7900000, 0x00000007d7900000| Complete 
|1402|0x00000007d7a00000, 0x00000007d7b00000, 0x00000007d7b00000|100%| E|CS|TAMS 0x00000007d7a00000, 0x00000007d7a00000| Complete 
|1403|0x00000007d7b00000, 0x00000007d7c00000, 0x00000007d7c00000|100%| E|CS|TAMS 0x00000007d7b00000, 0x00000007d7b00000| Complete 
|1404|0x00000007d7c00000, 0x00000007d7d00000, 0x00000007d7d00000|100%| E|CS|TAMS 0x00000007d7c00000, 0x00000007d7c00000| Complete 
|1405|0x00000007d7d00000, 0x00000007d7e00000, 0x00000007d7e00000|100%| E|CS|TAMS 0x00000007d7d00000, 0x00000007d7d00000| Complete 
|1406|0x00000007d7e00000, 0x00000007d7f00000, 0x00000007d7f00000|100%| E|CS|TAMS 0x00000007d7e00000, 0x00000007d7e00000| Complete 
|1407|0x00000007d7f00000, 0x00000007d8000000, 0x00000007d8000000|100%| E|CS|TAMS 0x00000007d7f00000, 0x00000007d7f00000| Complete 
|1408|0x00000007d8000000, 0x00000007d8100000, 0x00000007d8100000|100%| E|CS|TAMS 0x00000007d8000000, 0x00000007d8000000| Complete 
|1409|0x00000007d8100000, 0x00000007d8200000, 0x00000007d8200000|100%| E|CS|TAMS 0x00000007d8100000, 0x00000007d8100000| Complete 
|1410|0x00000007d8200000, 0x00000007d8300000, 0x00000007d8300000|100%| E|CS|TAMS 0x00000007d8200000, 0x00000007d8200000| Complete 
|1411|0x00000007d8300000, 0x00000007d8400000, 0x00000007d8400000|100%| E|CS|TAMS 0x00000007d8300000, 0x00000007d8300000| Complete 
|1412|0x00000007d8400000, 0x00000007d8500000, 0x00000007d8500000|100%| E|CS|TAMS 0x00000007d8400000, 0x00000007d8400000| Complete 
|1413|0x00000007d8500000, 0x00000007d8600000, 0x00000007d8600000|100%| E|CS|TAMS 0x00000007d8500000, 0x00000007d8500000| Complete 
|1414|0x00000007d8600000, 0x00000007d8700000, 0x00000007d8700000|100%| E|CS|TAMS 0x00000007d8600000, 0x00000007d8600000| Complete 
|1415|0x00000007d8700000, 0x00000007d8800000, 0x00000007d8800000|100%| E|CS|TAMS 0x00000007d8700000, 0x00000007d8700000| Complete 
|1416|0x00000007d8800000, 0x00000007d8900000, 0x00000007d8900000|100%| E|CS|TAMS 0x00000007d8800000, 0x00000007d8800000| Complete 
|1417|0x00000007d8900000, 0x00000007d8a00000, 0x00000007d8a00000|100%| E|CS|TAMS 0x00000007d8900000, 0x00000007d8900000| Complete 
|1418|0x00000007d8a00000, 0x00000007d8b00000, 0x00000007d8b00000|100%| E|CS|TAMS 0x00000007d8a00000, 0x00000007d8a00000| Complete 
|1419|0x00000007d8b00000, 0x00000007d8c00000, 0x00000007d8c00000|100%| E|CS|TAMS 0x00000007d8b00000, 0x00000007d8b00000| Complete 
|1420|0x00000007d8c00000, 0x00000007d8d00000, 0x00000007d8d00000|100%| E|CS|TAMS 0x00000007d8c00000, 0x00000007d8c00000| Complete 
|1421|0x00000007d8d00000, 0x00000007d8e00000, 0x00000007d8e00000|100%| E|CS|TAMS 0x00000007d8d00000, 0x00000007d8d00000| Complete 
|1422|0x00000007d8e00000, 0x00000007d8f00000, 0x00000007d8f00000|100%| E|CS|TAMS 0x00000007d8e00000, 0x00000007d8e00000| Complete 
|1423|0x00000007d8f00000, 0x00000007d9000000, 0x00000007d9000000|100%| E|CS|TAMS 0x00000007d8f00000, 0x00000007d8f00000| Complete 
|1424|0x00000007d9000000, 0x00000007d9100000, 0x00000007d9100000|100%| E|CS|TAMS 0x00000007d9000000, 0x00000007d9000000| Complete 
|1425|0x00000007d9100000, 0x00000007d9200000, 0x00000007d9200000|100%| E|CS|TAMS 0x00000007d9100000, 0x00000007d9100000| Complete 
|1426|0x00000007d9200000, 0x00000007d9300000, 0x00000007d9300000|100%| E|CS|TAMS 0x00000007d9200000, 0x00000007d9200000| Complete 
|1427|0x00000007d9300000, 0x00000007d9400000, 0x00000007d9400000|100%| E|CS|TAMS 0x00000007d9300000, 0x00000007d9300000| Complete 
|1428|0x00000007d9400000, 0x00000007d9500000, 0x00000007d9500000|100%| E|CS|TAMS 0x00000007d9400000, 0x00000007d9400000| Complete 
|1429|0x00000007d9500000, 0x00000007d9600000, 0x00000007d9600000|100%| E|CS|TAMS 0x00000007d9500000, 0x00000007d9500000| Complete 
|1430|0x00000007d9600000, 0x00000007d9700000, 0x00000007d9700000|100%| E|CS|TAMS 0x00000007d9600000, 0x00000007d9600000| Complete 
|1431|0x00000007d9700000, 0x00000007d9800000, 0x00000007d9800000|100%| E|CS|TAMS 0x00000007d9700000, 0x00000007d9700000| Complete 
|1432|0x00000007d9800000, 0x00000007d9900000, 0x00000007d9900000|100%| E|CS|TAMS 0x00000007d9800000, 0x00000007d9800000| Complete 
|1433|0x00000007d9900000, 0x00000007d9a00000, 0x00000007d9a00000|100%| E|CS|TAMS 0x00000007d9900000, 0x00000007d9900000| Complete 
|1434|0x00000007d9a00000, 0x00000007d9b00000, 0x00000007d9b00000|100%| E|CS|TAMS 0x00000007d9a00000, 0x00000007d9a00000| Complete 
|1435|0x00000007d9b00000, 0x00000007d9c00000, 0x00000007d9c00000|100%| E|CS|TAMS 0x00000007d9b00000, 0x00000007d9b00000| Complete 
|1436|0x00000007d9c00000, 0x00000007d9d00000, 0x00000007d9d00000|100%| E|CS|TAMS 0x00000007d9c00000, 0x00000007d9c00000| Complete 
|1437|0x00000007d9d00000, 0x00000007d9e00000, 0x00000007d9e00000|100%| E|CS|TAMS 0x00000007d9d00000, 0x00000007d9d00000| Complete 
|1438|0x00000007d9e00000, 0x00000007d9f00000, 0x00000007d9f00000|100%| E|CS|TAMS 0x00000007d9e00000, 0x00000007d9e00000| Complete 
|1439|0x00000007d9f00000, 0x00000007da000000, 0x00000007da000000|100%| E|CS|TAMS 0x00000007d9f00000, 0x00000007d9f00000| Complete 
|1440|0x00000007da000000, 0x00000007da100000, 0x00000007da100000|100%| E|CS|TAMS 0x00000007da000000, 0x00000007da000000| Complete 
|1441|0x00000007da100000, 0x00000007da200000, 0x00000007da200000|100%| E|CS|TAMS 0x00000007da100000, 0x00000007da100000| Complete 
|1442|0x00000007da200000, 0x00000007da300000, 0x00000007da300000|100%| E|CS|TAMS 0x00000007da200000, 0x00000007da200000| Complete 
|1443|0x00000007da300000, 0x00000007da400000, 0x00000007da400000|100%| E|CS|TAMS 0x00000007da300000, 0x00000007da300000| Complete 
|1444|0x00000007da400000, 0x00000007da500000, 0x00000007da500000|100%| E|CS|TAMS 0x00000007da400000, 0x00000007da400000| Complete 
|1445|0x00000007da500000, 0x00000007da600000, 0x00000007da600000|100%| E|CS|TAMS 0x00000007da500000, 0x00000007da500000| Complete 
|1446|0x00000007da600000, 0x00000007da700000, 0x00000007da700000|100%| E|CS|TAMS 0x00000007da600000, 0x00000007da600000| Complete 
|1447|0x00000007da700000, 0x00000007da800000, 0x00000007da800000|100%| E|CS|TAMS 0x00000007da700000, 0x00000007da700000| Complete 
|1448|0x00000007da800000, 0x00000007da900000, 0x00000007da900000|100%| E|CS|TAMS 0x00000007da800000, 0x00000007da800000| Complete 
|1449|0x00000007da900000, 0x00000007daa00000, 0x00000007daa00000|100%| E|CS|TAMS 0x00000007da900000, 0x00000007da900000| Complete 
|1450|0x00000007daa00000, 0x00000007dab00000, 0x00000007dab00000|100%| E|CS|TAMS 0x00000007daa00000, 0x00000007daa00000| Complete 
|1451|0x00000007dab00000, 0x00000007dac00000, 0x00000007dac00000|100%| E|CS|TAMS 0x00000007dab00000, 0x00000007dab00000| Complete 
|1452|0x00000007dac00000, 0x00000007dad00000, 0x00000007dad00000|100%| E|CS|TAMS 0x00000007dac00000, 0x00000007dac00000| Complete 
|1453|0x00000007dad00000, 0x00000007dae00000, 0x00000007dae00000|100%| E|CS|TAMS 0x00000007dad00000, 0x00000007dad00000| Complete 
|1454|0x00000007dae00000, 0x00000007daf00000, 0x00000007daf00000|100%| E|CS|TAMS 0x00000007dae00000, 0x00000007dae00000| Complete 
|1455|0x00000007daf00000, 0x00000007db000000, 0x00000007db000000|100%| E|CS|TAMS 0x00000007daf00000, 0x00000007daf00000| Complete 
|1456|0x00000007db000000, 0x00000007db100000, 0x00000007db100000|100%| E|CS|TAMS 0x00000007db000000, 0x00000007db000000| Complete 
|1457|0x00000007db100000, 0x00000007db200000, 0x00000007db200000|100%| E|CS|TAMS 0x00000007db100000, 0x00000007db100000| Complete 
|1458|0x00000007db200000, 0x00000007db300000, 0x00000007db300000|100%| E|CS|TAMS 0x00000007db200000, 0x00000007db200000| Complete 
|1459|0x00000007db300000, 0x00000007db400000, 0x00000007db400000|100%| E|CS|TAMS 0x00000007db300000, 0x00000007db300000| Complete 
|1460|0x00000007db400000, 0x00000007db500000, 0x00000007db500000|100%| E|CS|TAMS 0x00000007db400000, 0x00000007db400000| Complete 
|1461|0x00000007db500000, 0x00000007db600000, 0x00000007db600000|100%| E|CS|TAMS 0x00000007db500000, 0x00000007db500000| Complete 
|1462|0x00000007db600000, 0x00000007db700000, 0x00000007db700000|100%| E|CS|TAMS 0x00000007db600000, 0x00000007db600000| Complete 
|1463|0x00000007db700000, 0x00000007db800000, 0x00000007db800000|100%| E|CS|TAMS 0x00000007db700000, 0x00000007db700000| Complete 
|1464|0x00000007db800000, 0x00000007db900000, 0x00000007db900000|100%| E|CS|TAMS 0x00000007db800000, 0x00000007db800000| Complete 
|1465|0x00000007db900000, 0x00000007dba00000, 0x00000007dba00000|100%| E|CS|TAMS 0x00000007db900000, 0x00000007db900000| Complete 
|1466|0x00000007dba00000, 0x00000007dbb00000, 0x00000007dbb00000|100%| E|CS|TAMS 0x00000007dba00000, 0x00000007dba00000| Complete 
|1467|0x00000007dbb00000, 0x00000007dbc00000, 0x00000007dbc00000|100%| E|CS|TAMS 0x00000007dbb00000, 0x00000007dbb00000| Complete 
|1468|0x00000007dbc00000, 0x00000007dbd00000, 0x00000007dbd00000|100%| E|CS|TAMS 0x00000007dbc00000, 0x00000007dbc00000| Complete 
|1469|0x00000007dbd00000, 0x00000007dbe00000, 0x00000007dbe00000|100%| E|CS|TAMS 0x00000007dbd00000, 0x00000007dbd00000| Complete 
|1470|0x00000007dbe00000, 0x00000007dbf00000, 0x00000007dbf00000|100%| E|CS|TAMS 0x00000007dbe00000, 0x00000007dbe00000| Complete 
|1471|0x00000007dbf00000, 0x00000007dc000000, 0x00000007dc000000|100%| E|CS|TAMS 0x00000007dbf00000, 0x00000007dbf00000| Complete 
|1472|0x00000007dc000000, 0x00000007dc100000, 0x00000007dc100000|100%| E|CS|TAMS 0x00000007dc000000, 0x00000007dc000000| Complete 
|1473|0x00000007dc100000, 0x00000007dc200000, 0x00000007dc200000|100%| E|CS|TAMS 0x00000007dc100000, 0x00000007dc100000| Complete 
|1474|0x00000007dc200000, 0x00000007dc300000, 0x00000007dc300000|100%| E|CS|TAMS 0x00000007dc200000, 0x00000007dc200000| Complete 
|1475|0x00000007dc300000, 0x00000007dc400000, 0x00000007dc400000|100%| E|CS|TAMS 0x00000007dc300000, 0x00000007dc300000| Complete 
|1476|0x00000007dc400000, 0x00000007dc500000, 0x00000007dc500000|100%| E|CS|TAMS 0x00000007dc400000, 0x00000007dc400000| Complete 
|1477|0x00000007dc500000, 0x00000007dc600000, 0x00000007dc600000|100%| E|CS|TAMS 0x00000007dc500000, 0x00000007dc500000| Complete 
|1478|0x00000007dc600000, 0x00000007dc700000, 0x00000007dc700000|100%| E|CS|TAMS 0x00000007dc600000, 0x00000007dc600000| Complete 
|1479|0x00000007dc700000, 0x00000007dc800000, 0x00000007dc800000|100%| E|CS|TAMS 0x00000007dc700000, 0x00000007dc700000| Complete 
|1480|0x00000007dc800000, 0x00000007dc900000, 0x00000007dc900000|100%| E|CS|TAMS 0x00000007dc800000, 0x00000007dc800000| Complete 
|1481|0x00000007dc900000, 0x00000007dca00000, 0x00000007dca00000|100%| E|CS|TAMS 0x00000007dc900000, 0x00000007dc900000| Complete 
|1482|0x00000007dca00000, 0x00000007dcb00000, 0x00000007dcb00000|100%| E|CS|TAMS 0x00000007dca00000, 0x00000007dca00000| Complete 
|1483|0x00000007dcb00000, 0x00000007dcc00000, 0x00000007dcc00000|100%| E|CS|TAMS 0x00000007dcb00000, 0x00000007dcb00000| Complete 
|1484|0x00000007dcc00000, 0x00000007dcd00000, 0x00000007dcd00000|100%| E|CS|TAMS 0x00000007dcc00000, 0x00000007dcc00000| Complete 
|1485|0x00000007dcd00000, 0x00000007dce00000, 0x00000007dce00000|100%| E|CS|TAMS 0x00000007dcd00000, 0x00000007dcd00000| Complete 
|1486|0x00000007dce00000, 0x00000007dcf00000, 0x00000007dcf00000|100%| E|CS|TAMS 0x00000007dce00000, 0x00000007dce00000| Complete 
|1487|0x00000007dcf00000, 0x00000007dd000000, 0x00000007dd000000|100%| E|CS|TAMS 0x00000007dcf00000, 0x00000007dcf00000| Complete 
|1488|0x00000007dd000000, 0x00000007dd100000, 0x00000007dd100000|100%| E|CS|TAMS 0x00000007dd000000, 0x00000007dd000000| Complete 
|1489|0x00000007dd100000, 0x00000007dd200000, 0x00000007dd200000|100%| E|CS|TAMS 0x00000007dd100000, 0x00000007dd100000| Complete 
|1490|0x00000007dd200000, 0x00000007dd300000, 0x00000007dd300000|100%| E|CS|TAMS 0x00000007dd200000, 0x00000007dd200000| Complete 
|1491|0x00000007dd300000, 0x00000007dd400000, 0x00000007dd400000|100%| E|CS|TAMS 0x00000007dd300000, 0x00000007dd300000| Complete 
|1492|0x00000007dd400000, 0x00000007dd500000, 0x00000007dd500000|100%| E|CS|TAMS 0x00000007dd400000, 0x00000007dd400000| Complete 
|1493|0x00000007dd500000, 0x00000007dd600000, 0x00000007dd600000|100%| E|CS|TAMS 0x00000007dd500000, 0x00000007dd500000| Complete 
|1494|0x00000007dd600000, 0x00000007dd700000, 0x00000007dd700000|100%| E|CS|TAMS 0x00000007dd600000, 0x00000007dd600000| Complete 
|1495|0x00000007dd700000, 0x00000007dd800000, 0x00000007dd800000|100%| E|CS|TAMS 0x00000007dd700000, 0x00000007dd700000| Complete 
|1496|0x00000007dd800000, 0x00000007dd900000, 0x00000007dd900000|100%| E|CS|TAMS 0x00000007dd800000, 0x00000007dd800000| Complete 
|1497|0x00000007dd900000, 0x00000007dda00000, 0x00000007dda00000|100%| E|CS|TAMS 0x00000007dd900000, 0x00000007dd900000| Complete 
|1498|0x00000007dda00000, 0x00000007ddb00000, 0x00000007ddb00000|100%| E|CS|TAMS 0x00000007dda00000, 0x00000007dda00000| Complete 
|1499|0x00000007ddb00000, 0x00000007ddc00000, 0x00000007ddc00000|100%| E|CS|TAMS 0x00000007ddb00000, 0x00000007ddb00000| Complete 
|1500|0x00000007ddc00000, 0x00000007ddd00000, 0x00000007ddd00000|100%| E|CS|TAMS 0x00000007ddc00000, 0x00000007ddc00000| Complete 
|1501|0x00000007ddd00000, 0x00000007dde00000, 0x00000007dde00000|100%| E|CS|TAMS 0x00000007ddd00000, 0x00000007ddd00000| Complete 
|1502|0x00000007dde00000, 0x00000007ddf00000, 0x00000007ddf00000|100%| E|CS|TAMS 0x00000007dde00000, 0x00000007dde00000| Complete 
|1503|0x00000007ddf00000, 0x00000007de000000, 0x00000007de000000|100%| E|CS|TAMS 0x00000007ddf00000, 0x00000007ddf00000| Complete 
|1504|0x00000007de000000, 0x00000007de100000, 0x00000007de100000|100%| E|CS|TAMS 0x00000007de000000, 0x00000007de000000| Complete 
|1505|0x00000007de100000, 0x00000007de200000, 0x00000007de200000|100%| E|CS|TAMS 0x00000007de100000, 0x00000007de100000| Complete 
|1506|0x00000007de200000, 0x00000007de300000, 0x00000007de300000|100%| E|CS|TAMS 0x00000007de200000, 0x00000007de200000| Complete 
|1507|0x00000007de300000, 0x00000007de400000, 0x00000007de400000|100%| E|CS|TAMS 0x00000007de300000, 0x00000007de300000| Complete 
|1508|0x00000007de400000, 0x00000007de500000, 0x00000007de500000|100%| E|CS|TAMS 0x00000007de400000, 0x00000007de400000| Complete 
|1509|0x00000007de500000, 0x00000007de600000, 0x00000007de600000|100%| E|CS|TAMS 0x00000007de500000, 0x00000007de500000| Complete 
|1510|0x00000007de600000, 0x00000007de700000, 0x00000007de700000|100%| E|CS|TAMS 0x00000007de600000, 0x00000007de600000| Complete 
|1511|0x00000007de700000, 0x00000007de800000, 0x00000007de800000|100%| E|CS|TAMS 0x00000007de700000, 0x00000007de700000| Complete 
|1512|0x00000007de800000, 0x00000007de900000, 0x00000007de900000|100%| E|CS|TAMS 0x00000007de800000, 0x00000007de800000| Complete 
|1513|0x00000007de900000, 0x00000007dea00000, 0x00000007dea00000|100%| E|CS|TAMS 0x00000007de900000, 0x00000007de900000| Complete 
|1514|0x00000007dea00000, 0x00000007deb00000, 0x00000007deb00000|100%| E|CS|TAMS 0x00000007dea00000, 0x00000007dea00000| Complete 
|1515|0x00000007deb00000, 0x00000007dec00000, 0x00000007dec00000|100%| E|CS|TAMS 0x00000007deb00000, 0x00000007deb00000| Complete 
|1516|0x00000007dec00000, 0x00000007ded00000, 0x00000007ded00000|100%| E|CS|TAMS 0x00000007dec00000, 0x00000007dec00000| Complete 
|1517|0x00000007ded00000, 0x00000007dee00000, 0x00000007dee00000|100%| E|CS|TAMS 0x00000007ded00000, 0x00000007ded00000| Complete 
|1518|0x00000007dee00000, 0x00000007def00000, 0x00000007def00000|100%| E|CS|TAMS 0x00000007dee00000, 0x00000007dee00000| Complete 
|1519|0x00000007def00000, 0x00000007df000000, 0x00000007df000000|100%| E|CS|TAMS 0x00000007def00000, 0x00000007def00000| Complete 
|1520|0x00000007df000000, 0x00000007df100000, 0x00000007df100000|100%| E|CS|TAMS 0x00000007df000000, 0x00000007df000000| Complete 
|1521|0x00000007df100000, 0x00000007df200000, 0x00000007df200000|100%| E|CS|TAMS 0x00000007df100000, 0x00000007df100000| Complete 
|1522|0x00000007df200000, 0x00000007df300000, 0x00000007df300000|100%| E|CS|TAMS 0x00000007df200000, 0x00000007df200000| Complete 
|1523|0x00000007df300000, 0x00000007df400000, 0x00000007df400000|100%| E|CS|TAMS 0x00000007df300000, 0x00000007df300000| Complete 
|1524|0x00000007df400000, 0x00000007df500000, 0x00000007df500000|100%| E|CS|TAMS 0x00000007df400000, 0x00000007df400000| Complete 
|1525|0x00000007df500000, 0x00000007df600000, 0x00000007df600000|100%| E|CS|TAMS 0x00000007df500000, 0x00000007df500000| Complete 
|1526|0x00000007df600000, 0x00000007df700000, 0x00000007df700000|100%| E|CS|TAMS 0x00000007df600000, 0x00000007df600000| Complete 
|1527|0x00000007df700000, 0x00000007df800000, 0x00000007df800000|100%| E|CS|TAMS 0x00000007df700000, 0x00000007df700000| Complete 
|1528|0x00000007df800000, 0x00000007df900000, 0x00000007df900000|100%| E|CS|TAMS 0x00000007df800000, 0x00000007df800000| Complete 
|1529|0x00000007df900000, 0x00000007dfa00000, 0x00000007dfa00000|100%| E|CS|TAMS 0x00000007df900000, 0x00000007df900000| Complete 
|1530|0x00000007dfa00000, 0x00000007dfb00000, 0x00000007dfb00000|100%| E|CS|TAMS 0x00000007dfa00000, 0x00000007dfa00000| Complete 
|1531|0x00000007dfb00000, 0x00000007dfc00000, 0x00000007dfc00000|100%| E|CS|TAMS 0x00000007dfb00000, 0x00000007dfb00000| Complete 
|1532|0x00000007dfc00000, 0x00000007dfd00000, 0x00000007dfd00000|100%| E|CS|TAMS 0x00000007dfc00000, 0x00000007dfc00000| Complete 
|1533|0x00000007dfd00000, 0x00000007dfe00000, 0x00000007dfe00000|100%| E|CS|TAMS 0x00000007dfd00000, 0x00000007dfd00000| Complete 
|1534|0x00000007dfe00000, 0x00000007dff00000, 0x00000007dff00000|100%| E|CS|TAMS 0x00000007dfe00000, 0x00000007dfe00000| Complete 
|1535|0x00000007dff00000, 0x00000007e0000000, 0x00000007e0000000|100%| E|CS|TAMS 0x00000007dff00000, 0x00000007dff00000| Complete 
|1536|0x00000007e0000000, 0x00000007e0100000, 0x00000007e0100000|100%| E|CS|TAMS 0x00000007e0000000, 0x00000007e0000000| Complete 
|1537|0x00000007e0100000, 0x00000007e0200000, 0x00000007e0200000|100%| E|CS|TAMS 0x00000007e0100000, 0x00000007e0100000| Complete 
|1538|0x00000007e0200000, 0x00000007e0300000, 0x00000007e0300000|100%| E|CS|TAMS 0x00000007e0200000, 0x00000007e0200000| Complete 
|1539|0x00000007e0300000, 0x00000007e0400000, 0x00000007e0400000|100%| E|CS|TAMS 0x00000007e0300000, 0x00000007e0300000| Complete 
|1540|0x00000007e0400000, 0x00000007e0500000, 0x00000007e0500000|100%| E|CS|TAMS 0x00000007e0400000, 0x00000007e0400000| Complete 
|1541|0x00000007e0500000, 0x00000007e0600000, 0x00000007e0600000|100%| E|CS|TAMS 0x00000007e0500000, 0x00000007e0500000| Complete 
|1542|0x00000007e0600000, 0x00000007e0700000, 0x00000007e0700000|100%| E|CS|TAMS 0x00000007e0600000, 0x00000007e0600000| Complete 
|1543|0x00000007e0700000, 0x00000007e0800000, 0x00000007e0800000|100%| E|CS|TAMS 0x00000007e0700000, 0x00000007e0700000| Complete 
|1544|0x00000007e0800000, 0x00000007e0900000, 0x00000007e0900000|100%| E|CS|TAMS 0x00000007e0800000, 0x00000007e0800000| Complete 
|1545|0x00000007e0900000, 0x00000007e0a00000, 0x00000007e0a00000|100%| E|CS|TAMS 0x00000007e0900000, 0x00000007e0900000| Complete 
|1546|0x00000007e0a00000, 0x00000007e0b00000, 0x00000007e0b00000|100%| E|CS|TAMS 0x00000007e0a00000, 0x00000007e0a00000| Complete 
|1547|0x00000007e0b00000, 0x00000007e0c00000, 0x00000007e0c00000|100%| E|CS|TAMS 0x00000007e0b00000, 0x00000007e0b00000| Complete 
|1548|0x00000007e0c00000, 0x00000007e0d00000, 0x00000007e0d00000|100%| E|CS|TAMS 0x00000007e0c00000, 0x00000007e0c00000| Complete 
|1549|0x00000007e0d00000, 0x00000007e0e00000, 0x00000007e0e00000|100%| E|CS|TAMS 0x00000007e0d00000, 0x00000007e0d00000| Complete 
|1550|0x00000007e0e00000, 0x00000007e0f00000, 0x00000007e0f00000|100%| E|CS|TAMS 0x00000007e0e00000, 0x00000007e0e00000| Complete 
|1551|0x00000007e0f00000, 0x00000007e1000000, 0x00000007e1000000|100%| E|CS|TAMS 0x00000007e0f00000, 0x00000007e0f00000| Complete 
|1552|0x00000007e1000000, 0x00000007e1100000, 0x00000007e1100000|100%| E|CS|TAMS 0x00000007e1000000, 0x00000007e1000000| Complete 
|1553|0x00000007e1100000, 0x00000007e1200000, 0x00000007e1200000|100%| E|CS|TAMS 0x00000007e1100000, 0x00000007e1100000| Complete 
|1554|0x00000007e1200000, 0x00000007e1300000, 0x00000007e1300000|100%| E|CS|TAMS 0x00000007e1200000, 0x00000007e1200000| Complete 
|1555|0x00000007e1300000, 0x00000007e1400000, 0x00000007e1400000|100%| E|CS|TAMS 0x00000007e1300000, 0x00000007e1300000| Complete 
|1556|0x00000007e1400000, 0x00000007e1500000, 0x00000007e1500000|100%| E|CS|TAMS 0x00000007e1400000, 0x00000007e1400000| Complete 
|1557|0x00000007e1500000, 0x00000007e1600000, 0x00000007e1600000|100%| E|CS|TAMS 0x00000007e1500000, 0x00000007e1500000| Complete 
|1558|0x00000007e1600000, 0x00000007e1700000, 0x00000007e1700000|100%| E|CS|TAMS 0x00000007e1600000, 0x00000007e1600000| Complete 
|1559|0x00000007e1700000, 0x00000007e1800000, 0x00000007e1800000|100%| E|CS|TAMS 0x00000007e1700000, 0x00000007e1700000| Complete 
|1560|0x00000007e1800000, 0x00000007e1900000, 0x00000007e1900000|100%| E|CS|TAMS 0x00000007e1800000, 0x00000007e1800000| Complete 
|1561|0x00000007e1900000, 0x00000007e1a00000, 0x00000007e1a00000|100%| E|CS|TAMS 0x00000007e1900000, 0x00000007e1900000| Complete 
|1562|0x00000007e1a00000, 0x00000007e1b00000, 0x00000007e1b00000|100%| E|CS|TAMS 0x00000007e1a00000, 0x00000007e1a00000| Complete 
|1563|0x00000007e1b00000, 0x00000007e1c00000, 0x00000007e1c00000|100%| E|CS|TAMS 0x00000007e1b00000, 0x00000007e1b00000| Complete 
|1564|0x00000007e1c00000, 0x00000007e1d00000, 0x00000007e1d00000|100%| E|CS|TAMS 0x00000007e1c00000, 0x00000007e1c00000| Complete 
|1565|0x00000007e1d00000, 0x00000007e1e00000, 0x00000007e1e00000|100%| E|CS|TAMS 0x00000007e1d00000, 0x00000007e1d00000| Complete 
|1566|0x00000007e1e00000, 0x00000007e1f00000, 0x00000007e1f00000|100%| E|CS|TAMS 0x00000007e1e00000, 0x00000007e1e00000| Complete 
|1567|0x00000007e1f00000, 0x00000007e2000000, 0x00000007e2000000|100%| E|CS|TAMS 0x00000007e1f00000, 0x00000007e1f00000| Complete 
|1568|0x00000007e2000000, 0x00000007e2100000, 0x00000007e2100000|100%| E|CS|TAMS 0x00000007e2000000, 0x00000007e2000000| Complete 
|1569|0x00000007e2100000, 0x00000007e2200000, 0x00000007e2200000|100%| E|CS|TAMS 0x00000007e2100000, 0x00000007e2100000| Complete 
|1570|0x00000007e2200000, 0x00000007e2300000, 0x00000007e2300000|100%| E|CS|TAMS 0x00000007e2200000, 0x00000007e2200000| Complete 
|1571|0x00000007e2300000, 0x00000007e2400000, 0x00000007e2400000|100%| E|CS|TAMS 0x00000007e2300000, 0x00000007e2300000| Complete 
|1572|0x00000007e2400000, 0x00000007e2500000, 0x00000007e2500000|100%| E|CS|TAMS 0x00000007e2400000, 0x00000007e2400000| Complete 
|1573|0x00000007e2500000, 0x00000007e2600000, 0x00000007e2600000|100%| E|CS|TAMS 0x00000007e2500000, 0x00000007e2500000| Complete 
|1574|0x00000007e2600000, 0x00000007e2700000, 0x00000007e2700000|100%| E|CS|TAMS 0x00000007e2600000, 0x00000007e2600000| Complete 
|1575|0x00000007e2700000, 0x00000007e2800000, 0x00000007e2800000|100%| E|CS|TAMS 0x00000007e2700000, 0x00000007e2700000| Complete 
|1576|0x00000007e2800000, 0x00000007e2900000, 0x00000007e2900000|100%| E|CS|TAMS 0x00000007e2800000, 0x00000007e2800000| Complete 
|1577|0x00000007e2900000, 0x00000007e2a00000, 0x00000007e2a00000|100%| E|CS|TAMS 0x00000007e2900000, 0x00000007e2900000| Complete 
|1578|0x00000007e2a00000, 0x00000007e2b00000, 0x00000007e2b00000|100%| E|CS|TAMS 0x00000007e2a00000, 0x00000007e2a00000| Complete 
|1579|0x00000007e2b00000, 0x00000007e2c00000, 0x00000007e2c00000|100%| E|CS|TAMS 0x00000007e2b00000, 0x00000007e2b00000| Complete 
|1580|0x00000007e2c00000, 0x00000007e2d00000, 0x00000007e2d00000|100%| E|CS|TAMS 0x00000007e2c00000, 0x00000007e2c00000| Complete 
|1581|0x00000007e2d00000, 0x00000007e2e00000, 0x00000007e2e00000|100%| E|CS|TAMS 0x00000007e2d00000, 0x00000007e2d00000| Complete 
|1582|0x00000007e2e00000, 0x00000007e2f00000, 0x00000007e2f00000|100%| E|CS|TAMS 0x00000007e2e00000, 0x00000007e2e00000| Complete 
|1583|0x00000007e2f00000, 0x00000007e3000000, 0x00000007e3000000|100%| E|CS|TAMS 0x00000007e2f00000, 0x00000007e2f00000| Complete 
|1584|0x00000007e3000000, 0x00000007e3100000, 0x00000007e3100000|100%| E|CS|TAMS 0x00000007e3000000, 0x00000007e3000000| Complete 
|1585|0x00000007e3100000, 0x00000007e3200000, 0x00000007e3200000|100%| E|CS|TAMS 0x00000007e3100000, 0x00000007e3100000| Complete 
|1586|0x00000007e3200000, 0x00000007e3300000, 0x00000007e3300000|100%| E|CS|TAMS 0x00000007e3200000, 0x00000007e3200000| Complete 
|1587|0x00000007e3300000, 0x00000007e3400000, 0x00000007e3400000|100%| E|CS|TAMS 0x00000007e3300000, 0x00000007e3300000| Complete 
|1588|0x00000007e3400000, 0x00000007e3500000, 0x00000007e3500000|100%| E|CS|TAMS 0x00000007e3400000, 0x00000007e3400000| Complete 
|1589|0x00000007e3500000, 0x00000007e3600000, 0x00000007e3600000|100%| E|CS|TAMS 0x00000007e3500000, 0x00000007e3500000| Complete 
|1590|0x00000007e3600000, 0x00000007e3700000, 0x00000007e3700000|100%| E|CS|TAMS 0x00000007e3600000, 0x00000007e3600000| Complete 
|1591|0x00000007e3700000, 0x00000007e3800000, 0x00000007e3800000|100%| E|CS|TAMS 0x00000007e3700000, 0x00000007e3700000| Complete 
|1592|0x00000007e3800000, 0x00000007e3900000, 0x00000007e3900000|100%| E|CS|TAMS 0x00000007e3800000, 0x00000007e3800000| Complete 
|1593|0x00000007e3900000, 0x00000007e3a00000, 0x00000007e3a00000|100%| E|CS|TAMS 0x00000007e3900000, 0x00000007e3900000| Complete 
|1594|0x00000007e3a00000, 0x00000007e3b00000, 0x00000007e3b00000|100%| E|CS|TAMS 0x00000007e3a00000, 0x00000007e3a00000| Complete 
|1595|0x00000007e3b00000, 0x00000007e3c00000, 0x00000007e3c00000|100%| E|CS|TAMS 0x00000007e3b00000, 0x00000007e3b00000| Complete 
|1596|0x00000007e3c00000, 0x00000007e3d00000, 0x00000007e3d00000|100%| E|CS|TAMS 0x00000007e3c00000, 0x00000007e3c00000| Complete 
|1597|0x00000007e3d00000, 0x00000007e3e00000, 0x00000007e3e00000|100%| E|CS|TAMS 0x00000007e3d00000, 0x00000007e3d00000| Complete 
|1598|0x00000007e3e00000, 0x00000007e3f00000, 0x00000007e3f00000|100%| E|CS|TAMS 0x00000007e3e00000, 0x00000007e3e00000| Complete 
|1599|0x00000007e3f00000, 0x00000007e4000000, 0x00000007e4000000|100%| E|CS|TAMS 0x00000007e3f00000, 0x00000007e3f00000| Complete 
|1600|0x00000007e4000000, 0x00000007e4100000, 0x00000007e4100000|100%| E|CS|TAMS 0x00000007e4000000, 0x00000007e4000000| Complete 
|1601|0x00000007e4100000, 0x00000007e4200000, 0x00000007e4200000|100%| E|CS|TAMS 0x00000007e4100000, 0x00000007e4100000| Complete 
|1602|0x00000007e4200000, 0x00000007e4300000, 0x00000007e4300000|100%| E|CS|TAMS 0x00000007e4200000, 0x00000007e4200000| Complete 
|1603|0x00000007e4300000, 0x00000007e4400000, 0x00000007e4400000|100%| E|CS|TAMS 0x00000007e4300000, 0x00000007e4300000| Complete 
|1604|0x00000007e4400000, 0x00000007e4500000, 0x00000007e4500000|100%| E|CS|TAMS 0x00000007e4400000, 0x00000007e4400000| Complete 
|1605|0x00000007e4500000, 0x00000007e4600000, 0x00000007e4600000|100%| E|CS|TAMS 0x00000007e4500000, 0x00000007e4500000| Complete 
|1606|0x00000007e4600000, 0x00000007e4700000, 0x00000007e4700000|100%| E|CS|TAMS 0x00000007e4600000, 0x00000007e4600000| Complete 
|1607|0x00000007e4700000, 0x00000007e4800000, 0x00000007e4800000|100%| E|CS|TAMS 0x00000007e4700000, 0x00000007e4700000| Complete 
|1608|0x00000007e4800000, 0x00000007e4900000, 0x00000007e4900000|100%| E|CS|TAMS 0x00000007e4800000, 0x00000007e4800000| Complete 
|1609|0x00000007e4900000, 0x00000007e4a00000, 0x00000007e4a00000|100%| E|CS|TAMS 0x00000007e4900000, 0x00000007e4900000| Complete 
|1610|0x00000007e4a00000, 0x00000007e4b00000, 0x00000007e4b00000|100%| E|CS|TAMS 0x00000007e4a00000, 0x00000007e4a00000| Complete 
|1611|0x00000007e4b00000, 0x00000007e4c00000, 0x00000007e4c00000|100%| E|CS|TAMS 0x00000007e4b00000, 0x00000007e4b00000| Complete 
|1612|0x00000007e4c00000, 0x00000007e4d00000, 0x00000007e4d00000|100%| E|CS|TAMS 0x00000007e4c00000, 0x00000007e4c00000| Complete 
|1613|0x00000007e4d00000, 0x00000007e4e00000, 0x00000007e4e00000|100%| E|CS|TAMS 0x00000007e4d00000, 0x00000007e4d00000| Complete 
|1614|0x00000007e4e00000, 0x00000007e4f00000, 0x00000007e4f00000|100%| E|CS|TAMS 0x00000007e4e00000, 0x00000007e4e00000| Complete 
|1615|0x00000007e4f00000, 0x00000007e5000000, 0x00000007e5000000|100%| E|CS|TAMS 0x00000007e4f00000, 0x00000007e4f00000| Complete 
|1616|0x00000007e5000000, 0x00000007e5100000, 0x00000007e5100000|100%| E|CS|TAMS 0x00000007e5000000, 0x00000007e5000000| Complete 
|1617|0x00000007e5100000, 0x00000007e5200000, 0x00000007e5200000|100%| E|CS|TAMS 0x00000007e5100000, 0x00000007e5100000| Complete 
|1618|0x00000007e5200000, 0x00000007e5300000, 0x00000007e5300000|100%| E|CS|TAMS 0x00000007e5200000, 0x00000007e5200000| Complete 
|1619|0x00000007e5300000, 0x00000007e5400000, 0x00000007e5400000|100%| E|CS|TAMS 0x00000007e5300000, 0x00000007e5300000| Complete 
|1620|0x00000007e5400000, 0x00000007e5500000, 0x00000007e5500000|100%| E|CS|TAMS 0x00000007e5400000, 0x00000007e5400000| Complete 
|1621|0x00000007e5500000, 0x00000007e5600000, 0x00000007e5600000|100%| E|CS|TAMS 0x00000007e5500000, 0x00000007e5500000| Complete 
|1622|0x00000007e5600000, 0x00000007e5700000, 0x00000007e5700000|100%| E|CS|TAMS 0x00000007e5600000, 0x00000007e5600000| Complete 
|1623|0x00000007e5700000, 0x00000007e5800000, 0x00000007e5800000|100%| E|CS|TAMS 0x00000007e5700000, 0x00000007e5700000| Complete 
|1624|0x00000007e5800000, 0x00000007e5900000, 0x00000007e5900000|100%| E|CS|TAMS 0x00000007e5800000, 0x00000007e5800000| Complete 
|1625|0x00000007e5900000, 0x00000007e5a00000, 0x00000007e5a00000|100%| E|CS|TAMS 0x00000007e5900000, 0x00000007e5900000| Complete 
|1626|0x00000007e5a00000, 0x00000007e5b00000, 0x00000007e5b00000|100%| E|CS|TAMS 0x00000007e5a00000, 0x00000007e5a00000| Complete 
|1627|0x00000007e5b00000, 0x00000007e5c00000, 0x00000007e5c00000|100%| E|CS|TAMS 0x00000007e5b00000, 0x00000007e5b00000| Complete 
|1628|0x00000007e5c00000, 0x00000007e5d00000, 0x00000007e5d00000|100%| E|CS|TAMS 0x00000007e5c00000, 0x00000007e5c00000| Complete 
|1629|0x00000007e5d00000, 0x00000007e5e00000, 0x00000007e5e00000|100%| E|CS|TAMS 0x00000007e5d00000, 0x00000007e5d00000| Complete 
|1630|0x00000007e5e00000, 0x00000007e5f00000, 0x00000007e5f00000|100%| E|CS|TAMS 0x00000007e5e00000, 0x00000007e5e00000| Complete 
|1631|0x00000007e5f00000, 0x00000007e6000000, 0x00000007e6000000|100%| E|CS|TAMS 0x00000007e5f00000, 0x00000007e5f00000| Complete 
|1632|0x00000007e6000000, 0x00000007e6100000, 0x00000007e6100000|100%| E|CS|TAMS 0x00000007e6000000, 0x00000007e6000000| Complete 
|1633|0x00000007e6100000, 0x00000007e6200000, 0x00000007e6200000|100%| E|CS|TAMS 0x00000007e6100000, 0x00000007e6100000| Complete 
|1634|0x00000007e6200000, 0x00000007e6300000, 0x00000007e6300000|100%| E|CS|TAMS 0x00000007e6200000, 0x00000007e6200000| Complete 
|1635|0x00000007e6300000, 0x00000007e6400000, 0x00000007e6400000|100%| E|CS|TAMS 0x00000007e6300000, 0x00000007e6300000| Complete 
|1636|0x00000007e6400000, 0x00000007e6500000, 0x00000007e6500000|100%| E|CS|TAMS 0x00000007e6400000, 0x00000007e6400000| Complete 
|1637|0x00000007e6500000, 0x00000007e6600000, 0x00000007e6600000|100%| E|CS|TAMS 0x00000007e6500000, 0x00000007e6500000| Complete 
|1638|0x00000007e6600000, 0x00000007e6700000, 0x00000007e6700000|100%| E|CS|TAMS 0x00000007e6600000, 0x00000007e6600000| Complete 
|1639|0x00000007e6700000, 0x00000007e6800000, 0x00000007e6800000|100%| E|CS|TAMS 0x00000007e6700000, 0x00000007e6700000| Complete 
|1640|0x00000007e6800000, 0x00000007e6900000, 0x00000007e6900000|100%| E|CS|TAMS 0x00000007e6800000, 0x00000007e6800000| Complete 
|1641|0x00000007e6900000, 0x00000007e6a00000, 0x00000007e6a00000|100%| E|CS|TAMS 0x00000007e6900000, 0x00000007e6900000| Complete 
|1642|0x00000007e6a00000, 0x00000007e6b00000, 0x00000007e6b00000|100%| E|CS|TAMS 0x00000007e6a00000, 0x00000007e6a00000| Complete 
|1643|0x00000007e6b00000, 0x00000007e6c00000, 0x00000007e6c00000|100%| E|CS|TAMS 0x00000007e6b00000, 0x00000007e6b00000| Complete 
|1644|0x00000007e6c00000, 0x00000007e6d00000, 0x00000007e6d00000|100%| E|CS|TAMS 0x00000007e6c00000, 0x00000007e6c00000| Complete 
|1645|0x00000007e6d00000, 0x00000007e6e00000, 0x00000007e6e00000|100%| E|CS|TAMS 0x00000007e6d00000, 0x00000007e6d00000| Complete 
|1646|0x00000007e6e00000, 0x00000007e6f00000, 0x00000007e6f00000|100%| E|CS|TAMS 0x00000007e6e00000, 0x00000007e6e00000| Complete 
|1647|0x00000007e6f00000, 0x00000007e7000000, 0x00000007e7000000|100%| E|CS|TAMS 0x00000007e6f00000, 0x00000007e6f00000| Complete 
|1648|0x00000007e7000000, 0x00000007e7100000, 0x00000007e7100000|100%| E|CS|TAMS 0x00000007e7000000, 0x00000007e7000000| Complete 
|1649|0x00000007e7100000, 0x00000007e7200000, 0x00000007e7200000|100%| E|CS|TAMS 0x00000007e7100000, 0x00000007e7100000| Complete 
|1650|0x00000007e7200000, 0x00000007e7300000, 0x00000007e7300000|100%| E|CS|TAMS 0x00000007e7200000, 0x00000007e7200000| Complete 
|1651|0x00000007e7300000, 0x00000007e736eda8, 0x00000007e7400000| 43%| S|CS|TAMS 0x00000007e7300000, 0x00000007e7300000| Complete 
|1652|0x00000007e7400000, 0x00000007e7500000, 0x00000007e7500000|100%| S|CS|TAMS 0x00000007e7400000, 0x00000007e7400000| Complete 
|1653|0x00000007e7500000, 0x00000007e7600000, 0x00000007e7600000|100%| S|CS|TAMS 0x00000007e7500000, 0x00000007e7500000| Complete 
|1654|0x00000007e7600000, 0x00000007e7700000, 0x00000007e7700000|100%| S|CS|TAMS 0x00000007e7600000, 0x00000007e7600000| Complete 
|1655|0x00000007e7700000, 0x00000007e7800000, 0x00000007e7800000|100%| S|CS|TAMS 0x00000007e7700000, 0x00000007e7700000| Complete 
|1656|0x00000007e7800000, 0x00000007e7900000, 0x00000007e7900000|100%| E|CS|TAMS 0x00000007e7800000, 0x00000007e7800000| Complete 
|1657|0x00000007e7900000, 0x00000007e7a00000, 0x00000007e7a00000|100%| E|CS|TAMS 0x00000007e7900000, 0x00000007e7900000| Complete 
|1658|0x00000007e7a00000, 0x00000007e7b00000, 0x00000007e7b00000|100%| E|CS|TAMS 0x00000007e7a00000, 0x00000007e7a00000| Complete 
|1659|0x00000007e7b00000, 0x00000007e7c00000, 0x00000007e7c00000|100%| E|CS|TAMS 0x00000007e7b00000, 0x00000007e7b00000| Complete 
|1660|0x00000007e7c00000, 0x00000007e7d00000, 0x00000007e7d00000|100%| E|CS|TAMS 0x00000007e7c00000, 0x00000007e7c00000| Complete 
|1661|0x00000007e7d00000, 0x00000007e7e00000, 0x00000007e7e00000|100%| E|CS|TAMS 0x00000007e7d00000, 0x00000007e7d00000| Complete 
|1662|0x00000007e7e00000, 0x00000007e7f00000, 0x00000007e7f00000|100%| E|CS|TAMS 0x00000007e7e00000, 0x00000007e7e00000| Complete 
|1663|0x00000007e7f00000, 0x00000007e8000000, 0x00000007e8000000|100%| E|CS|TAMS 0x00000007e7f00000, 0x00000007e7f00000| Complete 
|1664|0x00000007e8000000, 0x00000007e8100000, 0x00000007e8100000|100%| E|CS|TAMS 0x00000007e8000000, 0x00000007e8000000| Complete 
|1665|0x00000007e8100000, 0x00000007e8200000, 0x00000007e8200000|100%| E|CS|TAMS 0x00000007e8100000, 0x00000007e8100000| Complete 
|1666|0x00000007e8200000, 0x00000007e8300000, 0x00000007e8300000|100%| E|CS|TAMS 0x00000007e8200000, 0x00000007e8200000| Complete 
|1667|0x00000007e8300000, 0x00000007e8400000, 0x00000007e8400000|100%| E|CS|TAMS 0x00000007e8300000, 0x00000007e8300000| Complete 
|1668|0x00000007e8400000, 0x00000007e8500000, 0x00000007e8500000|100%| E|CS|TAMS 0x00000007e8400000, 0x00000007e8400000| Complete 
|1669|0x00000007e8500000, 0x00000007e8600000, 0x00000007e8600000|100%| E|CS|TAMS 0x00000007e8500000, 0x00000007e8500000| Complete 
|1670|0x00000007e8600000, 0x00000007e8700000, 0x00000007e8700000|100%| E|CS|TAMS 0x00000007e8600000, 0x00000007e8600000| Complete 
|1671|0x00000007e8700000, 0x00000007e8800000, 0x00000007e8800000|100%| E|CS|TAMS 0x00000007e8700000, 0x00000007e8700000| Complete 
|1672|0x00000007e8800000, 0x00000007e8900000, 0x00000007e8900000|100%| E|CS|TAMS 0x00000007e8800000, 0x00000007e8800000| Complete 
|1673|0x00000007e8900000, 0x00000007e8a00000, 0x00000007e8a00000|100%| E|CS|TAMS 0x00000007e8900000, 0x00000007e8900000| Complete 
|1674|0x00000007e8a00000, 0x00000007e8b00000, 0x00000007e8b00000|100%| E|CS|TAMS 0x00000007e8a00000, 0x00000007e8a00000| Complete 
|1675|0x00000007e8b00000, 0x00000007e8c00000, 0x00000007e8c00000|100%| E|CS|TAMS 0x00000007e8b00000, 0x00000007e8b00000| Complete 
|1676|0x00000007e8c00000, 0x00000007e8d00000, 0x00000007e8d00000|100%| E|CS|TAMS 0x00000007e8c00000, 0x00000007e8c00000| Complete 
|1677|0x00000007e8d00000, 0x00000007e8e00000, 0x00000007e8e00000|100%| E|CS|TAMS 0x00000007e8d00000, 0x00000007e8d00000| Complete 
|1678|0x00000007e8e00000, 0x00000007e8f00000, 0x00000007e8f00000|100%| E|CS|TAMS 0x00000007e8e00000, 0x00000007e8e00000| Complete 
|1679|0x00000007e8f00000, 0x00000007e9000000, 0x00000007e9000000|100%| E|CS|TAMS 0x00000007e8f00000, 0x00000007e8f00000| Complete 
|1680|0x00000007e9000000, 0x00000007e9100000, 0x00000007e9100000|100%| E|CS|TAMS 0x00000007e9000000, 0x00000007e9000000| Complete 
|1681|0x00000007e9100000, 0x00000007e9200000, 0x00000007e9200000|100%| E|CS|TAMS 0x00000007e9100000, 0x00000007e9100000| Complete 
|1682|0x00000007e9200000, 0x00000007e9300000, 0x00000007e9300000|100%| E|CS|TAMS 0x00000007e9200000, 0x00000007e9200000| Complete 
|1683|0x00000007e9300000, 0x00000007e9400000, 0x00000007e9400000|100%| E|CS|TAMS 0x00000007e9300000, 0x00000007e9300000| Complete 
|1684|0x00000007e9400000, 0x00000007e9500000, 0x00000007e9500000|100%| E|CS|TAMS 0x00000007e9400000, 0x00000007e9400000| Complete 
|1685|0x00000007e9500000, 0x00000007e9600000, 0x00000007e9600000|100%| E|CS|TAMS 0x00000007e9500000, 0x00000007e9500000| Complete 
|1686|0x00000007e9600000, 0x00000007e9700000, 0x00000007e9700000|100%| E|CS|TAMS 0x00000007e9600000, 0x00000007e9600000| Complete 
|1687|0x00000007e9700000, 0x00000007e9800000, 0x00000007e9800000|100%| E|CS|TAMS 0x00000007e9700000, 0x00000007e9700000| Complete 
|1688|0x00000007e9800000, 0x00000007e9900000, 0x00000007e9900000|100%| E|CS|TAMS 0x00000007e9800000, 0x00000007e9800000| Complete 
|1689|0x00000007e9900000, 0x00000007e9a00000, 0x00000007e9a00000|100%| E|CS|TAMS 0x00000007e9900000, 0x00000007e9900000| Complete 
|1690|0x00000007e9a00000, 0x00000007e9b00000, 0x00000007e9b00000|100%| E|CS|TAMS 0x00000007e9a00000, 0x00000007e9a00000| Complete 
|1691|0x00000007e9b00000, 0x00000007e9c00000, 0x00000007e9c00000|100%| E|CS|TAMS 0x00000007e9b00000, 0x00000007e9b00000| Complete 
|1692|0x00000007e9c00000, 0x00000007e9d00000, 0x00000007e9d00000|100%| E|CS|TAMS 0x00000007e9c00000, 0x00000007e9c00000| Complete 
|1693|0x00000007e9d00000, 0x00000007e9e00000, 0x00000007e9e00000|100%| E|CS|TAMS 0x00000007e9d00000, 0x00000007e9d00000| Complete 
|1694|0x00000007e9e00000, 0x00000007e9f00000, 0x00000007e9f00000|100%| E|CS|TAMS 0x00000007e9e00000, 0x00000007e9e00000| Complete 
|1695|0x00000007e9f00000, 0x00000007ea000000, 0x00000007ea000000|100%| E|CS|TAMS 0x00000007e9f00000, 0x00000007e9f00000| Complete 
|1696|0x00000007ea000000, 0x00000007ea100000, 0x00000007ea100000|100%| E|CS|TAMS 0x00000007ea000000, 0x00000007ea000000| Complete 
|1697|0x00000007ea100000, 0x00000007ea200000, 0x00000007ea200000|100%| E|CS|TAMS 0x00000007ea100000, 0x00000007ea100000| Complete 
|1698|0x00000007ea200000, 0x00000007ea300000, 0x00000007ea300000|100%| E|CS|TAMS 0x00000007ea200000, 0x00000007ea200000| Complete 
|1699|0x00000007ea300000, 0x00000007ea400000, 0x00000007ea400000|100%| E|CS|TAMS 0x00000007ea300000, 0x00000007ea300000| Complete 
|1700|0x00000007ea400000, 0x00000007ea500000, 0x00000007ea500000|100%| E|CS|TAMS 0x00000007ea400000, 0x00000007ea400000| Complete 
|1701|0x00000007ea500000, 0x00000007ea600000, 0x00000007ea600000|100%| E|CS|TAMS 0x00000007ea500000, 0x00000007ea500000| Complete 
|1702|0x00000007ea600000, 0x00000007ea700000, 0x00000007ea700000|100%| E|CS|TAMS 0x00000007ea600000, 0x00000007ea600000| Complete 
|1703|0x00000007ea700000, 0x00000007ea800000, 0x00000007ea800000|100%| E|CS|TAMS 0x00000007ea700000, 0x00000007ea700000| Complete 
|1704|0x00000007ea800000, 0x00000007ea900000, 0x00000007ea900000|100%| E|CS|TAMS 0x00000007ea800000, 0x00000007ea800000| Complete 
|1705|0x00000007ea900000, 0x00000007eaa00000, 0x00000007eaa00000|100%| E|CS|TAMS 0x00000007ea900000, 0x00000007ea900000| Complete 
|1706|0x00000007eaa00000, 0x00000007eab00000, 0x00000007eab00000|100%| E|CS|TAMS 0x00000007eaa00000, 0x00000007eaa00000| Complete 
|1707|0x00000007eab00000, 0x00000007eac00000, 0x00000007eac00000|100%| E|CS|TAMS 0x00000007eab00000, 0x00000007eab00000| Complete 
|2044|0x00000007ffc00000, 0x00000007ffd00000, 0x00000007ffd00000|100%| E|CS|TAMS 0x00000007ffc00000, 0x00000007ffc00000| Complete 
|2045|0x00000007ffd00000, 0x00000007ffe00000, 0x00000007ffe00000|100%| E|CS|TAMS 0x00000007ffd00000, 0x00000007ffd00000| Complete 
|2046|0x00000007ffe00000, 0x00000007ffe74000, 0x00000007fff00000| 45%|OA|  |TAMS 0x00000007ffe74000, 0x00000007ffe00000| Untracked 
|2047|0x00000007fff00000, 0x00000007fff74000, 0x0000000800000000| 45%|CA|  |TAMS 0x00000007fff74000, 0x00000007fff00000| Untracked 

Card table byte_map: [0x0000000103638000,0x0000000103a38000] _byte_map_base: 0x00000000ffa38000

Marking Bits (Prev, Next): (CMBitMap*) 0x0000000131835050, (CMBitMap*) 0x0000000131835010
 Prev Bits: [0x000000010ed74000, 0x0000000110d74000)
 Next Bits: [0x000000010cd74000, 0x000000010ed74000)

Polling page: 0x0000000102df4000

Metaspace:

Usage:
  Non-class:    116.46 MB used.
      Class:     17.85 MB used.
       Both:    134.30 MB used.

Virtual space:
  Non-class space:      128.00 MB reserved,     116.94 MB ( 91%) committed,  2 nodes.
      Class space:        1.00 GB reserved,      18.31 MB (  2%) committed,  1 nodes.
             Both:        1.12 GB reserved,     135.25 MB ( 12%) committed. 

Chunk freelists:
   Non-Class:  10.23 MB
       Class:  13.58 MB
        Both:  23.81 MB

MaxMetaspaceSize: unlimited
CompressedClassSpaceSize: 1.00 GB
Initial GC threshold: 21.00 MB
Current GC threshold: 224.50 MB
CDS: on
MetaspaceReclaimPolicy: balanced
 - commit_granule_bytes: 65536.
 - commit_granule_words: 8192.
 - virtual_space_node_default_size: 8388608.
 - enlarge_chunks_in_place: 1.
 - new_chunks_are_fully_committed: 0.
 - uncommit_free_chunks: 1.
 - use_allocation_guard: 0.
 - handle_deallocations: 1.


Internal statistics:

num_allocs_failed_limit: 6.
num_arena_births: 1668.
num_arena_deaths: 52.
num_vsnodes_births: 3.
num_vsnodes_deaths: 0.
num_space_committed: 2162.
num_space_uncommitted: 0.
num_chunks_returned_to_freelist: 68.
num_chunks_taken_from_freelist: 7442.
num_chunk_merges: 17.
num_chunk_splits: 4866.
num_chunks_enlarged: 3199.
num_inconsistent_stats: 0.

CodeHeap 'non-profiled nmethods': size=120032Kb used=17706Kb max_used=17706Kb free=102325Kb
 bounds [0x0000000147ac8000, 0x0000000148c18000, 0x000000014f000000]
CodeHeap 'profiled nmethods': size=120016Kb used=53759Kb max_used=56448Kb free=66256Kb
 bounds [0x0000000140000000, 0x0000000143730000, 0x0000000147534000]
CodeHeap 'non-nmethods': size=5712Kb used=2036Kb max_used=2278Kb free=3675Kb
 bounds [0x0000000147534000, 0x00000001477a4000, 0x0000000147ac8000]
 total_blobs=26156 nmethods=25113 adapters=955
 compilation: enabled
              stopped_count=0, restarted_count=0
 full_count=0

Compilation events (20 events):
Event: 180.386 Thread 0x0000000131909a00 39275       2       org.jetbrains.kotlin.gradle.internal.kapt.incremental.AnnotationTypeExtractorVisitor::visitAnnotation (39 bytes)
Event: 180.387 Thread 0x0000000131909a00 nmethod 39275 0x000000014341aa90 code [0x000000014341ac80, 0x000000014341af88]
Event: 180.387 Thread 0x0000000131909a00 39276       2       org.jetbrains.org.objectweb.asm.AnnotationVisitor::visitAnnotation (19 bytes)
Event: 180.387 Thread 0x0000000131909a00 nmethod 39276 0x00000001433d9810 code [0x00000001433d99c0, 0x00000001433d9b48]
Event: 180.401 Thread 0x0000000131909a00 39289       2       org.jetbrains.org.objectweb.asm.ByteVector::putLong (145 bytes)
Event: 180.402 Thread 0x0000000131909a00 nmethod 39289 0x0000000142791990 code [0x0000000142791b40, 0x0000000142791e88]
Event: 180.407 Thread 0x0000000131909a00 39297       2       org.jetbrains.org.objectweb.asm.ClassReader::readBootstrapMethodsAttribute (134 bytes)
Event: 180.408 Thread 0x0000000131909a00 nmethod 39297 0x000000014337b490 code [0x000000014337b700, 0x000000014337bd48]
Event: 180.438 Thread 0x0000000131909400 nmethod 39227 0x0000000148bffb10 code [0x0000000148c00180, 0x0000000148c03d90]
Event: 180.438 Thread 0x0000000131909400 39263       4       java.util.LinkedHashMap::keysToArray (38 bytes)
Event: 180.439 Thread 0x0000000131909400 nmethod 39263 0x000000014887fd90 code [0x000000014887ff40, 0x0000000148880390]
Event: 180.439 Thread 0x0000000131909400 39328       4       org.jetbrains.org.objectweb.asm.ClassReader::readMethod (1061 bytes)
Event: 180.554 Thread 0x0000000131909400 nmethod 39328 0x0000000148c05890 code [0x0000000148c06900, 0x0000000148c10b80]
Event: 180.555 Thread 0x0000000131909400 39126 %     4       org.jetbrains.org.objectweb.asm.ClassReader::<init> @ 76 (339 bytes)
Event: 180.560 Thread 0x0000000131909400 nmethod 39126% 0x0000000147d13590 code [0x0000000147d13840, 0x0000000147d14430]
Event: 180.560 Thread 0x0000000131909400 39291       4       org.jetbrains.org.objectweb.asm.ClassReader::getFirstAttributeOffset (136 bytes)
Event: 180.561 Thread 0x0000000131909400 nmethod 39291 0x000000014887f210 code [0x000000014887f400, 0x000000014887f900]
Event: 180.562 Thread 0x0000000131909400 39394       4       org.jetbrains.org.objectweb.asm.ClassReader::<init> (339 bytes)
Event: 180.570 Thread 0x0000000131909400 nmethod 39394 0x00000001489c9a90 code [0x00000001489c9d80, 0x00000001489caf80]
Event: 180.570 Thread 0x0000000131909400 39124       4       org.jetbrains.org.objectweb.asm.ClassReader::readElementValue (1237 bytes)

GC Heap History (20 events):
Event: 176.358 GC heap before
{Heap before GC invocations=112 (full 0):
 garbage-first heap   total 1522688K, used 379451K [0x0000000780000000, 0x0000000800000000)
  region size 1024K, 33 young (33792K), 17 survivors (17408K)
 Metaspace       used 132815K, committed 133824K, reserved 1179648K
  class space    used 17807K, committed 18304K, reserved 1048576K
}
Event: 176.366 GC heap after
{Heap after GC invocations=113 (full 0):
 garbage-first heap   total 1522688K, used 353348K [0x0000000780000000, 0x0000000800000000)
  region size 1024K, 13 young (13312K), 13 survivors (13312K)
 Metaspace       used 132815K, committed 133824K, reserved 1179648K
  class space    used 17807K, committed 18304K, reserved 1048576K
}
Event: 176.367 GC heap before
{Heap before GC invocations=113 (full 0):
 garbage-first heap   total 1522688K, used 355396K [0x0000000780000000, 0x0000000800000000)
  region size 1024K, 14 young (14336K), 13 survivors (13312K)
 Metaspace       used 132817K, committed 133824K, reserved 1179648K
  class space    used 17807K, committed 18304K, reserved 1048576K
}
Event: 176.371 GC heap after
{Heap after GC invocations=114 (full 0):
 garbage-first heap   total 1522688K, used 355614K [0x0000000780000000, 0x0000000800000000)
  region size 1024K, 13 young (13312K), 13 survivors (13312K)
 Metaspace       used 132817K, committed 133824K, reserved 1179648K
  class space    used 17807K, committed 18304K, reserved 1048576K
}
Event: 177.082 GC heap before
{Heap before GC invocations=115 (full 0):
 garbage-first heap   total 1522688K, used 1330462K [0x0000000780000000, 0x0000000800000000)
  region size 1024K, 891 young (912384K), 13 survivors (13312K)
 Metaspace       used 133854K, committed 134848K, reserved 1179648K
  class space    used 17936K, committed 18432K, reserved 1048576K
}
Event: 177.143 GC heap after
{Heap after GC invocations=116 (full 0):
 garbage-first heap   total 1522688K, used 492285K [0x0000000780000000, 0x0000000800000000)
  region size 1024K, 112 young (114688K), 112 survivors (114688K)
 Metaspace       used 133854K, committed 134848K, reserved 1179648K
  class space    used 17936K, committed 18432K, reserved 1048576K
}
Event: 177.144 GC heap before
{Heap before GC invocations=116 (full 0):
 garbage-first heap   total 1522688K, used 493309K [0x0000000780000000, 0x0000000800000000)
  region size 1024K, 114 young (116736K), 112 survivors (114688K)
 Metaspace       used 133854K, committed 134848K, reserved 1179648K
  class space    used 17936K, committed 18432K, reserved 1048576K
}
Event: 177.179 GC heap after
{Heap after GC invocations=117 (full 0):
 garbage-first heap   total 1522688K, used 411900K [0x0000000780000000, 0x0000000800000000)
  region size 1024K, 4 young (4096K), 4 survivors (4096K)
 Metaspace       used 133854K, committed 134848K, reserved 1179648K
  class space    used 17936K, committed 18432K, reserved 1048576K
}
Event: 177.499 GC heap before
{Heap before GC invocations=117 (full 0):
 garbage-first heap   total 1522688K, used 965884K [0x0000000780000000, 0x0000000800000000)
  region size 1024K, 547 young (560128K), 4 survivors (4096K)
 Metaspace       used 136849K, committed 137792K, reserved 1179648K
  class space    used 18218K, committed 18688K, reserved 1048576K
}
Event: 177.513 GC heap after
{Heap after GC invocations=118 (full 0):
 garbage-first heap   total 1522688K, used 426132K [0x0000000780000000, 0x0000000800000000)
  region size 1024K, 20 young (20480K), 20 survivors (20480K)
 Metaspace       used 136849K, committed 137792K, reserved 1179648K
  class space    used 18218K, committed 18688K, reserved 1048576K
}
Event: 177.827 GC heap before
{Heap before GC invocations=119 (full 0):
 garbage-first heap   total 1522688K, used 1187988K [0x0000000780000000, 0x0000000800000000)
  region size 1024K, 776 young (794624K), 20 survivors (20480K)
 Metaspace       used 137051K, committed 137984K, reserved 1179648K
  class space    used 18220K, committed 18688K, reserved 1048576K
}
Event: 177.837 GC heap after
{Heap after GC invocations=120 (full 0):
 garbage-first heap   total 1522688K, used 415996K [0x0000000780000000, 0x0000000800000000)
  region size 1024K, 23 young (23552K), 23 survivors (23552K)
 Metaspace       used 137051K, committed 137984K, reserved 1179648K
  class space    used 18220K, committed 18688K, reserved 1048576K
}
Event: 177.856 GC heap before
{Heap before GC invocations=120 (full 0):
 garbage-first heap   total 1522688K, used 468220K [0x0000000780000000, 0x0000000800000000)
  region size 1024K, 74 young (75776K), 23 survivors (23552K)
 Metaspace       used 137053K, committed 137984K, reserved 1179648K
  class space    used 18220K, committed 18688K, reserved 1048576K
}
Event: 177.863 GC heap after
{Heap after GC invocations=121 (full 0):
 garbage-first heap   total 1753088K, used 393224K [0x0000000780000000, 0x0000000800000000)
  region size 1024K, 4 young (4096K), 4 survivors (4096K)
 Metaspace       used 137053K, committed 137984K, reserved 1179648K
  class space    used 18220K, committed 18688K, reserved 1048576K
}
Event: 177.886 GC heap before
{Heap before GC invocations=121 (full 0):
 garbage-first heap   total 1753088K, used 466952K [0x0000000780000000, 0x0000000800000000)
  region size 1024K, 77 young (78848K), 4 survivors (4096K)
 Metaspace       used 137054K, committed 137984K, reserved 1179648K
  class space    used 18220K, committed 18688K, reserved 1048576K
}
Event: 177.889 GC heap after
{Heap after GC invocations=122 (full 0):
 garbage-first heap   total 1753088K, used 392425K [0x0000000780000000, 0x0000000800000000)
  region size 1024K, 3 young (3072K), 3 survivors (3072K)
 Metaspace       used 137054K, committed 137984K, reserved 1179648K
  class space    used 18220K, committed 18688K, reserved 1048576K
}
Event: 180.263 GC heap before
{Heap before GC invocations=123 (full 0):
 garbage-first heap   total 1753088K, used 1480937K [0x0000000780000000, 0x0000000800000000)
  region size 1024K, 981 young (1004544K), 3 survivors (3072K)
 Metaspace       used 137526K, committed 138496K, reserved 1179648K
  class space    used 18274K, committed 18752K, reserved 1048576K
}
Event: 180.325 GC heap after
{Heap after GC invocations=124 (full 0):
 garbage-first heap   total 1753088K, used 436004K [0x0000000780000000, 0x0000000800000000)
  region size 1024K, 31 young (31744K), 31 survivors (31744K)
 Metaspace       used 137526K, committed 138496K, reserved 1179648K
  class space    used 18274K, committed 18752K, reserved 1048576K
}
Event: 180.348 GC heap before
{Heap before GC invocations=124 (full 0):
 garbage-first heap   total 1753088K, used 492324K [0x0000000780000000, 0x0000000800000000)
  region size 1024K, 85 young (87040K), 31 survivors (31744K)
 Metaspace       used 137526K, committed 138496K, reserved 1179648K
  class space    used 18274K, committed 18752K, reserved 1048576K
}
Event: 180.376 GC heap after
{Heap after GC invocations=125 (full 0):
 garbage-first heap   total 1753088K, used 424121K [0x0000000780000000, 0x0000000800000000)
  region size 1024K, 5 young (5120K), 5 survivors (5120K)
 Metaspace       used 137526K, committed 138496K, reserved 1179648K
  class space    used 18274K, committed 18752K, reserved 1048576K
}

Dll operation events (13 events):
Event: 0.003 Loaded shared library /Users/wattledgnata/Library/Java/JavaVirtualMachines/ms-17.0.14/Contents/Home/lib/libjava.dylib
Event: 0.024 Loaded shared library /Users/wattledgnata/Library/Java/JavaVirtualMachines/ms-17.0.14/Contents/Home/lib/libzip.dylib
Event: 0.025 Loaded shared library /Users/wattledgnata/Library/Java/JavaVirtualMachines/ms-17.0.14/Contents/Home/lib/libinstrument.dylib
Event: 0.026 Loaded shared library /Users/wattledgnata/Library/Java/JavaVirtualMachines/ms-17.0.14/Contents/Home/lib/libnio.dylib
Event: 0.028 Loaded shared library /Users/wattledgnata/Library/Java/JavaVirtualMachines/ms-17.0.14/Contents/Home/lib/libzip.dylib
Event: 0.066 Loaded shared library /Users/wattledgnata/Library/Java/JavaVirtualMachines/ms-17.0.14/Contents/Home/lib/libjimage.dylib
Event: 0.084 Loaded shared library /Users/wattledgnata/Library/Java/JavaVirtualMachines/ms-17.0.14/Contents/Home/lib/libverify.dylib
Event: 0.123 Loaded shared library /Users/wattledgnata/Library/Java/JavaVirtualMachines/ms-17.0.14/Contents/Home/lib/libnet.dylib
Event: 0.127 Loaded shared library /Users/wattledgnata/.gradle/native/c067742578af261105cb4f569cf0c3c89f3d7b1fecec35dd04571415982c5e48/osx-aarch64/libnative-platform.dylib
Event: 0.128 Loaded shared library /Users/wattledgnata/.gradle/native/38dada09dfb8b06ba9b0570ebf7e218e3eb74d4ef43ca46872605cf95ebc2f47/osx-aarch64/libnative-platform-file-events.dylib
Event: 0.437 Loaded shared library /Users/wattledgnata/Library/Java/JavaVirtualMachines/ms-17.0.14/Contents/Home/lib/libmanagement.dylib
Event: 0.438 Loaded shared library /Users/wattledgnata/Library/Java/JavaVirtualMachines/ms-17.0.14/Contents/Home/lib/libmanagement_ext.dylib
Event: 0.504 Loaded shared library /Users/wattledgnata/Library/Java/JavaVirtualMachines/ms-17.0.14/Contents/Home/lib/libextnet.dylib

Deoptimization events (20 events):
Event: 180.202 Thread 0x00000001271adc00 DEOPT PACKING pc=0x000000014823ccc4 sp=0x000000032091ad10
Event: 180.202 Thread 0x00000001271adc00 DEOPT UNPACKING pc=0x000000014757b91c sp=0x000000032091ac90 mode 2
Event: 180.202 Thread 0x00000001271adc00 Uncommon trap: trap_request=0xffffffd6 fr.pc=0x000000014823ccc4 relative=0x0000000000000384
Event: 180.202 Thread 0x00000001271adc00 Uncommon trap: reason=array_check action=maybe_recompile pc=0x000000014823ccc4 method=java.util.LinkedHashMap.keysToArray([Ljava/lang/Object;)[Ljava/lang/Object; @ 25 c2
Event: 180.202 Thread 0x00000001271adc00 DEOPT PACKING pc=0x000000014823ccc4 sp=0x000000032091ad10
Event: 180.202 Thread 0x00000001271adc00 DEOPT UNPACKING pc=0x000000014757b91c sp=0x000000032091ac90 mode 2
Event: 180.202 Thread 0x00000001271adc00 Uncommon trap: trap_request=0xffffffd6 fr.pc=0x000000014823ccc4 relative=0x0000000000000384
Event: 180.202 Thread 0x00000001271adc00 Uncommon trap: reason=array_check action=maybe_recompile pc=0x000000014823ccc4 method=java.util.LinkedHashMap.keysToArray([Ljava/lang/Object;)[Ljava/lang/Object; @ 25 c2
Event: 180.202 Thread 0x00000001271adc00 DEOPT PACKING pc=0x000000014823ccc4 sp=0x000000032091ad10
Event: 180.202 Thread 0x00000001271adc00 DEOPT UNPACKING pc=0x000000014757b91c sp=0x000000032091ac90 mode 2
Event: 180.207 Thread 0x00000001270ed000 Uncommon trap: trap_request=0xffffffbe fr.pc=0x0000000148506a10 relative=0x0000000000000250
Event: 180.207 Thread 0x00000001270ed000 Uncommon trap: reason=profile_predicate action=maybe_recompile pc=0x0000000148506a10 method=java.util.LinkedHashMap.keysToArray([Ljava/lang/Object;)[Ljava/lang/Object; @ 10 c2
Event: 180.207 Thread 0x00000001270ed000 DEOPT PACKING pc=0x0000000148506a10 sp=0x0000000320b26d10
Event: 180.208 Thread 0x00000001270ed000 DEOPT UNPACKING pc=0x000000014757b91c sp=0x0000000320b26c90 mode 2
Event: 180.385 Thread 0x00000001270eca00 DEOPT PACKING pc=0x00000001433bdecc sp=0x0000000320d32bc0
Event: 180.385 Thread 0x00000001270eca00 DEOPT UNPACKING pc=0x000000014757b77c sp=0x0000000320d32850 mode 0
Event: 180.415 Thread 0x000000012004e200 DEOPT PACKING pc=0x00000001433bdecc sp=0x000000031f6aebc0
Event: 180.415 Thread 0x000000012004e200 DEOPT UNPACKING pc=0x000000014757b77c sp=0x000000031f6ae850 mode 0
Event: 180.560 Thread 0x00000001270ed000 DEOPT PACKING pc=0x0000000143451010 sp=0x0000000320b27130
Event: 180.560 Thread 0x00000001270ed000 DEOPT UNPACKING pc=0x000000014757b77c sp=0x0000000320b26dc0 mode 0

Classes loaded (20 events):
Event: 176.330 Loading class java/nio/file/FileTreeIterator
Event: 176.330 Loading class java/nio/file/FileTreeIterator done
Event: 176.334 Loading class java/nio/file/FileTreeWalker$1
Event: 176.334 Loading class java/nio/file/FileTreeWalker$1 done
Event: 176.429 Loading class java/nio/BufferUnderflowException
Event: 176.430 Loading class java/nio/BufferUnderflowException done
Event: 176.738 Loading class java/util/concurrent/ForkJoinTask$AdaptedCallable
Event: 176.738 Loading class java/util/concurrent/ForkJoinTask$AdaptedCallable done
Event: 176.738 Loading class java/util/concurrent/ForkJoinPool$DefaultForkJoinWorkerThreadFactory$1
Event: 176.738 Loading class java/util/concurrent/ForkJoinPool$DefaultForkJoinWorkerThreadFactory$1 done
Event: 176.741 Loading class java/nio/HeapShortBuffer
Event: 176.741 Loading class java/nio/HeapShortBuffer done
Event: 176.746 Loading class java/util/AbstractList$RandomAccessSubList
Event: 176.746 Loading class java/util/AbstractList$RandomAccessSubList done
Event: 178.189 Loading class java/util/IdentityHashMap$EntryIterator
Event: 178.189 Loading class java/util/IdentityHashMap$EntryIterator done
Event: 178.194 Loading class java/util/IdentityHashMap$EntryIterator$Entry
Event: 178.194 Loading class java/util/IdentityHashMap$EntryIterator$Entry done
Event: 180.067 Loading class jdk/internal/reflect/UnsafeQualifiedStaticIntegerFieldAccessorImpl
Event: 180.067 Loading class jdk/internal/reflect/UnsafeQualifiedStaticIntegerFieldAccessorImpl done

Classes unloaded (20 events):
Event: 165.117 Thread 0x0000000131611700 Unloading class 0x0000000602114400 'java/lang/invoke/LambdaForm$DMH+0x0000000602114400'
Event: 165.117 Thread 0x0000000131611700 Unloading class 0x0000000602114800 'java/lang/invoke/LambdaForm$DMH+0x0000000602114800'
Event: 165.117 Thread 0x0000000131611700 Unloading class 0x0000000602090c00 'java/lang/invoke/LambdaForm$DMH+0x0000000602090c00'
Event: 165.117 Thread 0x0000000131611700 Unloading class 0x0000000602090000 'java/lang/invoke/LambdaForm$DMH+0x0000000602090000'
Event: 165.117 Thread 0x0000000131611700 Unloading class 0x0000000602039000 'java/lang/invoke/LambdaForm$DMH+0x0000000602039000'
Event: 165.117 Thread 0x0000000131611700 Unloading class 0x0000000602038c00 'java/lang/invoke/LambdaForm$DMH+0x0000000602038c00'
Event: 165.117 Thread 0x0000000131611700 Unloading class 0x0000000602038800 'java/lang/invoke/LambdaForm$DMH+0x0000000602038800'
Event: 165.117 Thread 0x0000000131611700 Unloading class 0x0000000602038400 'java/lang/invoke/LambdaForm$DMH+0x0000000602038400'
Event: 165.117 Thread 0x0000000131611700 Unloading class 0x0000000601fe8800 'java/lang/invoke/LambdaForm$DMH+0x0000000601fe8800'
Event: 165.117 Thread 0x0000000131611700 Unloading class 0x0000000601fe8400 'java/lang/invoke/LambdaForm$DMH+0x0000000601fe8400'
Event: 165.117 Thread 0x0000000131611700 Unloading class 0x0000000601fca000 'java/lang/invoke/LambdaForm$DMH+0x0000000601fca000'
Event: 165.117 Thread 0x0000000131611700 Unloading class 0x0000000601fc9400 'java/lang/invoke/LambdaForm$DMH+0x0000000601fc9400'
Event: 165.117 Thread 0x0000000131611700 Unloading class 0x0000000601fc8400 'java/lang/invoke/LambdaForm$DMH+0x0000000601fc8400'
Event: 165.117 Thread 0x0000000131611700 Unloading class 0x0000000601fc8000 'java/lang/invoke/LambdaForm$DMH+0x0000000601fc8000'
Event: 165.117 Thread 0x0000000131611700 Unloading class 0x0000000601fc9000 'java/lang/invoke/LambdaForm$DMH+0x0000000601fc9000'
Event: 165.117 Thread 0x0000000131611700 Unloading class 0x0000000601fc9800 'java/lang/invoke/LambdaForm$DMH+0x0000000601fc9800'
Event: 165.117 Thread 0x0000000131611700 Unloading class 0x0000000601fc8c00 'java/lang/invoke/LambdaForm$DMH+0x0000000601fc8c00'
Event: 165.117 Thread 0x0000000131611700 Unloading class 0x0000000601fc9c00 'java/lang/invoke/LambdaForm$DMH+0x0000000601fc9c00'
Event: 177.644 Thread 0x0000000131611700 Unloading class 0x0000000602210800 'java/lang/invoke/LambdaForm$DMH+0x0000000602210800'
Event: 177.644 Thread 0x0000000131611700 Unloading class 0x0000000602210400 'java/lang/invoke/LambdaForm$DMH+0x0000000602210400'

Classes redefined (0 events):
No events

Internal exceptions (20 events):
Event: 176.601 Thread 0x000000012578b200 Exception <a 'sun/nio/fs/UnixException'{0x00000007ca9bdb78}> (0x00000007ca9bdb78) 
thrown [src/hotspot/share/prims/jni.cpp, line 516]
Event: 176.602 Thread 0x00000001173f4600 Exception <a 'sun/nio/fs/UnixException'{0x00000007c9f00d88}> (0x00000007c9f00d88) 
thrown [src/hotspot/share/prims/jni.cpp, line 516]
Event: 176.604 Thread 0x0000000127161a00 Exception <a 'sun/nio/fs/UnixException'{0x00000007ca026b70}> (0x00000007ca026b70) 
thrown [src/hotspot/share/prims/jni.cpp, line 516]
Event: 176.606 Thread 0x0000000127926e00 Exception <a 'sun/nio/fs/UnixException'{0x00000007c9ddf510}> (0x00000007c9ddf510) 
thrown [src/hotspot/share/prims/jni.cpp, line 516]
Event: 176.611 Thread 0x000000012578b200 Exception <a 'sun/nio/fs/UnixException'{0x00000007c9a937d8}> (0x00000007c9a937d8) 
thrown [src/hotspot/share/prims/jni.cpp, line 516]
Event: 176.614 Thread 0x0000000124893e00 Exception <a 'sun/nio/fs/UnixException'{0x00000007c9bd44d8}> (0x00000007c9bd44d8) 
thrown [src/hotspot/share/prims/jni.cpp, line 516]
Event: 176.618 Thread 0x000000012578b200 Exception <a 'sun/nio/fs/UnixException'{0x00000007c9029948}> (0x00000007c9029948) 
thrown [src/hotspot/share/prims/jni.cpp, line 516]
Event: 176.618 Thread 0x0000000127926e00 Exception <a 'sun/nio/fs/UnixException'{0x00000007c93b73b0}> (0x00000007c93b73b0) 
thrown [src/hotspot/share/prims/jni.cpp, line 516]
Event: 176.621 Thread 0x0000000124893e00 Exception <a 'sun/nio/fs/UnixException'{0x00000007c8ad8af8}> (0x00000007c8ad8af8) 
thrown [src/hotspot/share/prims/jni.cpp, line 516]
Event: 176.625 Thread 0x000000012578b200 Exception <a 'sun/nio/fs/UnixException'{0x00000007c83203c8}> (0x00000007c83203c8) 
thrown [src/hotspot/share/prims/jni.cpp, line 516]
Event: 176.625 Thread 0x0000000127926e00 Exception <a 'sun/nio/fs/UnixException'{0x00000007c841d238}> (0x00000007c841d238) 
thrown [src/hotspot/share/prims/jni.cpp, line 516]
Event: 176.625 Thread 0x0000000124809800 Exception <a 'sun/nio/fs/UnixException'{0x00000007c84e0120}> (0x00000007c84e0120) 
thrown [src/hotspot/share/prims/jni.cpp, line 516]
Event: 176.630 Thread 0x0000000124893800 Exception <a 'sun/nio/fs/UnixException'{0x00000007c7a16038}> (0x00000007c7a16038) 
thrown [src/hotspot/share/prims/jni.cpp, line 516]
Event: 176.630 Thread 0x0000000124893e00 Exception <a 'sun/nio/fs/UnixException'{0x00000007c80c5448}> (0x00000007c80c5448) 
thrown [src/hotspot/share/prims/jni.cpp, line 516]
Event: 176.740 Thread 0x000000013288aa00 Exception <a 'java/lang/NoSuchMethodError'{0x00000007bfac34e0}: 'long java.lang.invoke.DirectMethodHandle$Holder.invokeStatic(java.lang.Object, java.lang.Object, java.lang.Object)'> (0x00000007bfac34e0) 
thrown [src/hotspot/share/interpreter/linkResolver.cpp, line 759]
Event: 176.740 Thread 0x000000013288b000 Exception <a 'java/lang/NoSuchMethodError'{0x00000007bf82a1a8}: 'long java.lang.invoke.DirectMethodHandle$Holder.invokeStatic(java.lang.Object, java.lang.Object, java.lang.Object)'> (0x00000007bf82a1a8) 
thrown [src/hotspot/share/interpreter/linkResolver.cpp, line 759]
Event: 176.740 Thread 0x0000000121fc7c00 Exception <a 'java/lang/NoSuchMethodError'{0x00000007bf8a9660}: 'long java.lang.invoke.DirectMethodHandle$Holder.invokeStatic(java.lang.Object, java.lang.Object, java.lang.Object)'> (0x00000007bf8a9660) 
thrown [src/hotspot/share/interpreter/linkResolver.cpp, line 759]
Event: 178.507 Thread 0x0000000124958a00 Exception <a 'sun/nio/fs/UnixException'{0x00000007cfc8d068}> (0x00000007cfc8d068) 
thrown [src/hotspot/share/prims/jni.cpp, line 516]
Event: 178.746 Thread 0x00000001320b2200 Exception <a 'sun/nio/fs/UnixException'{0x00000007cc1dec20}> (0x00000007cc1dec20) 
thrown [src/hotspot/share/prims/jni.cpp, line 516]
Event: 180.074 Thread 0x00000001173f4600 Exception <a 'java/lang/NoSuchMethodError'{0x00000007c9f99cc8}: static Lorg/jetbrains/kotlin/gradle/internal/kapt/incremental/ClasspathEntryData;.<clinit>()V> (0x00000007c9f99cc8) 
thrown [src/hotspot/share/prims/jni.cpp, line 1112]

VM Operations (20 events):
Event: 178.188 Executing VM operation: HandshakeAllThreads
Event: 178.188 Executing VM operation: HandshakeAllThreads done
Event: 178.189 Executing VM operation: HandshakeAllThreads
Event: 178.189 Executing VM operation: HandshakeAllThreads done
Event: 178.285 Executing VM operation: ICBufferFull
Event: 178.285 Executing VM operation: ICBufferFull done
Event: 178.386 Executing VM operation: ICBufferFull
Event: 178.386 Executing VM operation: ICBufferFull done
Event: 178.526 Executing VM operation: ICBufferFull
Event: 178.526 Executing VM operation: ICBufferFull done
Event: 179.529 Executing VM operation: Cleanup
Event: 179.529 Executing VM operation: Cleanup done
Event: 180.095 Executing VM operation: ICBufferFull
Event: 180.095 Executing VM operation: ICBufferFull done
Event: 180.206 Executing VM operation: HandshakeAllThreads
Event: 180.206 Executing VM operation: HandshakeAllThreads done
Event: 180.263 Executing VM operation: G1CollectForAllocation
Event: 180.325 Executing VM operation: G1CollectForAllocation done
Event: 180.348 Executing VM operation: G1CollectForAllocation
Event: 180.376 Executing VM operation: G1CollectForAllocation done

Memory protections (20 events):
Event: 176.738 Protecting memory [0x0000000325b08000,0x0000000325b14000] with protection modes 0
Event: 176.738 Protecting memory [0x0000000325d14000,0x0000000325d20000] with protection modes 0
Event: 176.738 Protecting memory [0x0000000326804000,0x0000000326810000] with protection modes 0
Event: 176.738 Protecting memory [0x0000000326a10000,0x0000000326a1c000] with protection modes 0
Event: 176.739 Protecting memory [0x0000000326c1c000,0x0000000326c28000] with protection modes 0
Event: 176.739 Protecting memory [0x0000000326e28000,0x0000000326e34000] with protection modes 0
Event: 176.739 Protecting memory [0x0000000327034000,0x0000000327040000] with protection modes 0
Event: 176.739 Protecting memory [0x0000000327240000,0x000000032724c000] with protection modes 0
Event: 176.739 Protecting memory [0x000000032744c000,0x0000000327458000] with protection modes 0
Event: 176.739 Protecting memory [0x0000000327658000,0x0000000327664000] with protection modes 0
Event: 178.759 Protecting memory [0x000000032744c000,0x0000000327458000] with protection modes 3
Event: 178.759 Protecting memory [0x0000000327658000,0x0000000327664000] with protection modes 3
Event: 178.759 Protecting memory [0x0000000326e28000,0x0000000326e34000] with protection modes 3
Event: 178.759 Protecting memory [0x0000000327034000,0x0000000327040000] with protection modes 3
Event: 178.759 Protecting memory [0x0000000325b08000,0x0000000325b14000] with protection modes 3
Event: 178.759 Protecting memory [0x0000000326a10000,0x0000000326a1c000] with protection modes 3
Event: 178.759 Protecting memory [0x0000000327240000,0x000000032724c000] with protection modes 3
Event: 178.759 Protecting memory [0x0000000326c1c000,0x0000000326c28000] with protection modes 3
Event: 178.759 Protecting memory [0x0000000326804000,0x0000000326810000] with protection modes 3
Event: 178.759 Protecting memory [0x0000000325d14000,0x0000000325d20000] with protection modes 3

Nmethod flushes (20 events):
Event: 177.794 Thread 0x0000000131917800 flushing  nmethod 0x0000000143415990
Event: 177.794 Thread 0x0000000131917800 flushing  nmethod 0x0000000143421a10
Event: 177.794 Thread 0x0000000131917800 flushing  nmethod 0x0000000143422010
Event: 177.794 Thread 0x0000000131917800 flushing  nmethod 0x0000000143422b10
Event: 177.794 Thread 0x0000000131917800 flushing  nmethod 0x0000000143424810
Event: 177.794 Thread 0x0000000131917800 flushing  nmethod 0x0000000143425210
Event: 177.794 Thread 0x0000000131917800 flushing  nmethod 0x000000014342c910
Event: 177.794 Thread 0x0000000131917800 flushing  nmethod 0x0000000143435190
Event: 177.794 Thread 0x0000000131917800 flushing  nmethod 0x0000000143436490
Event: 177.794 Thread 0x0000000131917800 flushing  nmethod 0x0000000143437810
Event: 177.794 Thread 0x0000000131917800 flushing  nmethod 0x0000000143437f10
Event: 177.794 Thread 0x0000000131917800 flushing  nmethod 0x000000014343d790
Event: 177.794 Thread 0x0000000131917800 flushing  nmethod 0x0000000143444d90
Event: 177.794 Thread 0x0000000131917800 flushing  nmethod 0x0000000143445c10
Event: 177.794 Thread 0x0000000131917800 flushing  nmethod 0x0000000143446090
Event: 177.794 Thread 0x0000000131917800 flushing  nmethod 0x0000000143446790
Event: 177.794 Thread 0x0000000131917800 flushing  nmethod 0x0000000143447890
Event: 177.794 Thread 0x0000000131917800 flushing  nmethod 0x0000000143448690
Event: 177.794 Thread 0x0000000131917800 flushing  nmethod 0x0000000143458390
Event: 177.795 Thread 0x0000000131917800 flushing  nmethod 0x000000014350d310

Events (20 events):
Event: 176.738 Thread 0x0000000120ca3400 Thread added: 0x00000001326ce400
Event: 176.738 Thread 0x00000001326ce400 Thread added: 0x00000001320b2200
Event: 176.738 Thread 0x00000001320b2200 Thread added: 0x0000000124958a00
Event: 176.738 Thread 0x0000000124958a00 Thread added: 0x000000013288aa00
Event: 176.739 Thread 0x000000013288aa00 Thread added: 0x000000012007f800
Event: 176.739 Thread 0x000000012007f800 Thread added: 0x0000000121f68200
Event: 176.739 Thread 0x0000000121f68200 Thread added: 0x000000013288b000
Event: 176.739 Thread 0x000000013288b000 Thread added: 0x0000000121fc7c00
Event: 176.739 Thread 0x0000000121fc7c00 Thread added: 0x00000001270ec400
Event: 176.739 Thread 0x00000001270ec400 Thread added: 0x0000000131a95a00
Event: 178.759 Thread 0x00000001270ec400 Thread exited: 0x00000001270ec400
Event: 178.759 Thread 0x000000012007f800 Thread exited: 0x000000012007f800
Event: 178.759 Thread 0x000000013288b000 Thread exited: 0x000000013288b000
Event: 178.759 Thread 0x000000013288aa00 Thread exited: 0x000000013288aa00
Event: 178.759 Thread 0x0000000124958a00 Thread exited: 0x0000000124958a00
Event: 178.759 Thread 0x00000001326ce400 Thread exited: 0x00000001326ce400
Event: 178.759 Thread 0x0000000131a95a00 Thread exited: 0x0000000131a95a00
Event: 178.759 Thread 0x0000000121f68200 Thread exited: 0x0000000121f68200
Event: 178.759 Thread 0x00000001320b2200 Thread exited: 0x00000001320b2200
Event: 178.759 Thread 0x0000000121fc7c00 Thread exited: 0x0000000121fc7c00


Dynamic libraries:
0x0000000102da0000 	/Users/wattledgnata/Library/Java/JavaVirtualMachines/ms-17.0.14/Contents/Home/lib/libjli.dylib
0x00000001a6952000 	/System/Library/Frameworks/Cocoa.framework/Versions/A/Cocoa
0x000000018be9b000 	/System/Library/Frameworks/AppKit.framework/Versions/C/AppKit
0x000000018f4e4000 	/System/Library/Frameworks/CoreData.framework/Versions/A/CoreData
0x000000018929b000 	/System/Library/Frameworks/Foundation.framework/Versions/C/Foundation
0x0000000197423000 	/usr/lib/libSystem.B.dylib
0x000000018d5cb000 	/System/Library/PrivateFrameworks/UIFoundation.framework/Versions/A/UIFoundation
0x000000023deaf000 	/System/Library/PrivateFrameworks/CollectionViewCore.framework/Versions/A/CollectionViewCore
0x00000001947ef000 	/System/Library/PrivateFrameworks/XCTTargetBootstrap.framework/Versions/A/XCTTargetBootstrap
0x0000000199da0000 	/System/Library/PrivateFrameworks/InternationalSupport.framework/Versions/A/InternationalSupport
0x000000019a0fa000 	/System/Library/PrivateFrameworks/UserActivity.framework/Versions/A/UserActivity
0x000000018fb74000 	/System/Library/PrivateFrameworks/BaseBoard.framework/Versions/A/BaseBoard
0x0000000246653000 	/System/Library/PrivateFrameworks/FrontBoard.framework/Versions/A/FrontBoard
0x00000001a17a6000 	/System/Library/PrivateFrameworks/FrontBoardServices.framework/Versions/A/FrontBoardServices
0x0000000281ed0000 	/usr/lib/libRosetta.dylib
0x00000002757d5000 	/System/Library/PrivateFrameworks/UIIntelligenceSupport.framework/Versions/A/UIIntelligenceSupport
0x0000000232e52000 	/System/Library/Frameworks/SwiftUICore.framework/Versions/A/SwiftUICore
0x000000027bd4f000 	/System/Library/PrivateFrameworks/WritingTools.framework/Versions/A/WritingTools
0x000000027aba5000 	/System/Library/PrivateFrameworks/WindowManagement.framework/Versions/A/WindowManagement
0x0000000188efa000 	/System/Library/Frameworks/SystemConfiguration.framework/Versions/A/SystemConfiguration
0x00000001990bd000 	/usr/lib/libspindump.dylib
0x000000018d786000 	/System/Library/Frameworks/UniformTypeIdentifiers.framework/Versions/A/UniformTypeIdentifiers
0x00000001966ce000 	/usr/lib/libbsm.0.dylib
0x0000000191efc000 	/usr/lib/libapp_launch_measurement.dylib
0x0000000191202000 	/System/Library/PrivateFrameworks/CoreAnalytics.framework/Versions/A/CoreAnalytics
0x0000000191f00000 	/System/Library/PrivateFrameworks/CoreAutoLayout.framework/Versions/A/CoreAutoLayout
0x0000000193d3a000 	/System/Library/Frameworks/Metal.framework/Versions/A/Metal
0x000000019513a000 	/usr/lib/liblangid.dylib
0x00000001947f5000 	/System/Library/PrivateFrameworks/CoreSVG.framework/Versions/A/CoreSVG
0x000000018e1e7000 	/System/Library/PrivateFrameworks/SkyLight.framework/Versions/A/SkyLight
0x000000024638c000 	/System/Library/PrivateFrameworks/FocusEngine.framework/Versions/A/FocusEngine
0x000000018e780000 	/System/Library/Frameworks/CoreGraphics.framework/Versions/A/CoreGraphics
0x0000000243f9b000 	/System/Library/PrivateFrameworks/DesignLibrary.framework/Versions/A/DesignLibrary
0x000000019fa6c000 	/System/Library/Frameworks/Accelerate.framework/Versions/A/Accelerate
0x0000000198eb3000 	/System/Library/PrivateFrameworks/IconServices.framework/Versions/A/IconServices
0x0000000193d12000 	/System/Library/Frameworks/IOSurface.framework/Versions/A/IOSurface
0x0000000191232000 	/usr/lib/libDiagnosticMessagesClient.dylib
0x000000019736c000 	/usr/lib/libz.1.dylib
0x00000001a3d8f000 	/System/Library/Frameworks/ApplicationServices.framework/Versions/A/ApplicationServices
0x00000001947da000 	/System/Library/PrivateFrameworks/DFRFoundation.framework/Versions/A/DFRFoundation
0x000000018b6ea000 	/usr/lib/libicucore.A.dylib
0x000000019b336000 	/System/Library/Frameworks/AudioToolbox.framework/Versions/A/AudioToolbox
0x000000019a0a8000 	/System/Library/PrivateFrameworks/DataDetectorsCore.framework/Versions/A/DataDetectorsCore
0x00000002763bb000 	/System/Library/PrivateFrameworks/UpdateCycle.framework/Versions/A/UpdateCycle
0x00000001b7f60000 	/System/Library/PrivateFrameworks/TextInput.framework/Versions/A/TextInput
0x000000018e129000 	/usr/lib/libMobileGestalt.dylib
0x00000001944d6000 	/System/Library/Frameworks/Carbon.framework/Versions/A/Frameworks/HIToolbox.framework/Versions/A/HIToolbox
0x0000000191767000 	/System/Library/Frameworks/QuartzCore.framework/Versions/A/QuartzCore
0x000000018b2c5000 	/System/Library/Frameworks/Security.framework/Versions/A/Security
0x000000019f3eb000 	/System/Library/Frameworks/Carbon.framework/Versions/A/Frameworks/SpeechRecognition.framework/Versions/A/SpeechRecognition
0x0000000191bcb000 	/System/Library/PrivateFrameworks/CoreUI.framework/Versions/A/CoreUI
0x000000018ab19000 	/System/Library/Frameworks/CoreAudio.framework/Versions/A/CoreAudio
0x0000000191326000 	/System/Library/Frameworks/DiskArbitration.framework/Versions/A/DiskArbitration
0x000000019957a000 	/System/Library/PrivateFrameworks/MultitouchSupport.framework/Versions/A/MultitouchSupport
0x000000018e127000 	/usr/lib/libenergytrace.dylib
0x00000001ab48d000 	/System/Library/PrivateFrameworks/RenderBox.framework/Versions/A/RenderBox
0x000000018bd42000 	/System/Library/Frameworks/IOKit.framework/Versions/A/IOKit
0x000000019f7f5000 	/System/Library/Frameworks/CoreServices.framework/Versions/A/CoreServices
0x0000000191e8d000 	/System/Library/PrivateFrameworks/PerformanceAnalysis.framework/Versions/A/PerformanceAnalysis
0x00000001edbe8000 	/System/Library/Frameworks/OpenGL.framework/Versions/A/OpenGL
0x0000000191f4a000 	/usr/lib/libxml2.2.dylib
0x00000001965af000 	/System/Library/PrivateFrameworks/MobileKeyBag.framework/Versions/A/MobileKeyBag
0x00000001875b4000 	/usr/lib/libobjc.A.dylib
0x0000000187918000 	/usr/lib/libc++.1.dylib
0x000000019f772000 	/System/Library/Frameworks/Accessibility.framework/Versions/A/Accessibility
0x000000018eeda000 	/System/Library/Frameworks/ColorSync.framework/Versions/A/ColorSync
0x0000000187a49000 	/System/Library/Frameworks/CoreFoundation.framework/Versions/A/CoreFoundation
0x0000000194b7c000 	/System/Library/Frameworks/CoreImage.framework/Versions/A/CoreImage
0x000000018a8ec000 	/System/Library/Frameworks/CoreText.framework/Versions/A/CoreText
0x000000022d439000 	/System/Library/Frameworks/CoreTransferable.framework/Versions/A/CoreTransferable
0x000000022d975000 	/System/Library/Frameworks/DataDetection.framework/Versions/A/DataDetection
0x000000022d98a000 	/System/Library/Frameworks/DeveloperToolsSupport.framework/Versions/A/DeveloperToolsSupport
0x0000000194833000 	/System/Library/Frameworks/ImageIO.framework/Versions/A/ImageIO
0x0000000233dc7000 	/System/Library/Frameworks/Symbols.framework/Versions/A/Symbols
0x00000001bd134000 	/System/Library/PrivateFrameworks/AttributeGraph.framework/Versions/A/AttributeGraph
0x00000001a1885000 	/System/Library/PrivateFrameworks/BoardServices.framework/Versions/A/BoardServices
0x00000001e17c9000 	/System/Library/PrivateFrameworks/FeatureFlags.framework/Versions/A/FeatureFlags
0x000000024f573000 	/System/Library/PrivateFrameworks/Gestures.framework/Versions/A/Gestures
0x0000000197428000 	/System/Library/PrivateFrameworks/SoftLinking.framework/Versions/A/SoftLinking
0x00000001cb935000 	/usr/lib/swift/libswiftAccelerate.dylib
0x00000001c1e17000 	/usr/lib/swift/libswiftCompression.dylib
0x000000019ac9e000 	/usr/lib/swift/libswiftCore.dylib
0x00000001b4244000 	/usr/lib/swift/libswiftCoreFoundation.dylib
0x00000001b429d000 	/usr/lib/swift/libswiftCoreImage.dylib
0x00000001a1521000 	/usr/lib/swift/libswiftDispatch.dylib
0x00000001b429e000 	/usr/lib/swift/libswiftIOKit.dylib
0x00000001c1e0a000 	/usr/lib/swift/libswiftMetal.dylib
0x00000001d1118000 	/usr/lib/swift/libswiftOSLog.dylib
0x00000001a43df000 	/usr/lib/swift/libswiftObjectiveC.dylib
0x000000028310e000 	/usr/lib/swift/libswiftObservation.dylib
0x00000001c70cd000 	/usr/lib/swift/libswiftQuartzCore.dylib
0x000000028324d000 	/usr/lib/swift/libswiftSynchronization.dylib
0x00000001cb926000 	/usr/lib/swift/libswiftUniformTypeIdentifiers.dylib
0x00000001b4256000 	/usr/lib/swift/libswiftXPC.dylib
0x0000000283287000 	/usr/lib/swift/libswift_Builtin_float.dylib
0x000000028328a000 	/usr/lib/swift/libswift_Concurrency.dylib
0x00000001a43e3000 	/usr/lib/swift/libswiftos.dylib
0x00000001b7cf5000 	/usr/lib/swift/libswiftsimd.dylib
0x000000019764f000 	/usr/lib/libcompression.dylib
0x0000000199d00000 	/System/Library/PrivateFrameworks/TextureIO.framework/Versions/A/TextureIO
0x000000018f086000 	/System/Library/Frameworks/ApplicationServices.framework/Versions/A/Frameworks/HIServices.framework/Versions/A/HIServices
0x0000000198b3c000 	/usr/lib/libate.dylib
0x000000019741d000 	/usr/lib/system/libcache.dylib
0x00000001973d8000 	/usr/lib/system/libcommonCrypto.dylib
0x0000000197403000 	/usr/lib/system/libcompiler_rt.dylib
0x00000001973f8000 	/usr/lib/system/libcopyfile.dylib
0x0000000187752000 	/usr/lib/system/libcorecrypto.dylib
0x000000018784b000 	/usr/lib/system/libdispatch.dylib
0x0000000187608000 	/usr/lib/system/libdyld.dylib
0x0000000197413000 	/usr/lib/system/libkeymgr.dylib
0x00000001973bb000 	/usr/lib/system/libmacho.dylib
0x00000001966a6000 	/usr/lib/system/libquarantine.dylib
0x0000000197410000 	/usr/lib/system/libremovefile.dylib
0x000000018e1aa000 	/usr/lib/system/libsystem_asl.dylib
0x00000001876d8000 	/usr/lib/system/libsystem_blocks.dylib
0x0000000187895000 	/usr/lib/system/libsystem_c.dylib
0x0000000197407000 	/usr/lib/system/libsystem_collections.dylib
0x0000000195127000 	/usr/lib/system/libsystem_configuration.dylib
0x0000000193cd9000 	/usr/lib/system/libsystem_containermanager.dylib
0x0000000196e29000 	/usr/lib/system/libsystem_coreservices.dylib
0x000000018b9bc000 	/usr/lib/system/libsystem_darwin.dylib
0x00000002835dd000 	/usr/lib/system/libsystem_darwindirectory.dylib
0x0000000197414000 	/usr/lib/system/libsystem_dnssd.dylib
0x00000002835e1000 	/usr/lib/system/libsystem_eligibility.dylib
0x0000000187892000 	/usr/lib/system/libsystem_featureflags.dylib
0x0000000187a19000 	/usr/lib/system/libsystem_info.dylib
0x000000019737c000 	/usr/lib/system/libsystem_m.dylib
0x00000001877ff000 	/usr/lib/system/libsystem_malloc.dylib
0x000000018e10c000 	/usr/lib/system/libsystem_networkextension.dylib
0x000000018be2d000 	/usr/lib/system/libsystem_notify.dylib
0x000000019512c000 	/usr/lib/system/libsystem_sandbox.dylib
0x00000002835eb000 	/usr/lib/system/libsystem_sanitizers.dylib
0x000000019740c000 	/usr/lib/system/libsystem_secinit.dylib
0x00000001879c6000 	/usr/lib/system/libsystem_kernel.dylib
0x0000000187a10000 	/usr/lib/system/libsystem_platform.dylib
0x0000000187a03000 	/usr/lib/system/libsystem_pthread.dylib
0x000000018fd57000 	/usr/lib/system/libsystem_symptoms.dylib
0x0000000187731000 	/usr/lib/system/libsystem_trace.dylib
0x00000002835f3000 	/usr/lib/system/libsystem_trial.dylib
0x00000001973e6000 	/usr/lib/system/libunwind.dylib
0x00000001876dc000 	/usr/lib/system/libxpc.dylib
0x00000001879ab000 	/usr/lib/libc++abi.dylib
0x0000000282e1e000 	/usr/lib/libswiftPrespecialized.dylib
0x0000000197425000 	/usr/lib/libfakelink.dylib
0x000000018dd50000 	/System/Library/Frameworks/CFNetwork.framework/Versions/A/CFNetwork
0x0000000197479000 	/usr/lib/libarchive.2.dylib
0x000000019d500000 	/System/Library/Frameworks/Combine.framework/Versions/A/Combine
0x000000023ded4000 	/System/Library/PrivateFrameworks/CollectionsInternal.framework/Versions/A/CollectionsInternal
0x0000000264a0f000 	/System/Library/PrivateFrameworks/ReflectionInternal.framework/Versions/A/ReflectionInternal
0x000000026589b000 	/System/Library/PrivateFrameworks/RuntimeInternal.framework/Versions/A/RuntimeInternal
0x00000001b10fe000 	/usr/lib/swift/libswiftDarwin.dylib
0x0000000283255000 	/usr/lib/swift/libswiftSystem.dylib
0x0000000283314000 	/usr/lib/swift/libswift_DarwinFoundation1.dylib
0x00000002833f5000 	/usr/lib/swift/libswift_StringProcessing.dylib
0x000000018bcc1000 	/System/Library/PrivateFrameworks/CoreServicesInternal.framework/Versions/A/CoreServicesInternal
0x00000001973f0000 	/usr/lib/liboah.dylib
0x00000001a382d000 	/System/Library/PrivateFrameworks/DiskImages.framework/Versions/A/DiskImages
0x00000001b0bc1000 	/System/Library/Frameworks/NetFS.framework/Versions/A/NetFS
0x0000000191ec4000 	/System/Library/Frameworks/CoreServices.framework/Versions/A/Frameworks/FSEvents.framework/Versions/A/FSEvents
0x000000018b9c7000 	/System/Library/Frameworks/CoreServices.framework/Versions/A/Frameworks/CarbonCore.framework/Versions/A/CarbonCore
0x000000019129a000 	/System/Library/Frameworks/CoreServices.framework/Versions/A/Frameworks/Metadata.framework/Versions/A/Metadata
0x0000000196e30000 	/System/Library/Frameworks/CoreServices.framework/Versions/A/Frameworks/OSServices.framework/Versions/A/OSServices
0x0000000197571000 	/System/Library/Frameworks/CoreServices.framework/Versions/A/Frameworks/SearchKit.framework/Versions/A/SearchKit
0x000000018fcd1000 	/System/Library/Frameworks/CoreServices.framework/Versions/A/Frameworks/AE.framework/Versions/A/AE
0x0000000187f92000 	/System/Library/Frameworks/CoreServices.framework/Versions/A/Frameworks/LaunchServices.framework/Versions/A/LaunchServices
0x0000000198992000 	/System/Library/Frameworks/CoreServices.framework/Versions/A/Frameworks/DictionaryServices.framework/Versions/A/DictionaryServices
0x0000000191ed2000 	/System/Library/Frameworks/CoreServices.framework/Versions/A/Frameworks/SharedFileList.framework/Versions/A/SharedFileList
0x0000000197606000 	/usr/lib/libapple_nghttp2.dylib
0x000000018f8eb000 	/usr/lib/libsqlite3.dylib
0x00000001a3a75000 	/System/Library/PrivateFrameworks/AppSupport.framework/Versions/A/AppSupport
0x000000019b9cf000 	/System/Library/Frameworks/GSS.framework/Versions/A/GSS
0x000000018fc65000 	/System/Library/PrivateFrameworks/RunningBoardServices.framework/Versions/A/RunningBoardServices
0x00000001a436d000 	/System/Library/PrivateFrameworks/StreamingZip.framework/Versions/A/StreamingZip
0x000000018fd60000 	/System/Library/Frameworks/Network.framework/Versions/A/Network
0x00000001973bf000 	/usr/lib/system/libkxld.dylib
0x000000023977e000 	/System/Library/PrivateFrameworks/AppleKeyStore.framework/Versions/A/AppleKeyStore
0x0000000281bb4000 	/usr/lib/libCoreEntitlements.dylib
0x000000025a96a000 	/System/Library/PrivateFrameworks/MessageSecurity.framework/Versions/A/MessageSecurity
0x000000018f8cf000 	/System/Library/PrivateFrameworks/ProtocolBuffer.framework/Versions/A/ProtocolBuffer
0x00000001a0927000 	/System/Library/PrivateFrameworks/SymptomDiagnosticReporter.framework/Versions/A/SymptomDiagnosticReporter
0x0000000198bd6000 	/System/Library/PrivateFrameworks/CrashReporterSupport.framework/Versions/A/CrashReporterSupport
0x0000000196e10000 	/System/Library/PrivateFrameworks/AppleFSCompression.framework/Versions/A/AppleFSCompression
0x00000001966b6000 	/usr/lib/libcoretls.dylib
0x0000000198a09000 	/usr/lib/libcoretls_cfhelpers.dylib
0x0000000197648000 	/usr/lib/libpam.2.dylib
0x0000000198a7b000 	/usr/lib/libxar.1.dylib
0x0000000198a0b000 	/System/Library/PrivateFrameworks/APFS.framework/Versions/A/APFS
0x00000002702c7000 	/System/Library/PrivateFrameworks/SwiftASN1Internal.framework/Versions/A/SwiftASN1Internal
0x0000000198a8a000 	/usr/lib/libutil.dylib
0x0000000195135000 	/System/Library/PrivateFrameworks/AppleSystemInfo.framework/Versions/A/AppleSystemInfo
0x000000019639e000 	/System/Library/PrivateFrameworks/IOMobileFramebuffer.framework/Versions/A/IOMobileFramebuffer
0x00000001b410a000 	/System/Library/PrivateFrameworks/LoggingSupport.framework/Versions/A/LoggingSupport
0x000000019ba32000 	/System/Library/PrivateFrameworks/MobileAsset.framework/Versions/A/MobileAsset
0x00000001a0937000 	/System/Library/PrivateFrameworks/PowerLog.framework/Versions/A/PowerLog
0x0000000232cf0000 	/System/Library/Frameworks/SwiftData.framework/Versions/A/SwiftData
0x00000001920f6000 	/System/Library/PrivateFrameworks/UserManagement.framework/Versions/A/UserManagement
0x000000018dc7b000 	/usr/lib/libboringssl.dylib
0x000000018fd45000 	/usr/lib/libdns_services.dylib
0x00000001b3143000 	/usr/lib/libquic.dylib
0x000000019ac2e000 	/usr/lib/libusrtcp.dylib
0x000000023a571000 	/System/Library/PrivateFrameworks/AtomicsInternal.framework/Versions/A/AtomicsInternal
0x00000001d9950000 	/System/Library/PrivateFrameworks/InternalSwiftProtobuf.framework/Versions/A/InternalSwiftProtobuf
0x00000002830e5000 	/usr/lib/swift/libswiftDistributed.dylib
0x0000000195133000 	/System/Library/PrivateFrameworks/AggregateDictionary.framework/Versions/A/AggregateDictionary
0x000000023ad01000 	/System/Library/PrivateFrameworks/BiomeLibrary.framework/Versions/A/BiomeLibrary
0x00000001c2dde000 	/System/Library/PrivateFrameworks/BiomeStreams.framework/Versions/A/BiomeStreams
0x00000001bf015000 	/System/Library/PrivateFrameworks/BiomeFoundation.framework/Versions/A/BiomeFoundation
0x00000001c8e92000 	/System/Library/PrivateFrameworks/BiomePubSub.framework/Versions/A/BiomePubSub
0x00000001a5391000 	/System/Library/PrivateFrameworks/ProactiveSupport.framework/Versions/A/ProactiveSupport
0x00000001989ea000 	/usr/lib/liblzma.5.dylib
0x00000001a3d90000 	/System/Library/PrivateFrameworks/InternationalTextSearch.framework/Versions/A/InternationalTextSearch
0x00000001bb532000 	/System/Library/PrivateFrameworks/SoftwareUpdateCoreSupport.framework/Versions/A/SoftwareUpdateCoreSupport
0x00000001c3860000 	/System/Library/PrivateFrameworks/SoftwareUpdateCoreConnect.framework/Versions/A/SoftwareUpdateCoreConnect
0x00000001a392b000 	/System/Library/PrivateFrameworks/RemoteServiceDiscovery.framework/Versions/A/RemoteServiceDiscovery
0x00000001bb129000 	/System/Library/PrivateFrameworks/MSUDataAccessor.framework/Versions/A/MSUDataAccessor
0x00000001b6262000 	/usr/lib/libbootpolicy.dylib
0x00000001a3942000 	/System/Library/PrivateFrameworks/RemoteXPC.framework/Versions/A/RemoteXPC
0x00000001c2caa000 	/usr/lib/libFDR.dylib
0x00000001c8ab3000 	/usr/lib/libamsupport.dylib
0x0000000281ec8000 	/usr/lib/libReverseProxyDevice.dylib
0x00000002390d8000 	/System/Library/PrivateFrameworks/AppleDeviceQuerySupport.framework/Versions/A/AppleDeviceQuerySupport
0x00000001cbb35000 	/usr/lib/libpartition2_dynamic.dylib
0x00000001975e2000 	/System/Library/PrivateFrameworks/AppleSauce.framework/Versions/A/AppleSauce
0x0000000281a55000 	/usr/lib/libAppleArchive.dylib
0x0000000196e1c000 	/usr/lib/libbz2.1.0.dylib
0x0000000191330000 	/System/Library/Frameworks/Accelerate.framework/Versions/A/Frameworks/vImage.framework/Versions/A/vImage
0x000000019f7cf000 	/System/Library/Frameworks/Accelerate.framework/Versions/A/Frameworks/vecLib.framework/Versions/A/vecLib
0x0000000198ac1000 	/System/Library/Frameworks/Accelerate.framework/Versions/A/Frameworks/vecLib.framework/Versions/A/libvMisc.dylib
0x0000000188492000 	/System/Library/Frameworks/Accelerate.framework/Versions/A/Frameworks/vecLib.framework/Versions/A/libBLAS.dylib
0x0000000192031000 	/System/Library/Frameworks/CoreVideo.framework/Versions/A/CoreVideo
0x000000019b5d7000 	/System/Library/Frameworks/ApplicationServices.framework/Versions/A/Frameworks/ATS.framework/Versions/A/ATS
0x0000000199c89000 	/System/Library/Frameworks/ApplicationServices.framework/Versions/A/Frameworks/PrintCore.framework/Versions/A/PrintCore
0x000000019b998000 	/System/Library/Frameworks/ApplicationServices.framework/Versions/A/Frameworks/QD.framework/Versions/A/QD
0x000000019b993000 	/System/Library/Frameworks/ApplicationServices.framework/Versions/A/Frameworks/ColorSyncLegacy.framework/Versions/A/ColorSyncLegacy
0x000000019b5a9000 	/System/Library/Frameworks/ApplicationServices.framework/Versions/A/Frameworks/SpeechSynthesis.framework/Versions/A/SpeechSynthesis
0x0000000194204000 	/System/Library/PrivateFrameworks/FontServices.framework/libFontParser.dylib
0x00000001a3651000 	/System/Library/PrivateFrameworks/BackBoardServices.framework/Versions/A/BackBoardServices
0x000000023ac1d000 	/System/Library/PrivateFrameworks/BackBoardHIDEventFoundation.framework/Versions/A/BackBoardHIDEventFoundation
0x000000018a3fd000 	/System/Library/Frameworks/CoreDisplay.framework/Versions/A/CoreDisplay
0x00000001995c0000 	/System/Library/Frameworks/VideoToolbox.framework/Versions/A/VideoToolbox
0x0000000197646000 	/System/Library/Frameworks/MetalPerformanceShaders.framework/Versions/A/MetalPerformanceShaders
0x0000000263aec000 	/System/Library/PrivateFrameworks/ProDisplayLibrary.framework/Versions/A/ProDisplayLibrary
0x00000001a741b000 	/System/Library/PrivateFrameworks/IOSurfaceAccelerator.framework/Versions/A/IOSurfaceAccelerator
0x0000000193d2f000 	/System/Library/PrivateFrameworks/IOAccelerator.framework/Versions/A/IOAccelerator
0x0000000194047000 	/System/Library/Frameworks/CoreMedia.framework/Versions/A/CoreMedia
0x000000018e1c2000 	/System/Library/PrivateFrameworks/TCC.framework/Versions/A/TCC
0x0000000199578000 	/System/Library/PrivateFrameworks/WatchdogClient.framework/Versions/A/WatchdogClient
0x00000001c8ef0000 	/System/Library/PrivateFrameworks/BiomeStorage.framework/Versions/A/BiomeStorage
0x0000000255512000 	/System/Library/PrivateFrameworks/IntelligencePlatformLibrary.framework/Versions/A/IntelligencePlatformLibrary
0x0000000262df9000 	/System/Library/PrivateFrameworks/PoirotSchematizer.framework/Versions/A/PoirotSchematizer
0x000000023b546000 	/System/Library/PrivateFrameworks/BiomeSync.framework/Versions/A/BiomeSync
0x000000023ace7000 	/System/Library/PrivateFrameworks/BiomeDSL.framework/Versions/A/BiomeDSL
0x0000000262e63000 	/System/Library/PrivateFrameworks/PoirotUDFs.framework/Versions/A/PoirotUDFs
0x0000000262dc8000 	/System/Library/PrivateFrameworks/PoirotSQLite.framework/Versions/A/PoirotSQLite
0x00000001a1da2000 	/System/Library/PrivateFrameworks/CoreTime.framework/Versions/A/CoreTime
0x000000019745e000 	/usr/lib/libiconv.2.dylib
0x00000001973ba000 	/usr/lib/libcharset.1.dylib
0x0000000283355000 	/usr/lib/swift/libswift_RegexParser.dylib
0x000000023cb4f000 	/System/Library/PrivateFrameworks/CascadeSets.framework/Versions/A/CascadeSets
0x000000019bb9f000 	/System/Library/PrivateFrameworks/CorePhoneNumbers.framework/Versions/A/CorePhoneNumbers
0x0000000199442000 	/System/Library/PrivateFrameworks/AppleJPEG.framework/Versions/A/AppleJPEG
0x0000000198e2e000 	/usr/lib/libexpat.1.dylib
0x0000000199b5c000 	/System/Library/Frameworks/ImageIO.framework/Versions/A/Resources/libPng.dylib
0x0000000199b88000 	/System/Library/Frameworks/ImageIO.framework/Versions/A/Resources/libTIFF.dylib
0x0000000199c72000 	/System/Library/Frameworks/ImageIO.framework/Versions/A/Resources/libGIF.dylib
0x0000000199487000 	/System/Library/Frameworks/ImageIO.framework/Versions/A/Resources/libJP2.dylib
0x0000000199c18000 	/System/Library/Frameworks/ImageIO.framework/Versions/A/Resources/libJPEG.dylib
0x0000000199c0f000 	/System/Library/Frameworks/ImageIO.framework/Versions/A/Resources/libRadiance.dylib
0x000000024bd3a000 	/System/Library/PrivateFrameworks/GPUCompiler.framework/Versions/32023/Libraries/libllvm-flatbuffers.dylib
0x0000000246646000 	/System/Library/PrivateFrameworks/FramePacing.framework/Versions/A/FramePacing
0x00000001edbda000 	/System/Library/Frameworks/OpenGL.framework/Versions/A/Libraries/libCoreFSCache.dylib
0x0000000247787000 	/System/Library/PrivateFrameworks/GPUCompiler.framework/Versions/32023/Libraries/libGPUCompilerUtils.dylib
0x00000001a1952000 	/System/Library/PrivateFrameworks/GraphicsServices.framework/Versions/A/GraphicsServices
0x00000001a551d000 	/System/Library/PrivateFrameworks/ASEProcessing.framework/Versions/A/ASEProcessing
0x00000001d516c000 	/System/Library/PrivateFrameworks/Symbolication.framework/Versions/A/Symbolication
0x00000002629e9000 	/System/Library/PrivateFrameworks/PhotosensitivityProcessing.framework/Versions/A/PhotosensitivityProcessing
0x000000019905f000 	/System/Library/PrivateFrameworks/GraphVisualizer.framework/Versions/A/GraphVisualizer
0x00000001edc39000 	/System/Library/Frameworks/OpenGL.framework/Versions/A/Libraries/libGLU.dylib
0x00000001edbfc000 	/System/Library/Frameworks/OpenGL.framework/Versions/A/Libraries/libGFXShared.dylib
0x000000022bd10000 	/System/Library/Frameworks/OpenGL.framework/Versions/A/Libraries/libGL.dylib
0x00000001edc05000 	/System/Library/Frameworks/OpenGL.framework/Versions/A/Libraries/libGLImage.dylib
0x00000001edbf9000 	/System/Library/Frameworks/OpenGL.framework/Versions/A/Libraries/libCVMSPluginSupport.dylib
0x00000001edbe2000 	/System/Library/Frameworks/OpenGL.framework/Versions/A/Libraries/libCoreVMClient.dylib
0x0000000246551000 	/System/Library/PrivateFrameworks/FontServices.framework/Versions/A/FontServices
0x000000019906f000 	/System/Library/PrivateFrameworks/OTSVG.framework/Versions/A/OTSVG
0x0000000191b78000 	/System/Library/Frameworks/ApplicationServices.framework/Versions/A/Frameworks/ATS.framework/Versions/A/Resources/libFontRegistry.dylib
0x00000002823d8000 	/usr/lib/libhvf.dylib
0x000000025f81e000 	/System/Library/PrivateFrameworks/ParsingInternal.framework/Versions/A/ParsingInternal
0x0000000246555000 	/System/Library/PrivateFrameworks/FontServices.framework/libXTFontStaticRegistryData.dylib
0x0000000195074000 	/System/Library/Frameworks/MetalPerformanceShaders.framework/Versions/A/Frameworks/MPSCore.framework/Versions/A/MPSCore
0x0000000196d7b000 	/System/Library/Frameworks/MetalPerformanceShaders.framework/Versions/A/Frameworks/MPSImage.framework/Versions/A/MPSImage
0x0000000196759000 	/System/Library/Frameworks/MetalPerformanceShaders.framework/Versions/A/Frameworks/MPSNeuralNetwork.framework/Versions/A/MPSNeuralNetwork
0x0000000196b91000 	/System/Library/Frameworks/MetalPerformanceShaders.framework/Versions/A/Frameworks/MPSMatrix.framework/Versions/A/MPSMatrix
0x00000001969a6000 	/System/Library/Frameworks/MetalPerformanceShaders.framework/Versions/A/Frameworks/MPSRayIntersector.framework/Versions/A/MPSRayIntersector
0x0000000196bc3000 	/System/Library/Frameworks/MetalPerformanceShaders.framework/Versions/A/Frameworks/MPSNDArray.framework/Versions/A/MPSNDArray
0x000000022fcb4000 	/System/Library/Frameworks/MetalPerformanceShaders.framework/Versions/A/Frameworks/MPSFunctions.framework/Versions/A/MPSFunctions
0x000000022fc95000 	/System/Library/Frameworks/MetalPerformanceShaders.framework/Versions/A/Frameworks/MPSBenchmarkLoop.framework/Versions/A/MPSBenchmarkLoop
0x00000001882ad000 	/System/Library/PrivateFrameworks/MetalTools.framework/Versions/A/MetalTools
0x00000001b939a000 	/System/Library/PrivateFrameworks/IOAccelMemoryInfo.framework/Versions/A/IOAccelMemoryInfo
0x00000001c74c3000 	/System/Library/PrivateFrameworks/kperf.framework/Versions/A/kperf
0x00000001b4220000 	/System/Library/PrivateFrameworks/GPURawCounter.framework/Versions/A/GPURawCounter
0x00000001a1c8b000 	/System/Library/PrivateFrameworks/CoreSymbolication.framework/Versions/A/CoreSymbolication
0x00000001b4197000 	/System/Library/PrivateFrameworks/MallocStackLogging.framework/Versions/A/MallocStackLogging
0x00000001a1c68000 	/System/Library/PrivateFrameworks/DebugSymbols.framework/Versions/A/DebugSymbols
0x00000001c5d2c000 	/System/Library/PrivateFrameworks/OSAnalytics.framework/Versions/A/OSAnalytics
0x000000024444d000 	/System/Library/PrivateFrameworks/DeviceRecovery.framework/Versions/A/DeviceRecovery
0x000000022dacf000 	/System/Library/Frameworks/ExtensionFoundation.framework/Versions/A/ExtensionFoundation
0x00000001990b0000 	/System/Library/PrivateFrameworks/AppServerSupport.framework/Versions/A/AppServerSupport
0x0000000198d2d000 	/System/Library/PrivateFrameworks/PlugInKit.framework/Versions/A/PlugInKit
0x00000001965c7000 	/System/Library/PrivateFrameworks/AssertionServices.framework/Versions/A/AssertionServices
0x0000000198e53000 	/System/Library/PrivateFrameworks/IconFoundation.framework/Versions/A/IconFoundation
0x0000000252416000 	/System/Library/PrivateFrameworks/IconRendering.framework/Versions/A/IconRendering
0x0000000265a4c000 	/System/Library/PrivateFrameworks/SFSymbols.framework/Versions/A/SFSymbols
0x000000018a521000 	/System/Library/PrivateFrameworks/AudioToolboxCore.framework/Versions/A/AudioToolboxCore
0x000000019b511000 	/System/Library/PrivateFrameworks/AudioSession.framework/Versions/A/AudioSession
0x00000001a6765000 	/System/Library/Frameworks/CoreMIDI.framework/Versions/A/CoreMIDI
0x000000019b590000 	/usr/lib/libAudioStatistics.dylib
0x000000019401e000 	/System/Library/PrivateFrameworks/caulk.framework/Versions/A/caulk
0x0000000199b36000 	/usr/lib/libAudioToolboxUtility.dylib
0x00000001b4224000 	/usr/lib/swift/libswiftCoreAudio.dylib
0x00000001ba98b000 	/usr/lib/swift/libswiftCoreMIDI.dylib
0x000000019b9a1000 	/System/Library/PrivateFrameworks/perfdata.framework/Versions/A/perfdata
0x00000001b3241000 	/System/Library/PrivateFrameworks/SystemPolicy.framework/Versions/A/SystemPolicy
0x000000019b846000 	/usr/lib/libSMC.dylib
0x000000019b9af000 	/usr/lib/libperfcheck.dylib
0x000000023a631000 	/System/Library/PrivateFrameworks/AudioAnalytics.framework/Versions/A/AudioAnalytics
0x0000000283318000 	/usr/lib/swift/libswift_DarwinFoundation2.dylib
0x0000000283319000 	/usr/lib/swift/libswift_DarwinFoundation3.dylib
0x00000001d9651000 	/System/Library/Frameworks/OSLog.framework/Versions/A/OSLog
0x00000001b41c9000 	/usr/lib/libmis.dylib
0x0000000198f70000 	/System/Library/PrivateFrameworks/MediaExperience.framework/Versions/A/MediaExperience
0x000000019b2df000 	/System/Library/PrivateFrameworks/AudioSession.framework/libSessionUtility.dylib
0x0000000199c78000 	/System/Library/PrivateFrameworks/CMCaptureCore.framework/Versions/A/CMCaptureCore
0x00000001a0816000 	/System/Library/Frameworks/CoreBluetooth.framework/Versions/A/CoreBluetooth
0x0000000196433000 	/System/Library/PrivateFrameworks/CoreUtils.framework/Versions/A/CoreUtils
0x00000001ac1b3000 	/System/Library/PrivateFrameworks/HID.framework/Versions/A/HID
0x000000024384f000 	/System/Library/PrivateFrameworks/CoreUtilsExtras.framework/Versions/A/CoreUtilsExtras
0x0000000252378000 	/System/Library/PrivateFrameworks/IO80211.framework/Versions/A/IO80211
0x000000019d259000 	/System/Library/Frameworks/IOBluetooth.framework/Versions/A/IOBluetooth
0x000000023a21f000 	/System/Library/PrivateFrameworks/ArgumentParserInternal.framework/Versions/A/ArgumentParserInternal
0x0000000198bcd000 	/usr/lib/libIOReport.dylib
0x00000001965d6000 	/System/Library/Frameworks/SecurityFoundation.framework/Versions/A/SecurityFoundation
0x0000000188c71000 	/System/Library/PrivateFrameworks/Lexicon.framework/Versions/A/Lexicon
0x0000000196741000 	/usr/lib/libgermantok.dylib
0x000000019525e000 	/System/Library/PrivateFrameworks/LinguisticData.framework/Versions/A/LinguisticData
0x00000001a0a29000 	/System/Library/PrivateFrameworks/MediaKit.framework/Versions/A/MediaKit
0x00000001a0974000 	/System/Library/Frameworks/DiscRecording.framework/Versions/A/DiscRecording
0x0000000198e49000 	/usr/lib/libheimdal-asn1.dylib
0x00000001a4343000 	/System/Library/Frameworks/AudioUnit.framework/Versions/A/AudioUnit
0x0000000191e97000 	/System/Library/Frameworks/OpenDirectory.framework/Versions/A/OpenDirectory
0x0000000191ea5000 	/System/Library/Frameworks/OpenDirectory.framework/Versions/A/Frameworks/CFOpenDirectory.framework/Versions/A/CFOpenDirectory
0x000000022c094000 	/System/Library/Frameworks/AVFAudio.framework/Versions/A/AVFAudio
0x00000001ad17d000 	/usr/lib/libAccessibility.dylib
0x00000002560a6000 	/System/Library/PrivateFrameworks/IsolatedCoreAudioClient.framework/Versions/A/IsolatedCoreAudioClient
0x00000001cf972000 	/usr/lib/swift/libswiftCoreMedia.dylib
0x000000027386f000 	/System/Library/PrivateFrameworks/Tightbeam.framework/Versions/A/Tightbeam
0x000000023f75f000 	/System/Library/PrivateFrameworks/CoreAudioOrchestration.framework/Versions/A/CoreAudioOrchestration
0x00000001cc081000 	/System/Library/PrivateFrameworks/AFKUser.framework/Versions/A/AFKUser
0x000000019fabc000 	/System/Library/Frameworks/MediaAccessibility.framework/Versions/A/MediaAccessibility
0x0000000277a5b000 	/System/Library/PrivateFrameworks/VideoToolboxParavirtualizationSupport.framework/Versions/A/VideoToolboxParavirtualizationSupport
0x0000000198de5000 	/System/Library/PrivateFrameworks/AppleVA.framework/Versions/A/AppleVA
0x0000000199c0a000 	/System/Library/PrivateFrameworks/GPUWrangler.framework/Versions/A/GPUWrangler
0x0000000199bea000 	/System/Library/PrivateFrameworks/IOPresentment.framework/Versions/A/IOPresentment
0x0000000199c12000 	/System/Library/PrivateFrameworks/DSExternalDisplay.framework/Versions/A/DSExternalDisplay
0x000000023a076000 	/System/Library/PrivateFrameworks/AppleMobileFileIntegrity.framework/Versions/A/AppleMobileFileIntegrity
0x0000000281f55000 	/usr/lib/libTLE.dylib
0x00000001ea919000 	/System/Library/PrivateFrameworks/ConfigProfileHelper.framework/Versions/A/ConfigProfileHelper
0x00000001df739000 	/usr/lib/libedit.3.dylib
0x0000000257627000 	/System/Library/PrivateFrameworks/MIL.framework/Versions/A/MIL
0x00000001b935d000 	/usr/lib/libncurses.5.4.dylib
0x0000000196368000 	/System/Library/PrivateFrameworks/CoreEmoji.framework/Versions/A/CoreEmoji
0x0000000188f8e000 	/usr/lib/libCRFSuite.dylib
0x000000019513c000 	/System/Library/PrivateFrameworks/CoreNLP.framework/Versions/A/CoreNLP
0x00000001966e0000 	/usr/lib/libmecab.dylib
0x00000001975d9000 	/usr/lib/libThaiTokenizer.dylib
0x00000001d9b10000 	/System/Library/PrivateFrameworks/HIDDisplay.framework/Versions/A/HIDDisplay
0x0000000199c44000 	/System/Library/Frameworks/ApplicationServices.framework/Versions/A/Frameworks/ATSUI.framework/Versions/A/ATSUI
0x000000019b927000 	/usr/lib/libcups.2.dylib
0x000000019b9bd000 	/System/Library/Frameworks/Kerberos.framework/Versions/A/Kerberos
0x000000019b61f000 	/usr/lib/libresolv.9.dylib
0x00000001990c4000 	/System/Library/PrivateFrameworks/Heimdal.framework/Versions/A/Heimdal
0x00000001a4342000 	/System/Library/Frameworks/Kerberos.framework/Versions/A/Libraries/libHeimdalProxy.dylib
0x000000019ba21000 	/System/Library/PrivateFrameworks/CommonAuth.framework/Versions/A/CommonAuth
0x00000001ad078000 	/System/Library/PrivateFrameworks/AXCoreUtilities.framework/Versions/A/AXCoreUtilities
0x000000028196f000 	/usr/lib/libAXSafeCategoryBundle.dylib
0x000000019624d000 	/System/Library/Frameworks/Accelerate.framework/Versions/A/Frameworks/vecLib.framework/Versions/A/libvDSP.dylib
0x0000000197726000 	/System/Library/Frameworks/Accelerate.framework/Versions/A/Frameworks/vecLib.framework/Versions/A/libLAPACK.dylib
0x0000000196744000 	/System/Library/Frameworks/Accelerate.framework/Versions/A/Frameworks/vecLib.framework/Versions/A/libLinearAlgebra.dylib
0x000000019761f000 	/System/Library/Frameworks/Accelerate.framework/Versions/A/Frameworks/vecLib.framework/Versions/A/libSparseBLAS.dylib
0x0000000197721000 	/System/Library/Frameworks/Accelerate.framework/Versions/A/Frameworks/vecLib.framework/Versions/A/libQuadrature.dylib
0x0000000195265000 	/System/Library/Frameworks/Accelerate.framework/Versions/A/Frameworks/vecLib.framework/Versions/A/libBNNS.dylib
0x0000000188d87000 	/System/Library/Frameworks/Accelerate.framework/Versions/A/Frameworks/vecLib.framework/Versions/A/libSparse.dylib
0x000000019b986000 	/System/Library/PrivateFrameworks/NetAuth.framework/Versions/A/NetAuth
0x00000001920b5000 	/System/Library/PrivateFrameworks/login.framework/Versions/A/Frameworks/loginsupport.framework/Versions/A/loginsupport
0x00000001966aa000 	/usr/lib/libCheckFix.dylib
0x0000000191234000 	/System/Library/PrivateFrameworks/MetadataUtilities.framework/Versions/A/MetadataUtilities
0x0000000252e31000 	/System/Library/PrivateFrameworks/InstalledContentLibrary.framework/Versions/A/InstalledContentLibrary
0x000000018bd02000 	/System/Library/PrivateFrameworks/CoreServicesStore.framework/Versions/A/CoreServicesStore
0x00000001c75ca000 	/System/Library/PrivateFrameworks/MobileSystemServices.framework/Versions/A/MobileSystemServices
0x0000000198a8e000 	/usr/lib/libxslt.1.dylib
0x0000000196669000 	/System/Library/PrivateFrameworks/BackgroundTaskManagement.framework/Versions/A/BackgroundTaskManagement
0x00000001a39ed000 	/usr/lib/libcurl.4.dylib
0x000000028218e000 	/usr/lib/libcrypto.46.dylib
0x0000000282dab000 	/usr/lib/libssl.48.dylib
0x00000001a36c3000 	/System/Library/Frameworks/LDAP.framework/Versions/A/LDAP
0x00000001a36ff000 	/System/Library/PrivateFrameworks/TrustEvaluationAgent.framework/Versions/A/TrustEvaluationAgent
0x000000019b63c000 	/usr/lib/libsasl2.2.dylib
0x00000001b10fd000 	/usr/lib/swift/libswiftCoreGraphics.dylib
0x00000001a01b8000 	/usr/lib/swift/libswiftFoundation.dylib
0x00000001ea2d6000 	/usr/lib/swift/libswiftSwiftOnoneSupport.dylib
0x000000028348a000 	/usr/lib/swift/libswiftsys_time.dylib
0x00000001d5929000 	/System/Library/PrivateFrameworks/CoreMaterial.framework/Versions/A/CoreMaterial
0x00000002831d0000 	/usr/lib/swift/libswiftSpatial.dylib
0x0000000281f52000 	/usr/lib/libSpatial.dylib
0x000000028188d000 	/System/Library/SubFrameworks/UIUtilities.framework/Versions/A/UIUtilities
0x0000000104258000 	/Users/wattledgnata/Library/Java/JavaVirtualMachines/ms-17.0.14/Contents/Home/lib/server/libjvm.dylib
0x0000000102e0c000 	/Users/wattledgnata/Library/Java/JavaVirtualMachines/ms-17.0.14/Contents/Home/lib/libjimage.dylib
0x0000000102e40000 	/Users/wattledgnata/Library/Java/JavaVirtualMachines/ms-17.0.14/Contents/Home/lib/libinstrument.dylib
0x0000000102e94000 	/Users/wattledgnata/Library/Java/JavaVirtualMachines/ms-17.0.14/Contents/Home/lib/libjava.dylib
0x0000000103198000 	/Users/wattledgnata/Library/Java/JavaVirtualMachines/ms-17.0.14/Contents/Home/lib/libzip.dylib
0x000000010316c000 	/Users/wattledgnata/Library/Java/JavaVirtualMachines/ms-17.0.14/Contents/Home/lib/libnio.dylib
0x0000000104050000 	/Users/wattledgnata/Library/Java/JavaVirtualMachines/ms-17.0.14/Contents/Home/lib/libnet.dylib
0x0000000104028000 	/Users/wattledgnata/Library/Java/JavaVirtualMachines/ms-17.0.14/Contents/Home/lib/libverify.dylib
0x0000000102e80000 	/Users/wattledgnata/.gradle/native/c067742578af261105cb4f569cf0c3c89f3d7b1fecec35dd04571415982c5e48/osx-aarch64/libnative-platform.dylib
0x0000000112d74000 	/Users/wattledgnata/.gradle/native/38dada09dfb8b06ba9b0570ebf7e218e3eb74d4ef43ca46872605cf95ebc2f47/osx-aarch64/libnative-platform-file-events.dylib
0x0000000104090000 	/Users/wattledgnata/Library/Java/JavaVirtualMachines/ms-17.0.14/Contents/Home/lib/libmanagement.dylib
0x00000001040a8000 	/Users/wattledgnata/Library/Java/JavaVirtualMachines/ms-17.0.14/Contents/Home/lib/libmanagement_ext.dylib
0x00000001040c0000 	/Users/wattledgnata/Library/Java/JavaVirtualMachines/ms-17.0.14/Contents/Home/lib/libextnet.dylib


VM Arguments:
jvm_args: --add-opens=java.base/java.util=ALL-UNNAMED --add-opens=java.base/java.lang=ALL-UNNAMED --add-opens=java.base/java.lang.invoke=ALL-UNNAMED --add-opens=java.prefs/java.util.prefs=ALL-UNNAMED --add-opens=java.base/java.nio.charset=ALL-UNNAMED --add-opens=java.base/java.net=ALL-UNNAMED --add-opens=java.base/java.util.concurrent.atomic=ALL-UNNAMED -Xmx2048m -Dfile.encoding=UTF-8 -Duser.country=CN -Duser.language=zh -Duser.variant -javaagent:/Users/wattledgnata/.gradle/wrapper/dists/gradle-8.7-bin/bhs2wmbdwecv87pi65oeuq5iu/gradle-8.7/lib/agents/gradle-instrumentation-agent-8.7.jar 
java_command: org.gradle.launcher.daemon.bootstrap.GradleDaemon 8.7
java_class_path (initial): /Users/wattledgnata/.gradle/wrapper/dists/gradle-8.7-bin/bhs2wmbdwecv87pi65oeuq5iu/gradle-8.7/lib/gradle-launcher-8.7.jar
Launcher Type: SUN_STANDARD

[Global flags]
     intx CICompilerCount                          = 4                                         {product} {ergonomic}
     uint ConcGCThreads                            = 2                                         {product} {ergonomic}
     uint G1ConcRefinementThreads                  = 9                                         {product} {ergonomic}
   size_t G1HeapRegionSize                         = 1048576                                   {product} {ergonomic}
    uintx GCDrainStackTargetSize                   = 64                                        {product} {ergonomic}
   size_t InitialHeapSize                          = 268435456                                 {product} {ergonomic}
   size_t MarkStackSize                            = 4194304                                   {product} {ergonomic}
   size_t MaxHeapSize                              = 2147483648                                {product} {command line}
   size_t MaxNewSize                               = 1287651328                                {product} {ergonomic}
   size_t MinHeapDeltaBytes                        = 1048576                                   {product} {ergonomic}
   size_t MinHeapSize                              = 8388608                                   {product} {ergonomic}
    uintx NonNMethodCodeHeapSize                   = 5839564                                {pd product} {ergonomic}
    uintx NonProfiledCodeHeapSize                  = 122909338                              {pd product} {ergonomic}
    uintx ProfiledCodeHeapSize                     = 122909338                              {pd product} {ergonomic}
    uintx ReservedCodeCacheSize                    = 251658240                              {pd product} {ergonomic}
     bool SegmentedCodeCache                       = true                                      {product} {ergonomic}
   size_t SoftMaxHeapSize                          = 2147483648                             {manageable} {ergonomic}
     bool UseCompressedClassPointers               = true                           {product lp64_product} {ergonomic}
     bool UseCompressedOops                        = true                           {product lp64_product} {ergonomic}
     bool UseG1GC                                  = true                                      {product} {ergonomic}
     bool UseNUMA                                  = false                                     {product} {ergonomic}
     bool UseNUMAInterleaving                      = false                                     {product} {ergonomic}

Logging:
Log output configuration:
 #0: stdout all=warning uptime,level,tags
 #1: stderr all=off uptime,level,tags

Environment Variables:
PATH=/Users/wattledgnata/.local/share/zinit/polaris/bin:/Users/wattledgnata/.local/bin:/opt/homebrew/bin:/opt/homebrew/sbin:/usr/local/bin:/System/Cryptexes/App/usr/bin:/usr/bin:/bin:/usr/sbin:/sbin:/var/run/com.apple.security.cryptexd/codex.system/bootstrap/usr/local/bin:/var/run/com.apple.security.cryptexd/codex.system/bootstrap/usr/bin:/var/run/com.apple.security.cryptexd/codex.system/bootstrap/usr/appleinternal/bin:/opt/pmk/env/global/bin:/Applications/iTerm.app/Contents/Resources/utilities:/Users/wattledgnata/Library/Android/sdk/platform-tools
SHELL=/bin/zsh
LANG=zh_CN.UTF-8
TERM=xterm
TMPDIR=/var/folders/gb/7532t7c97b10tv1nw5vkhz9r0000gn/T/

Active Locale:
LC_ALL=zh_CN.UTF-8
LC_COLLATE=zh_CN.UTF-8
LC_CTYPE=zh_CN.UTF-8
LC_MESSAGES=zh_CN.UTF-8
LC_MONETARY=zh_CN.UTF-8
LC_NUMERIC=zh_CN.UTF-8
LC_TIME=zh_CN.UTF-8

Signal Handlers:
   SIGSEGV: crash_handler in libjvm.dylib, mask=11100110000111110111111111111111, flags=SA_RESTART|SA_SIGINFO, unblocked
    SIGBUS: crash_handler in libjvm.dylib, mask=11100110000111110111111111111111, flags=SA_RESTART|SA_SIGINFO, unblocked
    SIGFPE: crash_handler in libjvm.dylib, mask=11100110000111110111111111111111, flags=SA_RESTART|SA_SIGINFO, unblocked
   SIGPIPE: javaSignalHandler in libjvm.dylib, mask=11100110000111110111111111111111, flags=SA_RESTART|SA_SIGINFO, blocked
   SIGXFSZ: javaSignalHandler in libjvm.dylib, mask=11100110000111110111111111111111, flags=SA_RESTART|SA_SIGINFO, blocked
    SIGILL: crash_handler in libjvm.dylib, mask=11100110000111110111111111111111, flags=SA_RESTART|SA_SIGINFO, unblocked
   SIGUSR2: SR_handler in libjvm.dylib, mask=00100000000000000000000000000000, flags=SA_RESTART|SA_SIGINFO, blocked
    SIGHUP: UserHandler in libjvm.dylib, mask=11100110000111110111111111111111, flags=SA_RESTART|SA_SIGINFO, blocked
    SIGINT: UserHandler in libjvm.dylib, mask=11100110000111110111111111111111, flags=SA_RESTART|SA_SIGINFO, blocked
   SIGTERM: UserHandler in libjvm.dylib, mask=11100110000111110111111111111111, flags=SA_RESTART|SA_SIGINFO, blocked
   SIGQUIT: UserHandler in libjvm.dylib, mask=11100110000111110111111111111111, flags=SA_RESTART|SA_SIGINFO, blocked
   SIGTRAP: crash_handler in libjvm.dylib, mask=11100110000111110111111111111111, flags=SA_RESTART|SA_SIGINFO, unblocked


Periodic native trim disabled


---------------  S Y S T E M  ---------------

OS:
uname: Darwin 25.2.0 Darwin Kernel Version 25.2.0: Tue Nov 18 21:08:48 PST 2025; root:xnu-12377.61.12~1/RELEASE_ARM64_T8132 arm64
OS uptime: 0 days 12:29 hours
rlimit (soft/hard): STACK 8176k/65520k , CORE 0k/infinity , NPROC 2666/2666 , NOFILE 1048576/infinity , AS infinity/infinity , CPU infinity/infinity , DATA infinity/infinity , FSIZE infinity/infinity , MEMLOCK infinity/infinity , RSS infinity/infinity
load average: 8.47 5.59 4.93

CPU: total 10 (initial active 10) 0x61:0x0:0x6f5129ac:0, fp, simd, crc, lse
machdep.cpu.brand_string:Apple M4
hw.cachelinesize:128
hw.l1icachesize:131072
hw.l1dcachesize:65536
hw.l2cachesize:4194304

Memory: 16k page, physical 16777216k(112960k free), swap 8388608k(586048k free)

vm_info: OpenJDK 64-Bit Server VM (17.0.14+7-LTS) for bsd-aarch64 JRE (17.0.14+7-LTS), built on Jan  8 2025 23:16:19 by "MicrosoftCorporation" with clang Apple LLVM 12.0.5 (clang-1205.0.22.9)

END.
